origin_id,canonical_name,aliases,geo_type,parent_path,hierarchy_path,source_section,source_line,mapping_status,coordinate_status,coordinate_eligible,in_total_master,in_human_summary,in_existing_origin_master,conflict_flags,source_reference,notes
OMR-6439810B6C,西双版纳傣族自治州,,prefecture_city,云南省,云南省/西双版纳傣族自治州,西双版纳｜易武 / 勐腊,66,需人工确认,HIERARCHY_ONLY,unassessed,no,no,no,,00_Inbox/生普产区微产区层级_origin_microregion_全量版_v5_2026-08-17.md:66,层级工作表节点；不等于购买批次原料已验证；不因本表存在而自动填充 origin_*。
OMR-0EB724AA4F,勐腊县,,county,云南省/西双版纳傣族自治州,云南省/西双版纳傣族自治州/勐腊县,西双版纳｜易武 / 勐腊,67,需人工确认,HIERARCHY_ONLY,unassessed,yes,no,no,,00_Inbox/生普产区微产区层级_origin_microregion_全量版_v5_2026-08-17.md:67,层级工作表节点；不等于购买批次原料已验证；不因本表存在而自动填充 origin_*。
OMR-1B5A79D893,易武镇,,township,云南省/西双版纳傣族自治州/勐腊县,云南省/西双版纳傣族自治州/勐腊县/易武镇,西双版纳｜易武 / 勐腊,69,可自动填充,HIERARCHY_ONLY,unassessed,no,no,yes,,00_Inbox/生普产区微产区层级_origin_microregion_全量版_v5_2026-08-17.md:69,层级工作表节点；不等于购买批次原料已验证；不因本表存在而自动填充 origin_*。
OMR-7E9CD7CAD9,麻黑村委会,,administrative_village,云南省/西双版纳傣族自治州/勐腊县/易武镇,云南省/西双版纳傣族自治州/勐腊县/易武镇/麻黑村委会,西双版纳｜易武 / 勐腊,71,需人工确认,HIERARCHY_ONLY,unassessed,no,no,no,,00_Inbox/生普产区微产区层级_origin_microregion_全量版_v5_2026-08-17.md:71,层级工作表节点；不等于购买批次原料已验证；不因本表存在而自动填充 origin_*。
OMR-899CE5419A,刮风寨,,natural_village,云南省/西双版纳傣族自治州/勐腊县/易武镇/麻黑村委会,云南省/西双版纳傣族自治州/勐腊县/易武镇/麻黑村委会/刮风寨,西双版纳｜易武 / 勐腊,72,可自动填充,HIERARCHY_ONLY,unassessed,yes,yes,yes,,00_Inbox/生普产区微产区层级_origin_microregion_全量版_v5_2026-08-17.md:72,层级工作表节点；不等于购买批次原料已验证；不因本表存在而自动填充 origin_*。
OMR-3AB33E316A,茶王树,,microregion,云南省/西双版纳傣族自治州/勐腊县/易武镇/麻黑村委会/刮风寨,云南省/西双版纳傣族自治州/勐腊县/易武镇/麻黑村委会/刮风寨/茶王树,西双版纳｜易武 / 勐腊,73,需人工确认,HIERARCHY_ONLY,unassessed,yes,yes,yes,,00_Inbox/生普产区微产区层级_origin_microregion_全量版_v5_2026-08-17.md:73,层级工作表节点；不等于购买批次原料已验证；不因本表存在而自动填充 origin_*。
OMR-8CDE6446FA,茶坪,,待人工判定,云南省/西双版纳傣族自治州/勐腊县/易武镇/麻黑村委会/刮风寨,云南省/西双版纳傣族自治州/勐腊县/易武镇/麻黑村委会/刮风寨/茶坪,西双版纳｜易武 / 勐腊,74,需人工确认,HIERARCHY_ONLY,unassessed,yes,yes,yes,,00_Inbox/生普产区微产区层级_origin_microregion_全量版_v5_2026-08-17.md:74,层级工作表节点；不等于购买批次原料已验证；不因本表存在而自动填充 origin_*。
OMR-56833F0B88,白沙河,,待人工判定,云南省/西双版纳傣族自治州/勐腊县/易武镇/麻黑村委会/刮风寨,云南省/西双版纳傣族自治州/勐腊县/易武镇/麻黑村委会/刮风寨/白沙河,西双版纳｜易武 / 勐腊,75,需人工确认,HIERARCHY_ONLY,unassessed,yes,yes,yes,,00_Inbox/生普产区微产区层级_origin_microregion_全量版_v5_2026-08-17.md:75,层级工作表节点；不等于购买批次原料已验证；不因本表存在而自动填充 origin_*。
OMR-63CE3ABCB5,三家村 / 三家寨,,natural_village,云南省/西双版纳傣族自治州/勐腊县/易武镇/麻黑村委会/刮风寨,云南省/西双版纳傣族自治州/勐腊县/易武镇/麻黑村委会/刮风寨/三家村 / 三家寨,西双版纳｜易武 / 勐腊,76,需人工确认,HIERARCHY_ONLY,unassessed,yes,no,no,compound_or_alias_name,00_Inbox/生普产区微产区层级_origin_microregion_全量版_v5_2026-08-17.md:76,层级工作表节点；不等于购买批次原料已验证；不因本表存在而自动填充 origin_*。
OMR-D309411948,冷水河,,待人工判定,云南省/西双版纳傣族自治州/勐腊县/易武镇/麻黑村委会/刮风寨,云南省/西双版纳傣族自治州/勐腊县/易武镇/麻黑村委会/刮风寨/冷水河,西双版纳｜易武 / 勐腊,77,需人工确认,HIERARCHY_ONLY,unassessed,yes,yes,yes,,00_Inbox/生普产区微产区层级_origin_microregion_全量版_v5_2026-08-17.md:77,层级工作表节点；不等于购买批次原料已验证；不因本表存在而自动填充 origin_*。
OMR-0F278F3A89,黑水梁子,,mountain,云南省/西双版纳傣族自治州/勐腊县/易武镇/麻黑村委会/刮风寨,云南省/西双版纳傣族自治州/勐腊县/易武镇/麻黑村委会/刮风寨/黑水梁子,西双版纳｜易武 / 勐腊,78,需人工确认,HIERARCHY_ONLY,unassessed,yes,yes,yes,,00_Inbox/生普产区微产区层级_origin_microregion_全量版_v5_2026-08-17.md:78,层级工作表节点；不等于购买批次原料已验证；不因本表存在而自动填充 origin_*。
OMR-50B91A4F13,龙家坡,,待人工判定,云南省/西双版纳傣族自治州/勐腊县/易武镇/麻黑村委会/刮风寨,云南省/西双版纳傣族自治州/勐腊县/易武镇/麻黑村委会/刮风寨/龙家坡,西双版纳｜易武 / 勐腊,79,需人工确认,CANDIDATE,false,yes,no,yes,raw_status_hint,00_Inbox/生普产区微产区层级_origin_microregion_全量版_v5_2026-08-17.md:79,层级工作表节点；不等于购买批次原料已验证；不因本表存在而自动填充 origin_*。 原文标记：B-候选。
OMR-9BFE322C5B,猎虎山,,mountain,云南省/西双版纳傣族自治州/勐腊县/易武镇/麻黑村委会/刮风寨,云南省/西双版纳傣族自治州/勐腊县/易武镇/麻黑村委会/刮风寨/猎虎山,西双版纳｜易武 / 勐腊,80,需人工确认,HIERARCHY_ONLY,unassessed,yes,no,yes,raw_status_hint,00_Inbox/生普产区微产区层级_origin_microregion_全量版_v5_2026-08-17.md:80,层级工作表节点；不等于购买批次原料已验证；不因本表存在而自动填充 origin_*。 原文标记：近年地块名。
OMR-740F3C80B8,其他低置信地块名,,待人工判定,云南省/西双版纳傣族自治州/勐腊县/易武镇/麻黑村委会/刮风寨,云南省/西双版纳傣族自治州/勐腊县/易武镇/麻黑村委会/刮风寨/其他低置信地块名,西双版纳｜易武 / 勐腊,81,需人工确认,HIERARCHY_ONLY,unassessed,no,no,no,name_unresolved,00_Inbox/生普产区微产区层级_origin_microregion_全量版_v5_2026-08-17.md:81,层级工作表节点；不等于购买批次原料已验证；不因本表存在而自动填充 origin_*。
OMR-A0A6413E05,曼腊村委会,,administrative_village,云南省/西双版纳傣族自治州/勐腊县/易武镇,云南省/西双版纳傣族自治州/勐腊县/易武镇/曼腊村委会,西双版纳｜易武 / 勐腊,83,需人工确认,HIERARCHY_ONLY,unassessed,no,no,no,,00_Inbox/生普产区微产区层级_origin_microregion_全量版_v5_2026-08-17.md:83,层级工作表节点；不等于购买批次原料已验证；不因本表存在而自动填充 origin_*。
OMR-D838C01B88,瑶族丁家寨 / 丁家下寨,,natural_village,云南省/西双版纳傣族自治州/勐腊县/易武镇/曼腊村委会,云南省/西双版纳傣族自治州/勐腊县/易武镇/曼腊村委会/瑶族丁家寨 / 丁家下寨,西双版纳｜易武 / 勐腊,84,需人工确认,HIERARCHY_ONLY,unassessed,no,no,no,compound_or_alias_name,00_Inbox/生普产区微产区层级_origin_microregion_全量版_v5_2026-08-17.md:84,层级工作表节点；不等于购买批次原料已验证；不因本表存在而自动填充 origin_*。
OMR-3DDCF2FDC1,弯弓,,microregion,云南省/西双版纳傣族自治州/勐腊县/易武镇/曼腊村委会/瑶族丁家寨 / 丁家下寨,云南省/西双版纳傣族自治州/勐腊县/易武镇/曼腊村委会/瑶族丁家寨 / 丁家下寨/弯弓,西双版纳｜易武 / 勐腊,85,可自动填充,HIERARCHY_ONLY,unassessed,yes,yes,yes,,00_Inbox/生普产区微产区层级_origin_microregion_全量版_v5_2026-08-17.md:85,层级工作表节点；不等于购买批次原料已验证；不因本表存在而自动填充 origin_*。
OMR-7CFF0BB87A,白茶园,百茶园,microplot,云南省/西双版纳傣族自治州/勐腊县/易武镇/曼腊村委会/瑶族丁家寨 / 丁家下寨,云南省/西双版纳傣族自治州/勐腊县/易武镇/曼腊村委会/瑶族丁家寨 / 丁家下寨/白茶园,西双版纳｜易武 / 勐腊,86,可自动填充,HIERARCHY_ONLY,unassessed,yes,yes,yes,,00_Inbox/生普产区微产区层级_origin_microregion_全量版_v5_2026-08-17.md:86,层级工作表节点；不等于购买批次原料已验证；不因本表存在而自动填充 origin_*。
OMR-A6EF5534C2,杨家寨,,natural_village,云南省/西双版纳傣族自治州/勐腊县/易武镇/曼腊村委会,云南省/西双版纳傣族自治州/勐腊县/易武镇/曼腊村委会/杨家寨,西双版纳｜易武 / 勐腊,89,需人工确认,HIERARCHY_ONLY,unassessed,no,no,no,,00_Inbox/生普产区微产区层级_origin_microregion_全量版_v5_2026-08-17.md:89,层级工作表节点；不等于购买批次原料已验证；不因本表存在而自动填充 origin_*。
OMR-C2FBA96CBB,哆依树,,待人工判定,云南省/西双版纳傣族自治州/勐腊县/易武镇/曼腊村委会/杨家寨,云南省/西双版纳傣族自治州/勐腊县/易武镇/曼腊村委会/杨家寨/哆依树,西双版纳｜易武 / 勐腊,90,可自动填充,HIERARCHY_ONLY,unassessed,yes,yes,yes,,00_Inbox/生普产区微产区层级_origin_microregion_全量版_v5_2026-08-17.md:90,层级工作表节点；不等于购买批次原料已验证；不因本表存在而自动填充 origin_*。
OMR-E939B6230A,帕扎河,,待人工判定,云南省/西双版纳傣族自治州/勐腊县/易武镇/曼腊村委会,云南省/西双版纳傣族自治州/勐腊县/易武镇/曼腊村委会/帕扎河,西双版纳｜易武 / 勐腊,92,需人工确认,HIERARCHY_ONLY,unassessed,no,no,no,,00_Inbox/生普产区微产区层级_origin_microregion_全量版_v5_2026-08-17.md:92,层级工作表节点；不等于购买批次原料已验证；不因本表存在而自动填充 origin_*。
OMR-17F238EC96,薄荷塘,,microregion,云南省/西双版纳傣族自治州/勐腊县/易武镇/曼腊村委会/帕扎河,云南省/西双版纳傣族自治州/勐腊县/易武镇/曼腊村委会/帕扎河/薄荷塘,西双版纳｜易武 / 勐腊,93,可自动填充,HIERARCHY_ONLY,unassessed,yes,yes,yes,,00_Inbox/生普产区微产区层级_origin_microregion_全量版_v5_2026-08-17.md:93,层级工作表节点；不等于购买批次原料已验证；不因本表存在而自动填充 origin_*。
OMR-D06A2BD02B,瑶区瑶族乡,,township,云南省/西双版纳傣族自治州/勐腊县,云南省/西双版纳傣族自治州/勐腊县/瑶区瑶族乡,西双版纳｜易武 / 勐腊,95,需人工确认,HIERARCHY_ONLY,unassessed,no,no,no,,00_Inbox/生普产区微产区层级_origin_microregion_全量版_v5_2026-08-17.md:95,层级工作表节点；不等于购买批次原料已验证；不因本表存在而自动填充 origin_*。
OMR-62B0F73BDD,中山上寨,,natural_village,云南省/西双版纳傣族自治州/勐腊县/瑶区瑶族乡,云南省/西双版纳傣族自治州/勐腊县/瑶区瑶族乡/中山上寨,西双版纳｜易武 / 勐腊,96,需人工确认,HIERARCHY_ONLY,unassessed,no,no,no,,00_Inbox/生普产区微产区层级_origin_microregion_全量版_v5_2026-08-17.md:96,层级工作表节点；不等于购买批次原料已验证；不因本表存在而自动填充 origin_*。
OMR-C59AA5A7A5,中山下寨,,natural_village,云南省/西双版纳傣族自治州/勐腊县/瑶区瑶族乡,云南省/西双版纳傣族自治州/勐腊县/瑶区瑶族乡/中山下寨,西双版纳｜易武 / 勐腊,97,需人工确认,HIERARCHY_ONLY,unassessed,no,no,no,,00_Inbox/生普产区微产区层级_origin_microregion_全量版_v5_2026-08-17.md:97,层级工作表节点；不等于购买批次原料已验证；不因本表存在而自动填充 origin_*。
OMR-1E3CE8B2A6,铜箐河 / 同庆河茶地体系,,待人工判定,云南省/西双版纳傣族自治州/勐腊县/瑶区瑶族乡,云南省/西双版纳傣族自治州/勐腊县/瑶区瑶族乡/铜箐河 / 同庆河茶地体系,西双版纳｜易武 / 勐腊,98,需人工确认,HIERARCHY_ONLY,unassessed,no,no,no,compound_or_alias_name,00_Inbox/生普产区微产区层级_origin_microregion_全量版_v5_2026-08-17.md:98,层级工作表节点；不等于购买批次原料已验证；不因本表存在而自动填充 origin_*。
OMR-48887B451B,勐伴镇,,township,勐腊县,勐腊县/勐伴镇,西双版纳｜勐伴 / 金厂河,117,需人工确认,HIERARCHY_ONLY,unassessed,yes,no,no,,00_Inbox/生普产区微产区层级_origin_microregion_全量版_v5_2026-08-17.md:117,层级工作表节点；不等于购买批次原料已验证；不因本表存在而自动填充 origin_*。
OMR-C404043273,金厂河村,,natural_village,勐腊县/勐伴镇,勐腊县/勐伴镇/金厂河村,西双版纳｜勐伴 / 金厂河,118,可自动填充,HIERARCHY_ONLY,unassessed,yes,no,yes,,00_Inbox/生普产区微产区层级_origin_microregion_全量版_v5_2026-08-17.md:118,层级工作表节点；不等于购买批次原料已验证；不因本表存在而自动填充 origin_*。
OMR-9918E65CD0,桃子山,,mountain,勐腊县/勐伴镇/金厂河村,勐腊县/勐伴镇/金厂河村/桃子山,西双版纳｜勐伴 / 金厂河,119,需人工确认,HIERARCHY_ONLY,unassessed,yes,no,yes,raw_status_hint,00_Inbox/生普产区微产区层级_origin_microregion_全量版_v5_2026-08-17.md:119,层级工作表节点；不等于购买批次原料已验证；不因本表存在而自动填充 origin_*。 原文标记：B+。
OMR-0801038C21,清水河？,,待人工判定,勐腊县/勐伴镇/金厂河村,勐腊县/勐伴镇/金厂河村/清水河？,西双版纳｜勐伴 / 金厂河,120,需人工确认,HIERARCHY_ONLY,unassessed,yes,no,no,name_unresolved|raw_status_hint,00_Inbox/生普产区微产区层级_origin_microregion_全量版_v5_2026-08-17.md:120,层级工作表节点；不等于购买批次原料已验证；不因本表存在而自动填充 origin_*。 原文标记：C。
OMR-6F5126BD17,老庙寨？,,natural_village,勐腊县/勐伴镇/金厂河村,勐腊县/勐伴镇/金厂河村/老庙寨？,西双版纳｜勐伴 / 金厂河,121,需人工确认,HIERARCHY_ONLY,unassessed,yes,no,no,name_unresolved|raw_status_hint,00_Inbox/生普产区微产区层级_origin_microregion_全量版_v5_2026-08-17.md:121,层级工作表节点；不等于购买批次原料已验证；不因本表存在而自动填充 origin_*。 原文标记：C。
OMR-31F7E1FFEA,西定哈尼族布朗族乡,,township,勐海县,勐海县/西定哈尼族布朗族乡,西双版纳｜勐海县标准样点 / 茶区,137,需人工确认,HIERARCHY_ONLY,unassessed,yes,no,no,,00_Inbox/生普产区微产区层级_origin_microregion_全量版_v5_2026-08-17.md:137,层级工作表节点；不等于购买批次原料已验证；不因本表存在而自动填充 origin_*。
OMR-F2DB1EA8AA,章朗村,,natural_village,勐海县/西定哈尼族布朗族乡,勐海县/西定哈尼族布朗族乡/章朗村,西双版纳｜勐海县标准样点 / 茶区,138,可自动填充,HIERARCHY_ONLY,unassessed,yes,no,yes,,00_Inbox/生普产区微产区层级_origin_microregion_全量版_v5_2026-08-17.md:138,层级工作表节点；不等于购买批次原料已验证；不因本表存在而自动填充 origin_*。
OMR-6BC0FBE4F7,巴达历史茶区 / 巴达山,,historical_region,勐海县/西定哈尼族布朗族乡,勐海县/西定哈尼族布朗族乡/巴达历史茶区 / 巴达山,西双版纳｜勐海县标准样点 / 茶区,139,需人工确认,HIERARCHY_ONLY,unassessed,no,no,no,compound_or_alias_name,00_Inbox/生普产区微产区层级_origin_microregion_全量版_v5_2026-08-17.md:139,层级工作表节点；不等于购买批次原料已验证；不因本表存在而自动填充 origin_*。
OMR-E85C5718B8,贺松,,待人工判定,勐海县/西定哈尼族布朗族乡/巴达历史茶区 / 巴达山,勐海县/西定哈尼族布朗族乡/巴达历史茶区 / 巴达山/贺松,西双版纳｜勐海县标准样点 / 茶区,140,需人工确认,HIERARCHY_ONLY,unassessed,yes,no,no,,00_Inbox/生普产区微产区层级_origin_microregion_全量版_v5_2026-08-17.md:140,层级工作表节点；不等于购买批次原料已验证；不因本表存在而自动填充 origin_*。
OMR-2C3E52879B,贺松大黑山,,mountain,勐海县/西定哈尼族布朗族乡/巴达历史茶区 / 巴达山,勐海县/西定哈尼族布朗族乡/巴达历史茶区 / 巴达山/贺松大黑山,西双版纳｜勐海县标准样点 / 茶区,141,需人工确认,HIERARCHY_ONLY,unassessed,yes,no,no,,00_Inbox/生普产区微产区层级_origin_microregion_全量版_v5_2026-08-17.md:141,层级工作表节点；不等于购买批次原料已验证；不因本表存在而自动填充 origin_*。
OMR-353FDA51CC,勐往乡,,township,勐海县,勐海县/勐往乡,西双版纳｜勐海县标准样点 / 茶区,143,需人工确认,HIERARCHY_ONLY,unassessed,yes,no,no,,00_Inbox/生普产区微产区层级_origin_microregion_全量版_v5_2026-08-17.md:143,层级工作表节点；不等于购买批次原料已验证；不因本表存在而自动填充 origin_*。
OMR-D9FAA75AE2,曼糯古茶园区域,,microplot,勐海县/勐往乡,勐海县/勐往乡/曼糯古茶园区域,西双版纳｜勐海县标准样点 / 茶区,144,需人工确认,HIERARCHY_ONLY,unassessed,yes,no,no,,00_Inbox/生普产区微产区层级_origin_microregion_全量版_v5_2026-08-17.md:144,层级工作表节点；不等于购买批次原料已验证；不因本表存在而自动填充 origin_*。
OMR-9B26732E10,曼糯大寨,,natural_village,勐海县/勐往乡/曼糯古茶园区域,勐海县/勐往乡/曼糯古茶园区域/曼糯大寨,西双版纳｜勐海县标准样点 / 茶区,145,需人工确认,HIERARCHY_ONLY,unassessed,yes,no,no,,00_Inbox/生普产区微产区层级_origin_microregion_全量版_v5_2026-08-17.md:145,层级工作表节点；不等于购买批次原料已验证；不因本表存在而自动填充 origin_*。
OMR-6CEEA02049,曼糯中寨,,natural_village,勐海县/勐往乡/曼糯古茶园区域,勐海县/勐往乡/曼糯古茶园区域/曼糯中寨,西双版纳｜勐海县标准样点 / 茶区,146,需人工确认,HIERARCHY_ONLY,unassessed,no,no,no,,00_Inbox/生普产区微产区层级_origin_microregion_全量版_v5_2026-08-17.md:146,层级工作表节点；不等于购买批次原料已验证；不因本表存在而自动填充 origin_*。
OMR-9B3FADBC68,曼糯上寨,,natural_village,勐海县/勐往乡/曼糯古茶园区域,勐海县/勐往乡/曼糯古茶园区域/曼糯上寨,西双版纳｜勐海县标准样点 / 茶区,147,需人工确认,HIERARCHY_ONLY,unassessed,no,no,no,,00_Inbox/生普产区微产区层级_origin_microregion_全量版_v5_2026-08-17.md:147,层级工作表节点；不等于购买批次原料已验证；不因本表存在而自动填充 origin_*。
OMR-1B4E9158EC,勐宋乡,,township,勐海县,勐海县/勐宋乡,西双版纳｜勐海县标准样点 / 茶区,149,可自动填充,HIERARCHY_ONLY,unassessed,yes,no,yes,,00_Inbox/生普产区微产区层级_origin_microregion_全量版_v5_2026-08-17.md:149,层级工作表节点；不等于购买批次原料已验证；不因本表存在而自动填充 origin_*。
OMR-772BFFEEAC,蚌龙村,"邦龙, Banglong",natural_village,勐海县/勐宋乡,勐海县/勐宋乡/蚌龙村,西双版纳｜勐海县标准样点 / 茶区,150,需人工确认,HIERARCHY_ONLY,unassessed,yes,no,no,,00_Inbox/生普产区微产区层级_origin_microregion_全量版_v5_2026-08-17.md:150,层级工作表节点；不等于购买批次原料已验证；不因本表存在而自动填充 origin_*。
OMR-14088F1B8C,格朗和哈尼族乡,,township,勐海县,勐海县/格朗和哈尼族乡,西双版纳｜勐海县标准样点 / 茶区,153,需人工确认,HIERARCHY_ONLY,unassessed,no,no,no,,00_Inbox/生普产区微产区层级_origin_microregion_全量版_v5_2026-08-17.md:153,层级工作表节点；不等于购买批次原料已验证；不因本表存在而自动填充 origin_*。
OMR-F60FEE8409,帕沙村,,natural_village,勐海县/格朗和哈尼族乡,勐海县/格朗和哈尼族乡/帕沙村,西双版纳｜勐海县标准样点 / 茶区,154,需人工确认,HIERARCHY_ONLY,unassessed,yes,no,no,,00_Inbox/生普产区微产区层级_origin_microregion_全量版_v5_2026-08-17.md:154,层级工作表节点；不等于购买批次原料已验证；不因本表存在而自动填充 origin_*。
OMR-012BF40217,勐混镇,,township,勐海县,勐海县/勐混镇,西双版纳｜勐海县标准样点 / 茶区,156,需人工确认,HIERARCHY_ONLY,unassessed,yes,no,no,,00_Inbox/生普产区微产区层级_origin_microregion_全量版_v5_2026-08-17.md:156,层级工作表节点；不等于购买批次原料已验证；不因本表存在而自动填充 origin_*。
OMR-306848510C,贺开村委会,,administrative_village,勐海县/勐混镇,勐海县/勐混镇/贺开村委会,西双版纳｜勐海县标准样点 / 茶区,157,需人工确认,HIERARCHY_ONLY,unassessed,yes,no,no,,00_Inbox/生普产区微产区层级_origin_microregion_全量版_v5_2026-08-17.md:157,层级工作表节点；不等于购买批次原料已验证；不因本表存在而自动填充 origin_*。
OMR-02CBFC8D73,班盆村小组,,village_group,勐海县/勐混镇/贺开村委会,勐海县/勐混镇/贺开村委会/班盆村小组,西双版纳｜勐海县标准样点 / 茶区,158,需人工确认,HIERARCHY_ONLY,unassessed,yes,no,yes,,00_Inbox/生普产区微产区层级_origin_microregion_全量版_v5_2026-08-17.md:158,层级工作表节点；不等于购买批次原料已验证；不因本表存在而自动填充 origin_*。
OMR-F856BF4072,布朗山布朗族乡,,township,勐海县,勐海县/布朗山布朗族乡,西双版纳｜勐海县标准样点 / 茶区,160,需人工确认,HIERARCHY_ONLY,unassessed,no,no,no,,00_Inbox/生普产区微产区层级_origin_microregion_全量版_v5_2026-08-17.md:160,层级工作表节点；不等于购买批次原料已验证；不因本表存在而自动填充 origin_*。
OMR-D69D6F3C35,班章村委会,,administrative_village,勐海县/布朗山布朗族乡,勐海县/布朗山布朗族乡/班章村委会,西双版纳｜勐海县标准样点 / 茶区,161,需人工确认,HIERARCHY_ONLY,unassessed,yes,no,no,,00_Inbox/生普产区微产区层级_origin_microregion_全量版_v5_2026-08-17.md:161,层级工作表节点；不等于购买批次原料已验证；不因本表存在而自动填充 origin_*。
OMR-A22D4E32F1,老班章,,待人工判定,勐海县/布朗山布朗族乡/班章村委会,勐海县/布朗山布朗族乡/班章村委会/老班章,西双版纳｜勐海县标准样点 / 茶区,162,可自动填充,HIERARCHY_ONLY,unassessed,yes,yes,yes,,00_Inbox/生普产区微产区层级_origin_microregion_全量版_v5_2026-08-17.md:162,层级工作表节点；不等于购买批次原料已验证；不因本表存在而自动填充 origin_*。
OMR-01F58A31A2,新班章,,待人工判定,勐海县/布朗山布朗族乡/班章村委会,勐海县/布朗山布朗族乡/班章村委会/新班章,西双版纳｜勐海县标准样点 / 茶区,163,需人工确认,HIERARCHY_ONLY,unassessed,yes,no,no,,00_Inbox/生普产区微产区层级_origin_microregion_全量版_v5_2026-08-17.md:163,层级工作表节点；不等于购买批次原料已验证；不因本表存在而自动填充 origin_*。
OMR-2A05F6AD57,老曼峨,,待人工判定,勐海县/布朗山布朗族乡/班章村委会,勐海县/布朗山布朗族乡/班章村委会/老曼峨,西双版纳｜勐海县标准样点 / 茶区,164,可自动填充,HIERARCHY_ONLY,unassessed,yes,yes,yes,,00_Inbox/生普产区微产区层级_origin_microregion_全量版_v5_2026-08-17.md:164,层级工作表节点；不等于购买批次原料已验证；不因本表存在而自动填充 origin_*。
OMR-1E0E75DFCC,坝卡囡,,待人工判定,勐海县/布朗山布朗族乡/班章村委会,勐海县/布朗山布朗族乡/班章村委会/坝卡囡,西双版纳｜勐海县标准样点 / 茶区,165,需人工确认,HIERARCHY_ONLY,unassessed,yes,no,no,,00_Inbox/生普产区微产区层级_origin_microregion_全量版_v5_2026-08-17.md:165,层级工作表节点；不等于购买批次原料已验证；不因本表存在而自动填充 origin_*。
OMR-CE6DCCA95E,坝卡竜,,待人工判定,勐海县/布朗山布朗族乡/班章村委会,勐海县/布朗山布朗族乡/班章村委会/坝卡竜,西双版纳｜勐海县标准样点 / 茶区,166,需人工确认,HIERARCHY_ONLY,unassessed,yes,no,no,,00_Inbox/生普产区微产区层级_origin_microregion_全量版_v5_2026-08-17.md:166,层级工作表节点；不等于购买批次原料已验证；不因本表存在而自动填充 origin_*。
OMR-399F87FE2D,新竜村委会,,administrative_village,勐海县/布朗山布朗族乡,勐海县/布朗山布朗族乡/新竜村委会,西双版纳｜勐海县标准样点 / 茶区,168,需人工确认,HIERARCHY_ONLY,unassessed,yes,no,no,,00_Inbox/生普产区微产区层级_origin_microregion_全量版_v5_2026-08-17.md:168,层级工作表节点；不等于购买批次原料已验证；不因本表存在而自动填充 origin_*。
OMR-64E64F2DB1,曼新龙上寨,,natural_village,勐海县/布朗山布朗族乡/新竜村委会,勐海县/布朗山布朗族乡/新竜村委会/曼新龙上寨,西双版纳｜勐海县标准样点 / 茶区,169,需人工确认,HIERARCHY_ONLY,unassessed,yes,no,no,,00_Inbox/生普产区微产区层级_origin_microregion_全量版_v5_2026-08-17.md:169,层级工作表节点；不等于购买批次原料已验证；不因本表存在而自动填充 origin_*。
OMR-1FAABCD23B,曼新龙下寨,,natural_village,勐海县/布朗山布朗族乡/新竜村委会,勐海县/布朗山布朗族乡/新竜村委会/曼新龙下寨,西双版纳｜勐海县标准样点 / 茶区,170,需人工确认,HIERARCHY_ONLY,unassessed,no,no,no,,00_Inbox/生普产区微产区层级_origin_microregion_全量版_v5_2026-08-17.md:170,层级工作表节点；不等于购买批次原料已验证；不因本表存在而自动填充 origin_*。
OMR-C7C2CB5E8C,章家村委会,,administrative_village,勐海县/布朗山布朗族乡,勐海县/布朗山布朗族乡/章家村委会,西双版纳｜勐海县标准样点 / 茶区,172,需人工确认,HIERARCHY_ONLY,unassessed,no,no,no,,00_Inbox/生普产区微产区层级_origin_microregion_全量版_v5_2026-08-17.md:172,层级工作表节点；不等于购买批次原料已验证；不因本表存在而自动填充 origin_*。
OMR-1A23E5F845,章家三队,,待人工判定,勐海县/布朗山布朗族乡/章家村委会,勐海县/布朗山布朗族乡/章家村委会/章家三队,西双版纳｜勐海县标准样点 / 茶区,173,需人工确认,HIERARCHY_ONLY,unassessed,yes,yes,no,,00_Inbox/生普产区微产区层级_origin_microregion_全量版_v5_2026-08-17.md:173,层级工作表节点；不等于购买批次原料已验证；不因本表存在而自动填充 origin_*。
OMR-94AF33459F,勐龙镇,,township,景洪市,景洪市/勐龙镇,景洪勐宋,196,需人工确认,HIERARCHY_ONLY,unassessed,yes,no,no,,00_Inbox/生普产区微产区层级_origin_microregion_全量版_v5_2026-08-17.md:196,层级工作表节点；不等于购买批次原料已验证；不因本表存在而自动填充 origin_*。
OMR-8F283137BA,勐宋村,,natural_village,景洪市/勐龙镇,景洪市/勐龙镇/勐宋村,景洪勐宋,197,需人工确认,HIERARCHY_ONLY,unassessed,yes,no,no,,00_Inbox/生普产区微产区层级_origin_microregion_全量版_v5_2026-08-17.md:197,层级工作表节点；不等于购买批次原料已验证；不因本表存在而自动填充 origin_*。
OMR-D1AAA249E4,阿克系村寨？,,natural_village,景洪市/勐龙镇/勐宋村,景洪市/勐龙镇/勐宋村/阿克系村寨？,景洪勐宋,198,需人工确认,HIERARCHY_ONLY,unassessed,no,no,no,name_unresolved,00_Inbox/生普产区微产区层级_origin_microregion_全量版_v5_2026-08-17.md:198,层级工作表节点；不等于购买批次原料已验证；不因本表存在而自动填充 origin_*。
OMR-E02413130D,曼窝科？,,待人工判定,景洪市/勐龙镇/勐宋村,景洪市/勐龙镇/勐宋村/曼窝科？,景洪勐宋,199,需人工确认,HIERARCHY_ONLY,unassessed,no,no,no,name_unresolved,00_Inbox/生普产区微产区层级_origin_microregion_全量版_v5_2026-08-17.md:199,层级工作表节点；不等于购买批次原料已验证；不因本表存在而自动填充 origin_*。
OMR-D4D227D19A,其他自然村,,natural_village,景洪市/勐龙镇/勐宋村,景洪市/勐龙镇/勐宋村/其他自然村,景洪勐宋,200,需人工确认,HIERARCHY_ONLY,unassessed,yes,no,no,same_name_multiple_paths,00_Inbox/生普产区微产区层级_origin_microregion_全量版_v5_2026-08-17.md:200,层级工作表节点；不等于购买批次原料已验证；不因本表存在而自动填充 origin_*。
OMR-458F394C59,具体古茶园待拆,,microplot,景洪市/勐龙镇/勐宋村,景洪市/勐龙镇/勐宋村/具体古茶园待拆,景洪勐宋,201,需人工确认,HIERARCHY_ONLY,unassessed,no,no,no,name_unresolved,00_Inbox/生普产区微产区层级_origin_microregion_全量版_v5_2026-08-17.md:201,层级工作表节点；不等于购买批次原料已验证；不因本表存在而自动填充 origin_*。
OMR-5C2B441DBD,澜沧拉祜族自治县,,county,普洱市,普洱市/澜沧拉祜族自治县,普洱｜景迈山,226,需人工确认,HIERARCHY_ONLY,unassessed,no,no,no,,00_Inbox/生普产区微产区层级_origin_microregion_全量版_v5_2026-08-17.md:226,层级工作表节点；不等于购买批次原料已验证；不因本表存在而自动填充 origin_*。
OMR-653980F449,惠民镇,,township,普洱市/澜沧拉祜族自治县,普洱市/澜沧拉祜族自治县/惠民镇,普洱｜景迈山,227,需人工确认,HIERARCHY_ONLY,unassessed,no,no,no,,00_Inbox/生普产区微产区层级_origin_microregion_全量版_v5_2026-08-17.md:227,层级工作表节点；不等于购买批次原料已验证；不因本表存在而自动填充 origin_*。
OMR-5265373257,景迈村,,natural_village,普洱市/澜沧拉祜族自治县/惠民镇,普洱市/澜沧拉祜族自治县/惠民镇/景迈村,普洱｜景迈山,229,需人工确认,HIERARCHY_ONLY,unassessed,no,no,no,,00_Inbox/生普产区微产区层级_origin_microregion_全量版_v5_2026-08-17.md:229,层级工作表节点；不等于购买批次原料已验证；不因本表存在而自动填充 origin_*。
OMR-C962E57258,芒埂,,待人工判定,普洱市/澜沧拉祜族自治县/惠民镇/景迈村,普洱市/澜沧拉祜族自治县/惠民镇/景迈村/芒埂,普洱｜景迈山,230,需人工确认,HIERARCHY_ONLY,unassessed,yes,yes,no,,00_Inbox/生普产区微产区层级_origin_microregion_全量版_v5_2026-08-17.md:230,层级工作表节点；不等于购买批次原料已验证；不因本表存在而自动填充 origin_*。
OMR-4FFFDA0816,勐本,,待人工判定,普洱市/澜沧拉祜族自治县/惠民镇/景迈村,普洱市/澜沧拉祜族自治县/惠民镇/景迈村/勐本,普洱｜景迈山,231,需人工确认,HIERARCHY_ONLY,unassessed,yes,yes,no,,00_Inbox/生普产区微产区层级_origin_microregion_全量版_v5_2026-08-17.md:231,层级工作表节点；不等于购买批次原料已验证；不因本表存在而自动填充 origin_*。
OMR-47A514518B,景迈大寨,,natural_village,普洱市/澜沧拉祜族自治县/惠民镇/景迈村,普洱市/澜沧拉祜族自治县/惠民镇/景迈村/景迈大寨,普洱｜景迈山,232,需人工确认,HIERARCHY_ONLY,unassessed,yes,no,no,,00_Inbox/生普产区微产区层级_origin_microregion_全量版_v5_2026-08-17.md:232,层级工作表节点；不等于购买批次原料已验证；不因本表存在而自动填充 origin_*。
OMR-C7B77C6B39,糯岗 / 糯干,,待人工判定,普洱市/澜沧拉祜族自治县/惠民镇/景迈村,普洱市/澜沧拉祜族自治县/惠民镇/景迈村/糯岗 / 糯干,普洱｜景迈山,233,需人工确认,HIERARCHY_ONLY,unassessed,yes,no,no,compound_or_alias_name,00_Inbox/生普产区微产区层级_origin_microregion_全量版_v5_2026-08-17.md:233,层级工作表节点；不等于购买批次原料已验证；不因本表存在而自动填充 origin_*。
OMR-7E731B17BA,芒景村,,natural_village,普洱市/澜沧拉祜族自治县/惠民镇,普洱市/澜沧拉祜族自治县/惠民镇/芒景村,普洱｜景迈山,235,需人工确认,HIERARCHY_ONLY,unassessed,no,no,no,,00_Inbox/生普产区微产区层级_origin_microregion_全量版_v5_2026-08-17.md:235,层级工作表节点；不等于购买批次原料已验证；不因本表存在而自动填充 origin_*。
OMR-A2AE463BDC,芒景上寨,,natural_village,普洱市/澜沧拉祜族自治县/惠民镇/芒景村,普洱市/澜沧拉祜族自治县/惠民镇/芒景村/芒景上寨,普洱｜景迈山,236,需人工确认,HIERARCHY_ONLY,unassessed,yes,no,no,,00_Inbox/生普产区微产区层级_origin_microregion_全量版_v5_2026-08-17.md:236,层级工作表节点；不等于购买批次原料已验证；不因本表存在而自动填充 origin_*。
OMR-758B167DCB,芒景下寨,,natural_village,普洱市/澜沧拉祜族自治县/惠民镇/芒景村,普洱市/澜沧拉祜族自治县/惠民镇/芒景村/芒景下寨,普洱｜景迈山,237,需人工确认,HIERARCHY_ONLY,unassessed,yes,yes,no,,00_Inbox/生普产区微产区层级_origin_microregion_全量版_v5_2026-08-17.md:237,层级工作表节点；不等于购买批次原料已验证；不因本表存在而自动填充 origin_*。
OMR-C2923303A6,芒洪,,待人工判定,普洱市/澜沧拉祜族自治县/惠民镇/芒景村,普洱市/澜沧拉祜族自治县/惠民镇/芒景村/芒洪,普洱｜景迈山,238,需人工确认,HIERARCHY_ONLY,unassessed,yes,no,no,,00_Inbox/生普产区微产区层级_origin_microregion_全量版_v5_2026-08-17.md:238,层级工作表节点；不等于购买批次原料已验证；不因本表存在而自动填充 origin_*。
OMR-6A5D06C68A,翁基,,待人工判定,普洱市/澜沧拉祜族自治县/惠民镇/芒景村,普洱市/澜沧拉祜族自治县/惠民镇/芒景村/翁基,普洱｜景迈山,239,需人工确认,HIERARCHY_ONLY,unassessed,yes,yes,yes,,00_Inbox/生普产区微产区层级_origin_microregion_全量版_v5_2026-08-17.md:239,层级工作表节点；不等于购买批次原料已验证；不因本表存在而自动填充 origin_*。
OMR-85F58D3431,翁洼,,待人工判定,普洱市/澜沧拉祜族自治县/惠民镇/芒景村,普洱市/澜沧拉祜族自治县/惠民镇/芒景村/翁洼,普洱｜景迈山,240,需人工确认,HIERARCHY_ONLY,unassessed,yes,no,no,,00_Inbox/生普产区微产区层级_origin_microregion_全量版_v5_2026-08-17.md:240,层级工作表节点；不等于购买批次原料已验证；不因本表存在而自动填充 origin_*。
OMR-A29B0FAE51,芒埂—勐本古茶林,,ancient_tea_forest,景迈山古茶林,景迈山古茶林/芒埂—勐本古茶林,普洱｜景迈山,247,需人工确认,HIERARCHY_ONLY,unassessed,yes,no,no,,00_Inbox/生普产区微产区层级_origin_microregion_全量版_v5_2026-08-17.md:247,层级工作表节点；不等于购买批次原料已验证；不因本表存在而自动填充 origin_*。
OMR-451673692B,景迈大寨古茶林,,ancient_tea_forest,景迈山古茶林,景迈山古茶林/景迈大寨古茶林,普洱｜景迈山,248,需人工确认,HIERARCHY_ONLY,unassessed,yes,no,no,,00_Inbox/生普产区微产区层级_origin_microregion_全量版_v5_2026-08-17.md:248,层级工作表节点；不等于购买批次原料已验证；不因本表存在而自动填充 origin_*。
OMR-2B4444B3C1,大平掌古茶林,,ancient_tea_forest,景迈山古茶林,景迈山古茶林/大平掌古茶林,普洱｜景迈山,249,需人工确认,HIERARCHY_ONLY,unassessed,no,no,no,,00_Inbox/生普产区微产区层级_origin_microregion_全量版_v5_2026-08-17.md:249,层级工作表节点；不等于购买批次原料已验证；不因本表存在而自动填充 origin_*。
OMR-705429EAF8,糯岗古茶林,,ancient_tea_forest,景迈山古茶林,景迈山古茶林/糯岗古茶林,普洱｜景迈山,250,需人工确认,HIERARCHY_ONLY,unassessed,yes,no,no,,00_Inbox/生普产区微产区层级_origin_microregion_全量版_v5_2026-08-17.md:250,层级工作表节点；不等于购买批次原料已验证；不因本表存在而自动填充 origin_*。
OMR-136F1136EC,芒景上下寨—芒洪古茶林,,ancient_tea_forest,景迈山古茶林,景迈山古茶林/芒景上下寨—芒洪古茶林,普洱｜景迈山,251,需人工确认,HIERARCHY_ONLY,unassessed,yes,no,no,,00_Inbox/生普产区微产区层级_origin_microregion_全量版_v5_2026-08-17.md:251,层级工作表节点；不等于购买批次原料已验证；不因本表存在而自动填充 origin_*。
OMR-D47D981889,翁基—翁洼古茶林,,ancient_tea_forest,景迈山古茶林,景迈山古茶林/翁基—翁洼古茶林,普洱｜景迈山,252,需人工确认,HIERARCHY_ONLY,unassessed,yes,no,no,,00_Inbox/生普产区微产区层级_origin_microregion_全量版_v5_2026-08-17.md:252,层级工作表节点；不等于购买批次原料已验证；不因本表存在而自动填充 origin_*。
OMR-DAF7DA6064,澜沧县,,county,普洱市,普洱市/澜沧县,普洱｜其他锚点,271,需人工确认,HIERARCHY_ONLY,unassessed,yes,no,no,,00_Inbox/生普产区微产区层级_origin_microregion_全量版_v5_2026-08-17.md:271,层级工作表节点；不等于购买批次原料已验证；不因本表存在而自动填充 origin_*。
OMR-D59D6AD302,富东乡,,township,普洱市/澜沧县,普洱市/澜沧县/富东乡,普洱｜其他锚点,272,需人工确认,HIERARCHY_ONLY,unassessed,yes,no,no,,00_Inbox/生普产区微产区层级_origin_microregion_全量版_v5_2026-08-17.md:272,层级工作表节点；不等于购买批次原料已验证；不因本表存在而自动填充 origin_*。
OMR-F7274B63B0,邦崴村,,natural_village,普洱市/澜沧县/富东乡,普洱市/澜沧县/富东乡/邦崴村,普洱｜其他锚点,273,需人工确认,HIERARCHY_ONLY,unassessed,yes,yes,no,same_name_multiple_paths,00_Inbox/生普产区微产区层级_origin_microregion_全量版_v5_2026-08-17.md:273,层级工作表节点；不等于购买批次原料已验证；不因本表存在而自动填充 origin_*。
OMR-9692A57716,镇沅县,,county,普洱市,普洱市/镇沅县,普洱｜其他锚点,282,需人工确认,HIERARCHY_ONLY,unassessed,no,no,no,,00_Inbox/生普产区微产区层级_origin_microregion_全量版_v5_2026-08-17.md:282,层级工作表节点；不等于购买批次原料已验证；不因本表存在而自动填充 origin_*。
OMR-680E4F8456,九甲镇,,township,普洱市/镇沅县,普洱市/镇沅县/九甲镇,普洱｜其他锚点,283,需人工确认,HIERARCHY_ONLY,unassessed,yes,no,no,,00_Inbox/生普产区微产区层级_origin_microregion_全量版_v5_2026-08-17.md:283,层级工作表节点；不等于购买批次原料已验证；不因本表存在而自动填充 origin_*。
OMR-B27ABFA67D,千家寨区域,,natural_village,普洱市/镇沅县/九甲镇,普洱市/镇沅县/九甲镇/千家寨区域,普洱｜其他锚点,284,需人工确认,HIERARCHY_ONLY,unassessed,yes,no,no,,00_Inbox/生普产区微产区层级_origin_microregion_全量版_v5_2026-08-17.md:284,层级工作表节点；不等于购买批次原料已验证；不因本表存在而自动填充 origin_*。
OMR-E33C679719,老乌山茶区,,county,普洱市/镇沅县,普洱市/镇沅县/老乌山茶区,普洱｜其他锚点,302,需人工确认,HIERARCHY_ONLY,unassessed,yes,no,no,same_name_multiple_paths,00_Inbox/生普产区微产区层级_origin_microregion_全量版_v5_2026-08-17.md:302,层级工作表节点；不等于购买批次原料已验证；不因本表存在而自动填充 origin_*。 原文元数据：type=cross-village mountain / tea_area。
OMR-F500731ED0,临沧市,,prefecture_city,云南省,云南省/临沧市,临沧｜双江总树,314,需人工确认,HIERARCHY_ONLY,unassessed,yes,no,no,,00_Inbox/生普产区微产区层级_origin_microregion_全量版_v5_2026-08-17.md:314,层级工作表节点；不等于购买批次原料已验证；不因本表存在而自动填充 origin_*。
OMR-53775F750A,双江拉祜族佤族布朗族傣族自治县,,county,云南省/临沧市,云南省/临沧市/双江拉祜族佤族布朗族傣族自治县,临沧｜双江总树,315,需人工确认,HIERARCHY_ONLY,unassessed,no,no,no,,00_Inbox/生普产区微产区层级_origin_microregion_全量版_v5_2026-08-17.md:315,层级工作表节点；不等于购买批次原料已验证；不因本表存在而自动填充 origin_*。
OMR-F33BDC77CB,勐库镇,,township,云南省/临沧市/双江拉祜族佤族布朗族傣族自治县,云南省/临沧市/双江拉祜族佤族布朗族傣族自治县/勐库镇,临沧｜双江总树,317,需人工确认,HIERARCHY_ONLY,unassessed,yes,yes,no,same_name_multiple_paths,00_Inbox/生普产区微产区层级_origin_microregion_全量版_v5_2026-08-17.md:317,层级工作表节点；不等于购买批次原料已验证；不因本表存在而自动填充 origin_*。
OMR-31EFE6CC66,忙糯乡,,township,云南省/临沧市/双江拉祜族佤族布朗族傣族自治县,云南省/临沧市/双江拉祜族佤族布朗族傣族自治县/忙糯乡,临沧｜双江总树,318,需人工确认,HIERARCHY_ONLY,unassessed,yes,yes,no,same_name_multiple_paths,00_Inbox/生普产区微产区层级_origin_microregion_全量版_v5_2026-08-17.md:318,层级工作表节点；不等于购买批次原料已验证；不因本表存在而自动填充 origin_*。
OMR-733214610B,邦丙乡,,township,云南省/临沧市/双江拉祜族佤族布朗族傣族自治县,云南省/临沧市/双江拉祜族佤族布朗族傣族自治县/邦丙乡,临沧｜双江总树,319,需人工确认,HIERARCHY_ONLY,unassessed,yes,no,no,same_name_multiple_paths,00_Inbox/生普产区微产区层级_origin_microregion_全量版_v5_2026-08-17.md:319,层级工作表节点；不等于购买批次原料已验证；不因本表存在而自动填充 origin_*。
OMR-EC351382F6,沙河乡,,township,云南省/临沧市/双江拉祜族佤族布朗族傣族自治县,云南省/临沧市/双江拉祜族佤族布朗族傣族自治县/沙河乡,临沧｜双江总树,320,需人工确认,HIERARCHY_ONLY,unassessed,yes,no,no,same_name_multiple_paths,00_Inbox/生普产区微产区层级_origin_microregion_全量版_v5_2026-08-17.md:320,层级工作表节点；不等于购买批次原料已验证；不因本表存在而自动填充 origin_*。
OMR-E63D993A26,勐库镇,,township,双江县,双江县/勐库镇,临沧｜勐库镇封版树,333,需人工确认,HIERARCHY_ONLY,unassessed,yes,yes,no,same_name_multiple_paths,00_Inbox/生普产区微产区层级_origin_microregion_全量版_v5_2026-08-17.md:333,层级工作表节点；不等于购买批次原料已验证；不因本表存在而自动填充 origin_*。
OMR-CAA0944567,冰岛村,,natural_village,双江县/勐库镇,双江县/勐库镇/冰岛村,临沧｜勐库镇封版树,335,需人工确认,HIERARCHY_ONLY,unassessed,yes,no,no,,00_Inbox/生普产区微产区层级_origin_microregion_全量版_v5_2026-08-17.md:335,层级工作表节点；不等于购买批次原料已验证；不因本表存在而自动填充 origin_*。
OMR-8F11047716,冰岛自然村,冰岛老寨,natural_village,双江县/勐库镇/冰岛村,双江县/勐库镇/冰岛村/冰岛自然村,临沧｜勐库镇封版树,336,需人工确认,HIERARCHY_ONLY,unassessed,yes,yes,no,,00_Inbox/生普产区微产区层级_origin_microregion_全量版_v5_2026-08-17.md:336,层级工作表节点；不等于购买批次原料已验证；不因本表存在而自动填充 origin_*。
OMR-EBE2E7821F,南迫自然村,,natural_village,双江县/勐库镇/冰岛村,双江县/勐库镇/冰岛村/南迫自然村,临沧｜勐库镇封版树,338,可自动填充,HIERARCHY_ONLY,unassessed,no,no,yes,,00_Inbox/生普产区微产区层级_origin_microregion_全量版_v5_2026-08-17.md:338,层级工作表节点；不等于购买批次原料已验证；不因本表存在而自动填充 origin_*。
OMR-98C6ACF4E6,地界自然村,,natural_village,双江县/勐库镇/冰岛村,双江县/勐库镇/冰岛村/地界自然村,临沧｜勐库镇封版树,339,可自动填充,HIERARCHY_ONLY,unassessed,no,no,yes,,00_Inbox/生普产区微产区层级_origin_microregion_全量版_v5_2026-08-17.md:339,层级工作表节点；不等于购买批次原料已验证；不因本表存在而自动填充 origin_*。
OMR-1540E6226B,坝歪自然村,,natural_village,双江县/勐库镇/冰岛村,双江县/勐库镇/冰岛村/坝歪自然村,临沧｜勐库镇封版树,340,可自动填充,HIERARCHY_ONLY,unassessed,no,no,yes,,00_Inbox/生普产区微产区层级_origin_microregion_全量版_v5_2026-08-17.md:340,层级工作表节点；不等于购买批次原料已验证；不因本表存在而自动填充 origin_*。
OMR-A19F31B9CD,糯武自然村,糯伍,natural_village,双江县/勐库镇/冰岛村,双江县/勐库镇/冰岛村/糯武自然村,临沧｜勐库镇封版树,341,可自动填充,HIERARCHY_ONLY,unassessed,yes,yes,yes,,00_Inbox/生普产区微产区层级_origin_microregion_全量版_v5_2026-08-17.md:341,层级工作表节点；不等于购买批次原料已验证；不因本表存在而自动填充 origin_*。
OMR-C925E046FD,公弄村,,natural_village,双江县/勐库镇,双江县/勐库镇/公弄村,临沧｜勐库镇封版树,344,需人工确认,HIERARCHY_ONLY,unassessed,yes,no,no,,00_Inbox/生普产区微产区层级_origin_microregion_全量版_v5_2026-08-17.md:344,层级工作表节点；不等于购买批次原料已验证；不因本表存在而自动填充 origin_*。
OMR-89E8E85767,公弄大寨,,natural_village,双江县/勐库镇/公弄村,双江县/勐库镇/公弄村/公弄大寨,临沧｜勐库镇封版树,345,需人工确认,HIERARCHY_ONLY,unassessed,yes,no,no,,00_Inbox/生普产区微产区层级_origin_microregion_全量版_v5_2026-08-17.md:345,层级工作表节点；不等于购买批次原料已验证；不因本表存在而自动填充 origin_*。
OMR-329BDDF329,小户赛,,待人工判定,双江县/勐库镇/公弄村,双江县/勐库镇/公弄村/小户赛,临沧｜勐库镇封版树,346,可自动填充,HIERARCHY_ONLY,unassessed,yes,yes,yes,,00_Inbox/生普产区微产区层级_origin_microregion_全量版_v5_2026-08-17.md:346,层级工作表节点；不等于购买批次原料已验证；不因本表存在而自动填充 origin_*。 原文元数据：type=settlement_cluster / tea-origin cluster。
OMR-F74999B314,以寨,里寨,natural_village,双江县/勐库镇/公弄村/小户赛,双江县/勐库镇/公弄村/小户赛/以寨,临沧｜勐库镇封版树,348,需人工确认,HIERARCHY_ONLY,unassessed,yes,no,no,same_name_multiple_paths,00_Inbox/生普产区微产区层级_origin_microregion_全量版_v5_2026-08-17.md:348,层级工作表节点；不等于购买批次原料已验证；不因本表存在而自动填充 origin_*。
OMR-FD184E6FF8,梁子寨,外寨,natural_village,双江县/勐库镇/公弄村/小户赛,双江县/勐库镇/公弄村/小户赛/梁子寨,临沧｜勐库镇封版树,350,需人工确认,HIERARCHY_ONLY,unassessed,yes,no,no,,00_Inbox/生普产区微产区层级_origin_microregion_全量版_v5_2026-08-17.md:350,层级工作表节点；不等于购买批次原料已验证；不因本表存在而自动填充 origin_*。
OMR-432105053D,洼子寨,,natural_village,双江县/勐库镇/公弄村/小户赛,双江县/勐库镇/公弄村/小户赛/洼子寨,临沧｜勐库镇封版树,352,需人工确认,HIERARCHY_ONLY,unassessed,yes,no,no,,00_Inbox/生普产区微产区层级_origin_microregion_全量版_v5_2026-08-17.md:352,层级工作表节点；不等于购买批次原料已验证；不因本表存在而自动填充 origin_*。
OMR-084C95A83B,五家村,,natural_village,双江县/勐库镇/公弄村,双江县/勐库镇/公弄村/五家村,临沧｜勐库镇封版树,353,需人工确认,HIERARCHY_ONLY,unassessed,yes,no,no,,00_Inbox/生普产区微产区层级_origin_microregion_全量版_v5_2026-08-17.md:353,层级工作表节点；不等于购买批次原料已验证；不因本表存在而自动填充 origin_*。
OMR-5281406E38,三家村,,natural_village,双江县/勐库镇/公弄村,双江县/勐库镇/公弄村/三家村,临沧｜勐库镇封版树,354,需人工确认,HIERARCHY_ONLY,unassessed,yes,yes,no,same_name_multiple_paths,00_Inbox/生普产区微产区层级_origin_microregion_全量版_v5_2026-08-17.md:354,层级工作表节点；不等于购买批次原料已验证；不因本表存在而自动填充 origin_*。
OMR-CC37C299B8,豆腐寨,中户赛,natural_village,双江县/勐库镇/公弄村,双江县/勐库镇/公弄村/豆腐寨,临沧｜勐库镇封版树,355,需人工确认,HIERARCHY_ONLY,unassessed,yes,no,no,,00_Inbox/生普产区微产区层级_origin_microregion_全量版_v5_2026-08-17.md:355,层级工作表节点；不等于购买批次原料已验证；不因本表存在而自动填充 origin_*。
OMR-E4030D34D2,懂过村,,natural_village,双江县/勐库镇,双江县/勐库镇/懂过村,临沧｜勐库镇封版树,358,需人工确认,HIERARCHY_ONLY,unassessed,yes,no,yes,,00_Inbox/生普产区微产区层级_origin_microregion_全量版_v5_2026-08-17.md:358,层级工作表节点；不等于购买批次原料已验证；不因本表存在而自动填充 origin_*。
OMR-3070E07B45,懂过外寨,,natural_village,双江县/勐库镇/懂过村,双江县/勐库镇/懂过村/懂过外寨,临沧｜勐库镇封版树,359,需人工确认,HIERARCHY_ONLY,unassessed,yes,no,yes,,00_Inbox/生普产区微产区层级_origin_microregion_全量版_v5_2026-08-17.md:359,层级工作表节点；不等于购买批次原料已验证；不因本表存在而自动填充 origin_*。
OMR-2195C7A4F4,以寨,,natural_village,双江县/勐库镇/懂过村,双江县/勐库镇/懂过村/以寨,临沧｜勐库镇封版树,360,需人工确认,HIERARCHY_ONLY,unassessed,yes,no,no,same_name_multiple_paths,00_Inbox/生普产区微产区层级_origin_microregion_全量版_v5_2026-08-17.md:360,层级工作表节点；不等于购买批次原料已验证；不因本表存在而自动填充 origin_*。
OMR-C0162FC4B0,坝气山,,mountain,双江县/勐库镇/懂过村,双江县/勐库镇/懂过村/坝气山,临沧｜勐库镇封版树,361,需人工确认,HIERARCHY_ONLY,unassessed,yes,no,no,,00_Inbox/生普产区微产区层级_origin_microregion_全量版_v5_2026-08-17.md:361,层级工作表节点；不等于购买批次原料已验证；不因本表存在而自动填充 origin_*。
OMR-2F050B4F2F,磨烈,,待人工判定,双江县/勐库镇/懂过村,双江县/勐库镇/懂过村/磨烈,临沧｜勐库镇封版树,362,需人工确认,HIERARCHY_ONLY,unassessed,yes,yes,yes,,00_Inbox/生普产区微产区层级_origin_microregion_全量版_v5_2026-08-17.md:362,层级工作表节点；不等于购买批次原料已验证；不因本表存在而自动填充 origin_*。
OMR-630799F86C,上磨烈,,待人工判定,双江县/勐库镇/懂过村/磨烈,双江县/勐库镇/懂过村/磨烈/上磨烈,临沧｜勐库镇封版树,363,需人工确认,HIERARCHY_ONLY,unassessed,yes,no,yes,,00_Inbox/生普产区微产区层级_origin_microregion_全量版_v5_2026-08-17.md:363,层级工作表节点；不等于购买批次原料已验证；不因本表存在而自动填充 origin_*。
OMR-B9649F237B,下磨烈,,待人工判定,双江县/勐库镇/懂过村/磨烈,双江县/勐库镇/懂过村/磨烈/下磨烈,临沧｜勐库镇封版树,364,需人工确认,HIERARCHY_ONLY,unassessed,yes,no,yes,,00_Inbox/生普产区微产区层级_origin_microregion_全量版_v5_2026-08-17.md:364,层级工作表节点；不等于购买批次原料已验证；不因本表存在而自动填充 origin_*。
OMR-A95DFDEA62,大户赛村,,natural_village,双江县/勐库镇,双江县/勐库镇/大户赛村,临沧｜勐库镇封版树,366,需人工确认,HIERARCHY_ONLY,unassessed,yes,no,yes,,00_Inbox/生普产区微产区层级_origin_microregion_全量版_v5_2026-08-17.md:366,层级工作表节点；不等于购买批次原料已验证；不因本表存在而自动填充 origin_*。
OMR-7110F2E87A,大户赛自然村,,natural_village,双江县/勐库镇/大户赛村,双江县/勐库镇/大户赛村/大户赛自然村,临沧｜勐库镇封版树,367,需人工确认,HIERARCHY_ONLY,unassessed,yes,no,yes,,00_Inbox/生普产区微产区层级_origin_microregion_全量版_v5_2026-08-17.md:367,层级工作表节点；不等于购买批次原料已验证；不因本表存在而自动填充 origin_*。
OMR-48EFF59BD2,河边寨,,natural_village,双江县/勐库镇/大户赛村,双江县/勐库镇/大户赛村/河边寨,临沧｜勐库镇封版树,368,需人工确认,HIERARCHY_ONLY,unassessed,yes,no,no,,00_Inbox/生普产区微产区层级_origin_microregion_全量版_v5_2026-08-17.md:368,层级工作表节点；不等于购买批次原料已验证；不因本表存在而自动填充 origin_*。
OMR-47F092DBCE,大忠山,,mountain,双江县/勐库镇/大户赛村/河边寨,双江县/勐库镇/大户赛村/河边寨/大忠山,临沧｜勐库镇封版树,369,需人工确认,HIERARCHY_ONLY,unassessed,yes,yes,no,,00_Inbox/生普产区微产区层级_origin_microregion_全量版_v5_2026-08-17.md:369,层级工作表节点；不等于购买批次原料已验证；不因本表存在而自动填充 origin_*。
OMR-275921B038,花椒树,,待人工判定,双江县/勐库镇/大户赛村,双江县/勐库镇/大户赛村/花椒树,临沧｜勐库镇封版树,370,需人工确认,HIERARCHY_ONLY,unassessed,yes,no,no,,00_Inbox/生普产区微产区层级_origin_microregion_全量版_v5_2026-08-17.md:370,层级工作表节点；不等于购买批次原料已验证；不因本表存在而自动填充 origin_*。
OMR-4DF1BC6A0D,坝卡村,,natural_village,双江县/勐库镇,双江县/勐库镇/坝卡村,临沧｜勐库镇封版树,372,需人工确认,HIERARCHY_ONLY,unassessed,no,no,no,,00_Inbox/生普产区微产区层级_origin_microregion_全量版_v5_2026-08-17.md:372,层级工作表节点；不等于购买批次原料已验证；不因本表存在而自动填充 origin_*。
OMR-2E6AC89855,上坝卡,,待人工判定,双江县/勐库镇/坝卡村,双江县/勐库镇/坝卡村/上坝卡,临沧｜勐库镇封版树,373,需人工确认,HIERARCHY_ONLY,unassessed,yes,no,no,,00_Inbox/生普产区微产区层级_origin_microregion_全量版_v5_2026-08-17.md:373,层级工作表节点；不等于购买批次原料已验证；不因本表存在而自动填充 origin_*。
OMR-74BE3BCB4A,中坝卡,,待人工判定,双江县/勐库镇/坝卡村,双江县/勐库镇/坝卡村/中坝卡,临沧｜勐库镇封版树,374,需人工确认,HIERARCHY_ONLY,unassessed,yes,no,no,,00_Inbox/生普产区微产区层级_origin_microregion_全量版_v5_2026-08-17.md:374,层级工作表节点；不等于购买批次原料已验证；不因本表存在而自动填充 origin_*。
OMR-B64E5D1270,下坝卡,,待人工判定,双江县/勐库镇/坝卡村,双江县/勐库镇/坝卡村/下坝卡,临沧｜勐库镇封版树,375,需人工确认,HIERARCHY_ONLY,unassessed,yes,no,no,,00_Inbox/生普产区微产区层级_origin_microregion_全量版_v5_2026-08-17.md:375,层级工作表节点；不等于购买批次原料已验证；不因本表存在而自动填充 origin_*。
OMR-3B8AD6431F,甲山,,mountain,双江县/勐库镇/坝卡村,双江县/勐库镇/坝卡村/甲山,临沧｜勐库镇封版树,376,需人工确认,HIERARCHY_ONLY,unassessed,yes,no,no,,00_Inbox/生普产区微产区层级_origin_microregion_全量版_v5_2026-08-17.md:376,层级工作表节点；不等于购买批次原料已验证；不因本表存在而自动填充 origin_*。
OMR-99250CA3E9,苞谷地 / 包麦地,,待人工判定,双江县/勐库镇/坝卡村,双江县/勐库镇/坝卡村/苞谷地 / 包麦地,临沧｜勐库镇封版树,377,需人工确认,HIERARCHY_ONLY,unassessed,yes,no,no,compound_or_alias_name,00_Inbox/生普产区微产区层级_origin_microregion_全量版_v5_2026-08-17.md:377,层级工作表节点；不等于购买批次原料已验证；不因本表存在而自动填充 origin_*。
OMR-5A8F489F08,南等寨,,natural_village,双江县/勐库镇/坝卡村,双江县/勐库镇/坝卡村/南等寨,临沧｜勐库镇封版树,378,需人工确认,HIERARCHY_ONLY,unassessed,yes,no,no,,00_Inbox/生普产区微产区层级_origin_microregion_全量版_v5_2026-08-17.md:378,层级工作表节点；不等于购买批次原料已验证；不因本表存在而自动填充 origin_*。
OMR-5F606D184E,邦改村,,natural_village,双江县/勐库镇,双江县/勐库镇/邦改村,临沧｜勐库镇封版树,380,需人工确认,HIERARCHY_ONLY,unassessed,yes,no,no,,00_Inbox/生普产区微产区层级_origin_microregion_全量版_v5_2026-08-17.md:380,层级工作表节点；不等于购买批次原料已验证；不因本表存在而自动填充 origin_*。
OMR-F76922A653,邦改大寨 / 老寨,,natural_village,双江县/勐库镇/邦改村,双江县/勐库镇/邦改村/邦改大寨 / 老寨,临沧｜勐库镇封版树,381,需人工确认,HIERARCHY_ONLY,unassessed,yes,no,no,compound_or_alias_name,00_Inbox/生普产区微产区层级_origin_microregion_全量版_v5_2026-08-17.md:381,层级工作表节点；不等于购买批次原料已验证；不因本表存在而自动填充 origin_*。
OMR-84A622FFA9,姚家寨,,natural_village,双江县/勐库镇/邦改村,双江县/勐库镇/邦改村/姚家寨,临沧｜勐库镇封版树,382,需人工确认,HIERARCHY_ONLY,unassessed,yes,no,no,,00_Inbox/生普产区微产区层级_origin_microregion_全量版_v5_2026-08-17.md:382,层级工作表节点；不等于购买批次原料已验证；不因本表存在而自动填充 origin_*。
OMR-662222CC17,以寨,,natural_village,双江县/勐库镇/邦改村,双江县/勐库镇/邦改村/以寨,临沧｜勐库镇封版树,383,需人工确认,HIERARCHY_ONLY,unassessed,yes,no,no,same_name_multiple_paths,00_Inbox/生普产区微产区层级_origin_microregion_全量版_v5_2026-08-17.md:383,层级工作表节点；不等于购买批次原料已验证；不因本表存在而自动填充 origin_*。
OMR-10642A0BE0,外寨,,natural_village,双江县/勐库镇/邦改村,双江县/勐库镇/邦改村/外寨,临沧｜勐库镇封版树,384,需人工确认,HIERARCHY_ONLY,unassessed,yes,no,no,,00_Inbox/生普产区微产区层级_origin_microregion_全量版_v5_2026-08-17.md:384,层级工作表节点；不等于购买批次原料已验证；不因本表存在而自动填充 origin_*。
OMR-52C137D52A,下寨,,natural_village,双江县/勐库镇/邦改村,双江县/勐库镇/邦改村/下寨,临沧｜勐库镇封版树,385,需人工确认,HIERARCHY_ONLY,unassessed,yes,yes,no,same_name_multiple_paths,00_Inbox/生普产区微产区层级_origin_microregion_全量版_v5_2026-08-17.md:385,层级工作表节点；不等于购买批次原料已验证；不因本表存在而自动填充 origin_*。
OMR-085F023CC9,丙山村,,natural_village,双江县/勐库镇,双江县/勐库镇/丙山村,临沧｜勐库镇封版树,387,需人工确认,HIERARCHY_ONLY,unassessed,yes,no,no,,00_Inbox/生普产区微产区层级_origin_microregion_全量版_v5_2026-08-17.md:387,层级工作表节点；不等于购买批次原料已验证；不因本表存在而自动填充 origin_*。
OMR-FB58B0BBC5,邦骂,,待人工判定,双江县/勐库镇/丙山村,双江县/勐库镇/丙山村/邦骂,临沧｜勐库镇封版树,388,需人工确认,HIERARCHY_ONLY,unassessed,yes,no,no,,00_Inbox/生普产区微产区层级_origin_microregion_全量版_v5_2026-08-17.md:388,层级工作表节点；不等于购买批次原料已验证；不因本表存在而自动填充 origin_*。
OMR-C587EE0123,大撇坡？,,待人工判定,双江县/勐库镇/丙山村/邦骂,双江县/勐库镇/丙山村/邦骂/大撇坡？,临沧｜勐库镇封版树,389,需人工确认,CANDIDATE,false,no,no,no,name_unresolved|raw_status_hint,00_Inbox/生普产区微产区层级_origin_microregion_全量版_v5_2026-08-17.md:389,层级工作表节点；不等于购买批次原料已验证；不因本表存在而自动填充 origin_*。 原文标记：候选。
OMR-27AB012CFB,护东村,,natural_village,双江县/勐库镇,双江县/勐库镇/护东村,临沧｜勐库镇封版树,391,需人工确认,HIERARCHY_ONLY,unassessed,yes,no,no,,00_Inbox/生普产区微产区层级_origin_microregion_全量版_v5_2026-08-17.md:391,层级工作表节点；不等于购买批次原料已验证；不因本表存在而自动填充 origin_*。
OMR-4D458B9BE1,忙波自然村,,natural_village,双江县/勐库镇/护东村,双江县/勐库镇/护东村/忙波自然村,临沧｜勐库镇封版树,392,需人工确认,HIERARCHY_ONLY,unassessed,yes,no,no,,00_Inbox/生普产区微产区层级_origin_microregion_全量版_v5_2026-08-17.md:392,层级工作表节点；不等于购买批次原料已验证；不因本表存在而自动填充 origin_*。
OMR-C03D43A850,粮种场组,,village_group,双江县/勐库镇/护东村,双江县/勐库镇/护东村/粮种场组,临沧｜勐库镇封版树,393,需人工确认,HIERARCHY_ONLY,unassessed,yes,no,no,,00_Inbox/生普产区微产区层级_origin_microregion_全量版_v5_2026-08-17.md:393,层级工作表节点；不等于购买批次原料已验证；不因本表存在而自动填充 origin_*。
OMR-C05A9714FC,坝糯村,,natural_village,双江县/勐库镇,双江县/勐库镇/坝糯村,临沧｜勐库镇封版树,395,需人工确认,HIERARCHY_ONLY,unassessed,yes,no,no,,00_Inbox/生普产区微产区层级_origin_microregion_全量版_v5_2026-08-17.md:395,层级工作表节点；不等于购买批次原料已验证；不因本表存在而自动填充 origin_*。
OMR-86276A459A,坝糯自然村,坝糯老寨,natural_village,双江县/勐库镇/坝糯村,双江县/勐库镇/坝糯村/坝糯自然村,临沧｜勐库镇封版树,396,可自动填充,HIERARCHY_ONLY,unassessed,yes,no,yes,,00_Inbox/生普产区微产区层级_origin_microregion_全量版_v5_2026-08-17.md:396,层级工作表节点；不等于购买批次原料已验证；不因本表存在而自动填充 origin_*。
OMR-A960A317FF,那赛村,,natural_village,双江县/勐库镇,双江县/勐库镇/那赛村,临沧｜勐库镇封版树,399,需人工确认,HIERARCHY_ONLY,unassessed,no,no,no,,00_Inbox/生普产区微产区层级_origin_microregion_全量版_v5_2026-08-17.md:399,层级工作表节点；不等于购买批次原料已验证；不因本表存在而自动填充 origin_*。
OMR-0D97FE1744,那赛大寨,,natural_village,双江县/勐库镇/那赛村,双江县/勐库镇/那赛村/那赛大寨,临沧｜勐库镇封版树,400,需人工确认,HIERARCHY_ONLY,unassessed,yes,no,no,,00_Inbox/生普产区微产区层级_origin_microregion_全量版_v5_2026-08-17.md:400,层级工作表节点；不等于购买批次原料已验证；不因本表存在而自动填充 origin_*。
OMR-954BFC6197,正气塘自然村,,natural_village,双江县/勐库镇/那赛村,双江县/勐库镇/那赛村/正气塘自然村,临沧｜勐库镇封版树,401,可自动填充,HIERARCHY_ONLY,unassessed,no,no,yes,,00_Inbox/生普产区微产区层级_origin_microregion_全量版_v5_2026-08-17.md:401,层级工作表节点；不等于购买批次原料已验证；不因本表存在而自动填充 origin_*。
OMR-B6A276C9A2,小村,,natural_village,双江县/勐库镇/那赛村,双江县/勐库镇/那赛村/小村,临沧｜勐库镇封版树,402,需人工确认,HIERARCHY_ONLY,unassessed,yes,no,no,,00_Inbox/生普产区微产区层级_origin_microregion_全量版_v5_2026-08-17.md:402,层级工作表节点；不等于购买批次原料已验证；不因本表存在而自动填充 origin_*。
OMR-8D101B4A62,白花树自然村,,natural_village,双江县/勐库镇/那赛村,双江县/勐库镇/那赛村/白花树自然村,临沧｜勐库镇封版树,403,需人工确认,HIERARCHY_ONLY,unassessed,no,no,no,,00_Inbox/生普产区微产区层级_origin_microregion_全量版_v5_2026-08-17.md:403,层级工作表节点；不等于购买批次原料已验证；不因本表存在而自动填充 origin_*。
OMR-D43B8D0FB3,下邦木自然村,,natural_village,双江县/勐库镇/那赛村,双江县/勐库镇/那赛村/下邦木自然村,临沧｜勐库镇封版树,404,需人工确认,HIERARCHY_ONLY,unassessed,no,no,no,,00_Inbox/生普产区微产区层级_origin_microregion_全量版_v5_2026-08-17.md:404,层级工作表节点；不等于购买批次原料已验证；不因本表存在而自动填充 origin_*。
OMR-590B054CDF,那蕉村,那焦,natural_village,双江县/勐库镇,双江县/勐库镇/那蕉村,临沧｜勐库镇封版树,406,需人工确认,HIERARCHY_ONLY,unassessed,yes,no,no,,00_Inbox/生普产区微产区层级_origin_microregion_全量版_v5_2026-08-17.md:406,层级工作表节点；不等于购买批次原料已验证；不因本表存在而自动填充 origin_*。
OMR-E820E31B2F,背阴寨,,natural_village,双江县/勐库镇/那蕉村,双江县/勐库镇/那蕉村/背阴寨,临沧｜勐库镇封版树,408,需人工确认,HIERARCHY_ONLY,unassessed,yes,no,no,,00_Inbox/生普产区微产区层级_origin_microregion_全量版_v5_2026-08-17.md:408,层级工作表节点；不等于购买批次原料已验证；不因本表存在而自动填充 origin_*。
OMR-0FA85B06B5,大石房,,待人工判定,双江县/勐库镇/那蕉村,双江县/勐库镇/那蕉村/大石房,临沧｜勐库镇封版树,409,需人工确认,HIERARCHY_ONLY,unassessed,yes,no,no,,00_Inbox/生普产区微产区层级_origin_microregion_全量版_v5_2026-08-17.md:409,层级工作表节点；不等于购买批次原料已验证；不因本表存在而自动填充 origin_*。
OMR-F87360A7AE,三家村,,natural_village,双江县/勐库镇/那蕉村,双江县/勐库镇/那蕉村/三家村,临沧｜勐库镇封版树,410,需人工确认,HIERARCHY_ONLY,unassessed,yes,yes,no,same_name_multiple_paths,00_Inbox/生普产区微产区层级_origin_microregion_全量版_v5_2026-08-17.md:410,层级工作表节点；不等于购买批次原料已验证；不因本表存在而自动填充 origin_*。
OMR-E5459E2011,石头寨,,natural_village,双江县/勐库镇/那蕉村,双江县/勐库镇/那蕉村/石头寨,临沧｜勐库镇封版树,411,需人工确认,HIERARCHY_ONLY,unassessed,yes,yes,no,same_name_multiple_paths,00_Inbox/生普产区微产区层级_origin_microregion_全量版_v5_2026-08-17.md:411,层级工作表节点；不等于购买批次原料已验证；不因本表存在而自动填充 origin_*。
OMR-4D10183F54,大寨,,natural_village,双江县/勐库镇/那蕉村,双江县/勐库镇/那蕉村/大寨,临沧｜勐库镇封版树,412,需人工确认,HIERARCHY_ONLY,unassessed,yes,yes,no,,00_Inbox/生普产区微产区层级_origin_microregion_全量版_v5_2026-08-17.md:412,层级工作表节点；不等于购买批次原料已验证；不因本表存在而自动填充 origin_*。
OMR-E80FA19971,偏坡寨,,natural_village,双江县/勐库镇/那蕉村,双江县/勐库镇/那蕉村/偏坡寨,临沧｜勐库镇封版树,413,需人工确认,HIERARCHY_ONLY,unassessed,yes,no,no,,00_Inbox/生普产区微产区层级_origin_microregion_全量版_v5_2026-08-17.md:413,层级工作表节点；不等于购买批次原料已验证；不因本表存在而自动填充 origin_*。
OMR-A7801BFFDD,橄榄山,,mountain,双江县/勐库镇/那蕉村,双江县/勐库镇/那蕉村/橄榄山,临沧｜勐库镇封版树,414,需人工确认,HIERARCHY_ONLY,unassessed,yes,no,no,,00_Inbox/生普产区微产区层级_origin_microregion_全量版_v5_2026-08-17.md:414,层级工作表节点；不等于购买批次原料已验证；不因本表存在而自动填充 origin_*。
OMR-0E1108C5D1,邦读村,,natural_village,双江县/勐库镇,双江县/勐库镇/邦读村,临沧｜勐库镇封版树,416,需人工确认,HIERARCHY_ONLY,unassessed,no,no,no,,00_Inbox/生普产区微产区层级_origin_microregion_全量版_v5_2026-08-17.md:416,层级工作表节点；不等于购买批次原料已验证；不因本表存在而自动填充 origin_*。
OMR-5C2683DB33,邦读,,待人工判定,双江县/勐库镇/邦读村,双江县/勐库镇/邦读村/邦读,临沧｜勐库镇封版树,417,需人工确认,HIERARCHY_ONLY,unassessed,yes,no,no,,00_Inbox/生普产区微产区层级_origin_microregion_全量版_v5_2026-08-17.md:417,层级工作表节点；不等于购买批次原料已验证；不因本表存在而自动填充 origin_*。
OMR-34FD81672D,文库,,待人工判定,双江县/勐库镇/邦读村,双江县/勐库镇/邦读村/文库,临沧｜勐库镇封版树,418,需人工确认,HIERARCHY_ONLY,unassessed,yes,no,no,,00_Inbox/生普产区微产区层级_origin_microregion_全量版_v5_2026-08-17.md:418,层级工作表节点；不等于购买批次原料已验证；不因本表存在而自动填充 origin_*。
OMR-CBAE161BD3,上里皮金,,待人工判定,双江县/勐库镇/邦读村,双江县/勐库镇/邦读村/上里皮金,临沧｜勐库镇封版树,419,需人工确认,HIERARCHY_ONLY,unassessed,yes,no,no,,00_Inbox/生普产区微产区层级_origin_microregion_全量版_v5_2026-08-17.md:419,层级工作表节点；不等于购买批次原料已验证；不因本表存在而自动填充 origin_*。
OMR-A524264EE4,下里皮金,,待人工判定,双江县/勐库镇/邦读村,双江县/勐库镇/邦读村/下里皮金,临沧｜勐库镇封版树,420,需人工确认,HIERARCHY_ONLY,unassessed,yes,no,no,,00_Inbox/生普产区微产区层级_origin_microregion_全量版_v5_2026-08-17.md:420,层级工作表节点；不等于购买批次原料已验证；不因本表存在而自动填充 origin_*。
OMR-E21C24C3D7,梁子组,,village_group,双江县/勐库镇/邦读村,双江县/勐库镇/邦读村/梁子组,临沧｜勐库镇封版树,421,需人工确认,HIERARCHY_ONLY,unassessed,yes,no,no,same_name_multiple_paths,00_Inbox/生普产区微产区层级_origin_microregion_全量版_v5_2026-08-17.md:421,层级工作表节点；不等于购买批次原料已验证；不因本表存在而自动填充 origin_*。
OMR-50A4900E6C,亥公村,,natural_village,双江县/勐库镇,双江县/勐库镇/亥公村,临沧｜勐库镇封版树,423,需人工确认,HIERARCHY_ONLY,unassessed,no,no,no,,00_Inbox/生普产区微产区层级_origin_microregion_全量版_v5_2026-08-17.md:423,层级工作表节点；不等于购买批次原料已验证；不因本表存在而自动填充 origin_*。
OMR-78623E29D9,东来自然村,,natural_village,双江县/勐库镇/亥公村,双江县/勐库镇/亥公村/东来自然村,临沧｜勐库镇封版树,424,需人工确认,HIERARCHY_ONLY,unassessed,yes,no,no,,00_Inbox/生普产区微产区层级_origin_microregion_全量版_v5_2026-08-17.md:424,层级工作表节点；不等于购买批次原料已验证；不因本表存在而自动填充 origin_*。
OMR-AC040ABDA1,下亥公自然村,,natural_village,双江县/勐库镇/亥公村,双江县/勐库镇/亥公村/下亥公自然村,临沧｜勐库镇封版树,425,需人工确认,HIERARCHY_ONLY,unassessed,yes,no,no,,00_Inbox/生普产区微产区层级_origin_microregion_全量版_v5_2026-08-17.md:425,层级工作表节点；不等于购买批次原料已验证；不因本表存在而自动填充 origin_*。
OMR-A62C36FCFE,忙那村,,natural_village,双江县/勐库镇,双江县/勐库镇/忙那村,临沧｜勐库镇封版树,427,需人工确认,HIERARCHY_ONLY,unassessed,yes,no,no,,00_Inbox/生普产区微产区层级_origin_microregion_全量版_v5_2026-08-17.md:427,层级工作表节点；不等于购买批次原料已验证；不因本表存在而自动填充 origin_*。
OMR-7195A7F245,嘎告,,待人工判定,双江县/勐库镇/忙那村,双江县/勐库镇/忙那村/嘎告,临沧｜勐库镇封版树,428,需人工确认,HIERARCHY_ONLY,unassessed,yes,no,no,,00_Inbox/生普产区微产区层级_origin_microregion_全量版_v5_2026-08-17.md:428,层级工作表节点；不等于购买批次原料已验证；不因本表存在而自动填充 origin_*。
OMR-70FBCF5EC0,梁子村,,natural_village,双江县/勐库镇,双江县/勐库镇/梁子村,临沧｜勐库镇封版树,430,需人工确认,HIERARCHY_ONLY,unassessed,yes,yes,no,,00_Inbox/生普产区微产区层级_origin_microregion_全量版_v5_2026-08-17.md:430,层级工作表节点；不等于购买批次原料已验证；不因本表存在而自动填充 origin_*。
OMR-1DD4EAFBAD,小荒田组,,village_group,双江县/勐库镇/梁子村,双江县/勐库镇/梁子村/小荒田组,临沧｜勐库镇封版树,431,需人工确认,HIERARCHY_ONLY,unassessed,yes,yes,no,,00_Inbox/生普产区微产区层级_origin_microregion_全量版_v5_2026-08-17.md:431,层级工作表节点；不等于购买批次原料已验证；不因本表存在而自动填充 origin_*。
OMR-1690D56165,忙蚌？,,待人工判定,双江县/勐库镇/梁子村,双江县/勐库镇/梁子村/忙蚌？,临沧｜勐库镇封版树,432,需人工确认,HIERARCHY_ONLY,unassessed,no,no,no,name_unresolved|raw_status_hint,00_Inbox/生普产区微产区层级_origin_microregion_全量版_v5_2026-08-17.md:432,层级工作表节点；不等于购买批次原料已验证；不因本表存在而自动填充 origin_*。 原文标记：较新官方文件。
OMR-B4579AB088,城子社区,,county,双江县/勐库镇,双江县/勐库镇/城子社区,临沧｜勐库镇封版树,434,需人工确认,HIERARCHY_ONLY,unassessed,yes,no,no,,00_Inbox/生普产区微产区层级_origin_microregion_全量版_v5_2026-08-17.md:434,层级工作表节点；不等于购买批次原料已验证；不因本表存在而自动填充 origin_*。
OMR-7DFA9CFBB2,忙蚌,,待人工判定,双江县/勐库镇/城子社区,双江县/勐库镇/城子社区/忙蚌,临沧｜勐库镇封版树,435,需人工确认,HIERARCHY_ONLY,unassessed,yes,no,no,raw_status_hint,00_Inbox/生普产区微产区层级_origin_microregion_全量版_v5_2026-08-17.md:435,层级工作表节点；不等于购买批次原料已验证；不因本表存在而自动填充 origin_*。 原文标记：历史上明确属原城子村。
OMR-261A82B46F,忙糯乡,,township,双江县,双江县/忙糯乡,双江｜非勐库节点,531,需人工确认,HIERARCHY_ONLY,unassessed,yes,yes,no,same_name_multiple_paths,00_Inbox/生普产区微产区层级_origin_microregion_全量版_v5_2026-08-17.md:531,层级工作表节点；不等于购买批次原料已验证；不因本表存在而自动填充 origin_*。
OMR-F5CEC224EC,康太村,,natural_village,双江县/忙糯乡,双江县/忙糯乡/康太村,双江｜非勐库节点,532,需人工确认,HIERARCHY_ONLY,unassessed,yes,yes,no,,00_Inbox/生普产区微产区层级_origin_microregion_全量版_v5_2026-08-17.md:532,层级工作表节点；不等于购买批次原料已验证；不因本表存在而自动填充 origin_*。
OMR-70D213AF55,黄草林,,待人工判定,双江县/忙糯乡/康太村,双江县/忙糯乡/康太村/黄草林,双江｜非勐库节点,533,需人工确认,HIERARCHY_ONLY,unassessed,yes,yes,no,,00_Inbox/生普产区微产区层级_origin_microregion_全量版_v5_2026-08-17.md:533,层级工作表节点；不等于购买批次原料已验证；不因本表存在而自动填充 origin_*。
OMR-9AA821AA09,上寨,,natural_village,双江县/忙糯乡/康太村/黄草林,双江县/忙糯乡/康太村/黄草林/上寨,双江｜非勐库节点,534,需人工确认,HIERARCHY_ONLY,unassessed,yes,yes,no,,00_Inbox/生普产区微产区层级_origin_microregion_全量版_v5_2026-08-17.md:534,层级工作表节点；不等于购买批次原料已验证；不因本表存在而自动填充 origin_*。
OMR-A009D21EFB,下寨,,natural_village,双江县/忙糯乡/康太村/黄草林,双江县/忙糯乡/康太村/黄草林/下寨,双江｜非勐库节点,535,需人工确认,HIERARCHY_ONLY,unassessed,yes,yes,no,same_name_multiple_paths,00_Inbox/生普产区微产区层级_origin_microregion_全量版_v5_2026-08-17.md:535,层级工作表节点；不等于购买批次原料已验证；不因本表存在而自动填充 origin_*。
OMR-D58615693D,邦丙乡,,township,双江县,双江县/邦丙乡,双江｜非勐库节点,542,需人工确认,HIERARCHY_ONLY,unassessed,yes,no,no,same_name_multiple_paths,00_Inbox/生普产区微产区层级_origin_microregion_全量版_v5_2026-08-17.md:542,层级工作表节点；不等于购买批次原料已验证；不因本表存在而自动填充 origin_*。
OMR-D2AB09270C,岔箐村,,natural_village,双江县/邦丙乡,双江县/邦丙乡/岔箐村,双江｜非勐库节点,543,需人工确认,HIERARCHY_ONLY,unassessed,yes,no,no,,00_Inbox/生普产区微产区层级_origin_microregion_全量版_v5_2026-08-17.md:543,层级工作表节点；不等于购买批次原料已验证；不因本表存在而自动填充 origin_*。
OMR-E61CB0A690,沙河乡,,township,双江县,双江县/沙河乡,双江｜非勐库节点,550,需人工确认,HIERARCHY_ONLY,unassessed,yes,no,no,same_name_multiple_paths,00_Inbox/生普产区微产区层级_origin_microregion_全量版_v5_2026-08-17.md:550,层级工作表节点；不等于购买批次原料已验证；不因本表存在而自动填充 origin_*。
OMR-6ED36D44B5,营盘,,待人工判定,双江县/沙河乡,双江县/沙河乡/营盘,双江｜非勐库节点,551,需人工确认,HIERARCHY_ONLY,unassessed,yes,yes,no,same_name_multiple_paths,00_Inbox/生普产区微产区层级_origin_microregion_全量版_v5_2026-08-17.md:551,层级工作表节点；不等于购买批次原料已验证；不因本表存在而自动填充 origin_*。
OMR-6B5AA413A7,邦协,,待人工判定,双江县/沙河乡,双江县/沙河乡/邦协,双江｜非勐库节点,552,需人工确认,HIERARCHY_ONLY,unassessed,yes,no,no,,00_Inbox/生普产区微产区层级_origin_microregion_全量版_v5_2026-08-17.md:552,层级工作表节点；不等于购买批次原料已验证；不因本表存在而自动填充 origin_*。
OMR-492EA28277,邦木,,待人工判定,双江县/沙河乡,双江县/沙河乡/邦木,双江｜非勐库节点,553,需人工确认,HIERARCHY_ONLY,unassessed,yes,no,no,,00_Inbox/生普产区微产区层级_origin_microregion_全量版_v5_2026-08-17.md:553,层级工作表节点；不等于购买批次原料已验证；不因本表存在而自动填充 origin_*。
OMR-2C367F8F3B,陈家寨,,natural_village,双江县/沙河乡,双江县/沙河乡/陈家寨,双江｜非勐库节点,554,需人工确认,HIERARCHY_ONLY,unassessed,yes,no,no,,00_Inbox/生普产区微产区层级_origin_microregion_全量版_v5_2026-08-17.md:554,层级工作表节点；不等于购买批次原料已验证；不因本表存在而自动填充 origin_*。
OMR-D81DAEF1CD,平掌,,待人工判定,双江县/沙河乡,双江县/沙河乡/平掌,双江｜非勐库节点,555,需人工确认,HIERARCHY_ONLY,unassessed,yes,yes,no,,00_Inbox/生普产区微产区层级_origin_microregion_全量版_v5_2026-08-17.md:555,层级工作表节点；不等于购买批次原料已验证；不因本表存在而自动填充 origin_*。
OMR-EB98DD6AF9,下巴哈,,待人工判定,双江县/沙河乡,双江县/沙河乡/下巴哈,双江｜非勐库节点,556,需人工确认,HIERARCHY_ONLY,unassessed,yes,no,no,,00_Inbox/生普产区微产区层级_origin_microregion_全量版_v5_2026-08-17.md:556,层级工作表节点；不等于购买批次原料已验证；不因本表存在而自动填充 origin_*。
OMR-E020096CC7,一芽,,待人工判定,临翔区,临翔区/一芽,临沧｜临翔区封版树 v2,568,需人工确认,HIERARCHY_ONLY,unassessed,yes,yes,no,,00_Inbox/生普产区微产区层级_origin_microregion_全量版_v5_2026-08-17.md:568,层级工作表节点；不等于购买批次原料已验证；不因本表存在而自动填充 origin_*。
OMR-35F987B59D,马台芽茶,,待人工判定,临翔区/一芽,临翔区/一芽/马台芽茶,临沧｜临翔区封版树 v2,569,需人工确认,HIERARCHY_ONLY,unassessed,yes,no,no,,00_Inbox/生普产区微产区层级_origin_microregion_全量版_v5_2026-08-17.md:569,层级工作表节点；不等于购买批次原料已验证；不因本表存在而自动填充 origin_*。
OMR-5439C97050,四区,,county,临翔区,临翔区/四区,临沧｜临翔区封版树 v2,572,需人工确认,HIERARCHY_ONLY,unassessed,yes,yes,no,,00_Inbox/生普产区微产区层级_origin_microregion_全量版_v5_2026-08-17.md:572,层级工作表节点；不等于购买批次原料已验证；不因本表存在而自动填充 origin_*。
OMR-CDB44BD5A4,坡脚产区,,county,临翔区/四区,临翔区/四区/坡脚产区,临沧｜临翔区封版树 v2,573,需人工确认,HIERARCHY_ONLY,unassessed,yes,no,no,same_name_multiple_paths,00_Inbox/生普产区微产区层级_origin_microregion_全量版_v5_2026-08-17.md:573,层级工作表节点；不等于购买批次原料已验证；不因本表存在而自动填充 origin_*。
OMR-25A9EF9FFB,曼毫产区,,county,临翔区/四区,临翔区/四区/曼毫产区,临沧｜临翔区封版树 v2,574,需人工确认,HIERARCHY_ONLY,unassessed,yes,no,no,same_name_multiple_paths,00_Inbox/生普产区微产区层级_origin_microregion_全量版_v5_2026-08-17.md:574,层级工作表节点；不等于购买批次原料已验证；不因本表存在而自动填充 origin_*。
OMR-EF287C7A8A,晓光山产区,,county,临翔区/四区,临翔区/四区/晓光山产区,临沧｜临翔区封版树 v2,575,需人工确认,HIERARCHY_ONLY,unassessed,yes,no,no,,00_Inbox/生普产区微产区层级_origin_microregion_全量版_v5_2026-08-17.md:575,层级工作表节点；不等于购买批次原料已验证；不因本表存在而自动填充 origin_*。
OMR-391887F4B9,冰赛产区,,county,临翔区/四区,临翔区/四区/冰赛产区,临沧｜临翔区封版树 v2,576,需人工确认,HIERARCHY_ONLY,unassessed,yes,no,no,,00_Inbox/生普产区微产区层级_origin_microregion_全量版_v5_2026-08-17.md:576,层级工作表节点；不等于购买批次原料已验证；不因本表存在而自动填充 origin_*。
OMR-9E1811930E,七山｜昔归七山,,mountain,临翔区,临翔区/七山｜昔归七山,临沧｜临翔区封版树 v2,578,需人工确认,HIERARCHY_ONLY,unassessed,yes,no,no,,00_Inbox/生普产区微产区层级_origin_microregion_全量版_v5_2026-08-17.md:578,层级工作表节点；不等于购买批次原料已验证；不因本表存在而自动填充 origin_*。
OMR-4C8B385AD8,忙麓山,,mountain,临翔区/七山｜昔归七山,临翔区/七山｜昔归七山/忙麓山,临沧｜临翔区封版树 v2,579,需人工确认,HIERARCHY_ONLY,unassessed,yes,yes,yes,same_name_multiple_paths,00_Inbox/生普产区微产区层级_origin_microregion_全量版_v5_2026-08-17.md:579,层级工作表节点；不等于购买批次原料已验证；不因本表存在而自动填充 origin_*。
OMR-8C9F5107DB,那罕,,待人工判定,临翔区/七山｜昔归七山,临翔区/七山｜昔归七山/那罕,临沧｜临翔区封版树 v2,580,需人工确认,HIERARCHY_ONLY,unassessed,yes,yes,no,same_name_multiple_paths,00_Inbox/生普产区微产区层级_origin_microregion_全量版_v5_2026-08-17.md:580,层级工作表节点；不等于购买批次原料已验证；不因本表存在而自动填充 origin_*。
OMR-D22C434DB2,曼岗,,待人工判定,临翔区/七山｜昔归七山,临翔区/七山｜昔归七山/曼岗,临沧｜临翔区封版树 v2,581,需人工确认,HIERARCHY_ONLY,unassessed,yes,yes,no,same_name_multiple_paths,00_Inbox/生普产区微产区层级_origin_microregion_全量版_v5_2026-08-17.md:581,层级工作表节点；不等于购买批次原料已验证；不因本表存在而自动填充 origin_*。
OMR-26BFF6FA20,草籽地,,待人工判定,临翔区/七山｜昔归七山,临翔区/七山｜昔归七山/草籽地,临沧｜临翔区封版树 v2,582,需人工确认,HIERARCHY_ONLY,unassessed,yes,yes,no,same_name_multiple_paths,00_Inbox/生普产区微产区层级_origin_microregion_全量版_v5_2026-08-17.md:582,层级工作表节点；不等于购买批次原料已验证；不因本表存在而自动填充 origin_*。
OMR-E6750CD97B,昔归绿水塘,,待人工判定,临翔区/七山｜昔归七山,临翔区/七山｜昔归七山/昔归绿水塘,临沧｜临翔区封版树 v2,583,需人工确认,HIERARCHY_ONLY,unassessed,yes,yes,no,same_name_multiple_paths,00_Inbox/生普产区微产区层级_origin_microregion_全量版_v5_2026-08-17.md:583,层级工作表节点；不等于购买批次原料已验证；不因本表存在而自动填充 origin_*。
OMR-F6BB6CF359,昔归老街子,,待人工判定,临翔区/七山｜昔归七山,临翔区/七山｜昔归七山/昔归老街子,临沧｜临翔区封版树 v2,584,需人工确认,HIERARCHY_ONLY,unassessed,yes,yes,no,same_name_multiple_paths,00_Inbox/生普产区微产区层级_origin_microregion_全量版_v5_2026-08-17.md:584,层级工作表节点；不等于购买批次原料已验证；不因本表存在而自动填充 origin_*。
OMR-99BB145387,丫口,,待人工判定,临翔区/七山｜昔归七山,临翔区/七山｜昔归七山/丫口,临沧｜临翔区封版树 v2,585,需人工确认,HIERARCHY_ONLY,unassessed,yes,yes,no,same_name_multiple_paths,00_Inbox/生普产区微产区层级_origin_microregion_全量版_v5_2026-08-17.md:585,层级工作表节点；不等于购买批次原料已验证；不因本表存在而自动填充 origin_*。
OMR-3FE503FFDA,南美乡,,township,临翔区,临翔区/南美乡,临沧｜临翔区封版树 v2,603,需人工确认,HIERARCHY_ONLY,unassessed,yes,no,no,,00_Inbox/生普产区微产区层级_origin_microregion_全量版_v5_2026-08-17.md:603,层级工作表节点；不等于购买批次原料已验证；不因本表存在而自动填充 origin_*。
OMR-35997B24FB,坡脚村,,natural_village,临翔区/南美乡,临翔区/南美乡/坡脚村,临沧｜临翔区封版树 v2,604,需人工确认,HIERARCHY_ONLY,unassessed,yes,no,no,,00_Inbox/生普产区微产区层级_origin_microregion_全量版_v5_2026-08-17.md:604,层级工作表节点；不等于购买批次原料已验证；不因本表存在而自动填充 origin_*。
OMR-512BC30947,坡脚产区,,county,临翔区/南美乡/坡脚村,临翔区/南美乡/坡脚村/坡脚产区,临沧｜临翔区封版树 v2,605,需人工确认,HIERARCHY_ONLY,unassessed,yes,no,no,same_name_multiple_paths,00_Inbox/生普产区微产区层级_origin_microregion_全量版_v5_2026-08-17.md:605,层级工作表节点；不等于购买批次原料已验证；不因本表存在而自动填充 origin_*。
OMR-97F064574F,蚂蚁堆乡,,township,临翔区,临翔区/蚂蚁堆乡,临沧｜临翔区封版树 v2,617,需人工确认,HIERARCHY_ONLY,unassessed,yes,no,no,,00_Inbox/生普产区微产区层级_origin_microregion_全量版_v5_2026-08-17.md:617,层级工作表节点；不等于购买批次原料已验证；不因本表存在而自动填充 origin_*。
OMR-D6B398D4F3,曼毫村,,natural_village,临翔区/蚂蚁堆乡,临翔区/蚂蚁堆乡/曼毫村,临沧｜临翔区封版树 v2,618,需人工确认,HIERARCHY_ONLY,unassessed,yes,no,no,,00_Inbox/生普产区微产区层级_origin_microregion_全量版_v5_2026-08-17.md:618,层级工作表节点；不等于购买批次原料已验证；不因本表存在而自动填充 origin_*。
OMR-B3F77A90FC,曼毫产区,,county,临翔区/蚂蚁堆乡/曼毫村,临翔区/蚂蚁堆乡/曼毫村/曼毫产区,临沧｜临翔区封版树 v2,619,需人工确认,HIERARCHY_ONLY,unassessed,yes,no,no,same_name_multiple_paths,00_Inbox/生普产区微产区层级_origin_microregion_全量版_v5_2026-08-17.md:619,层级工作表节点；不等于购买批次原料已验证；不因本表存在而自动填充 origin_*。
OMR-69F24AD567,凤翔街道,,township,临翔区,临翔区/凤翔街道,临沧｜临翔区封版树 v2,633,需人工确认,HIERARCHY_ONLY,unassessed,yes,no,no,,00_Inbox/生普产区微产区层级_origin_microregion_全量版_v5_2026-08-17.md:633,层级工作表节点；不等于购买批次原料已验证；不因本表存在而自动填充 origin_*。
OMR-D7423CDDB7,昔本村,,natural_village,临翔区/凤翔街道,临翔区/凤翔街道/昔本村,临沧｜临翔区封版树 v2,634,需人工确认,HIERARCHY_ONLY,unassessed,yes,no,no,,00_Inbox/生普产区微产区层级_origin_microregion_全量版_v5_2026-08-17.md:634,层级工作表节点；不等于购买批次原料已验证；不因本表存在而自动填充 origin_*。
OMR-0D78FAAB88,晓光山古茶园 / 晓光山产区,,county,临翔区/凤翔街道/昔本村,临翔区/凤翔街道/昔本村/晓光山古茶园 / 晓光山产区,临沧｜临翔区封版树 v2,635,需人工确认,HIERARCHY_ONLY,unassessed,yes,no,no,compound_or_alias_name,00_Inbox/生普产区微产区层级_origin_microregion_全量版_v5_2026-08-17.md:635,层级工作表节点；不等于购买批次原料已验证；不因本表存在而自动填充 origin_*。
OMR-7ECD1DD302,圈内乡,,township,冰赛产区,冰赛产区/圈内乡,临沧｜临翔区封版树 v2,656,需人工确认,HIERARCHY_ONLY,unassessed,yes,no,no,,00_Inbox/生普产区微产区层级_origin_microregion_全量版_v5_2026-08-17.md:656,层级工作表节点；不等于购买批次原料已验证；不因本表存在而自动填充 origin_*。
OMR-EA5C70FD30,昆赛村,,natural_village,冰赛产区/圈内乡,冰赛产区/圈内乡/昆赛村,临沧｜临翔区封版树 v2,657,需人工确认,HIERARCHY_ONLY,unassessed,yes,no,no,,00_Inbox/生普产区微产区层级_origin_microregion_全量版_v5_2026-08-17.md:657,层级工作表节点；不等于购买批次原料已验证；不因本表存在而自动填充 origin_*。
OMR-1682E5289C,“冰赛”古茶园,,microplot,冰赛产区/圈内乡/昆赛村,冰赛产区/圈内乡/昆赛村/“冰赛”古茶园,临沧｜临翔区封版树 v2,658,需人工确认,HIERARCHY_ONLY,unassessed,yes,no,no,raw_status_hint,00_Inbox/生普产区微产区层级_origin_microregion_全量版_v5_2026-08-17.md:658,层级工作表节点；不等于购买批次原料已验证；不因本表存在而自动填充 origin_*。 原文标记：历史 / 核心锚点。
OMR-C5010FCC1F,忙定组？,,待人工判定,冰赛产区/圈内乡/昆赛村/“冰赛”古茶园,冰赛产区/圈内乡/昆赛村/“冰赛”古茶园/忙定组？,临沧｜临翔区封版树 v2,659,需人工确认,HIERARCHY_ONLY,unassessed,no,no,no,name_unresolved|raw_status_hint,00_Inbox/生普产区微产区层级_origin_microregion_全量版_v5_2026-08-17.md:659,层级工作表节点；不等于购买批次原料已验证；不因本表存在而自动填充 origin_*。 原文标记：仅生产组织注册地址锚点，不等于古茶园地点。
OMR-F5802BB431,细博村,,natural_village,冰赛产区/圈内乡,冰赛产区/圈内乡/细博村,临沧｜临翔区封版树 v2,660,需人工确认,HIERARCHY_ONLY,unassessed,yes,no,no,,00_Inbox/生普产区微产区层级_origin_microregion_全量版_v5_2026-08-17.md:660,层级工作表节点；不等于购买批次原料已验证；不因本表存在而自动填充 origin_*。
OMR-6024F2262C,博尚镇,,township,冰赛产区,冰赛产区/博尚镇,临沧｜临翔区封版树 v2,662,需人工确认,HIERARCHY_ONLY,unassessed,yes,no,no,,00_Inbox/生普产区微产区层级_origin_microregion_全量版_v5_2026-08-17.md:662,层级工作表节点；不等于购买批次原料已验证；不因本表存在而自动填充 origin_*。
OMR-04A43F972C,那招村,,natural_village,冰赛产区/博尚镇,冰赛产区/博尚镇/那招村,临沧｜临翔区封版树 v2,663,需人工确认,HIERARCHY_ONLY,unassessed,yes,no,no,,00_Inbox/生普产区微产区层级_origin_microregion_全量版_v5_2026-08-17.md:663,层级工作表节点；不等于购买批次原料已验证；不因本表存在而自动填充 origin_*。
OMR-E7EA0E6225,平村乡,,township,冰赛产区,冰赛产区/平村乡,临沧｜临翔区封版树 v2,665,需人工确认,HIERARCHY_ONLY,unassessed,yes,no,no,,00_Inbox/生普产区微产区层级_origin_microregion_全量版_v5_2026-08-17.md:665,层级工作表节点；不等于购买批次原料已验证；不因本表存在而自动填充 origin_*。
OMR-35279850DE,那玉村,,natural_village,冰赛产区/平村乡,冰赛产区/平村乡/那玉村,临沧｜临翔区封版树 v2,666,需人工确认,HIERARCHY_ONLY,unassessed,yes,no,no,,00_Inbox/生普产区微产区层级_origin_microregion_全量版_v5_2026-08-17.md:666,层级工作表节点；不等于购买批次原料已验证；不因本表存在而自动填充 origin_*。
OMR-ABAC1E768E,邦东乡,,township,临翔区,临翔区/邦东乡,临沧｜临翔区封版树 v2,686,可自动填充,HIERARCHY_ONLY,unassessed,yes,no,yes,,00_Inbox/生普产区微产区层级_origin_microregion_全量版_v5_2026-08-17.md:686,层级工作表节点；不等于购买批次原料已验证；不因本表存在而自动填充 origin_*。
OMR-B43E0A532C,邦东村,,natural_village,临翔区/邦东乡,临翔区/邦东乡/邦东村,临沧｜临翔区封版树 v2,687,需人工确认,HIERARCHY_ONLY,unassessed,yes,no,no,,00_Inbox/生普产区微产区层级_origin_microregion_全量版_v5_2026-08-17.md:687,层级工作表节点；不等于购买批次原料已验证；不因本表存在而自动填充 origin_*。
OMR-0AE74D0C2C,昔归自然村,,natural_village,临翔区/邦东乡/邦东村,临翔区/邦东乡/邦东村/昔归自然村,临沧｜临翔区封版树 v2,688,需人工确认,HIERARCHY_ONLY,unassessed,yes,no,no,,00_Inbox/生普产区微产区层级_origin_microregion_全量版_v5_2026-08-17.md:688,层级工作表节点；不等于购买批次原料已验证；不因本表存在而自动填充 origin_*。
OMR-4E37DBB061,忙麓山,,mountain,临翔区/邦东乡/邦东村/昔归自然村,临翔区/邦东乡/邦东村/昔归自然村/忙麓山,临沧｜临翔区封版树 v2,689,需人工确认,HIERARCHY_ONLY,unassessed,yes,yes,yes,same_name_multiple_paths,00_Inbox/生普产区微产区层级_origin_microregion_全量版_v5_2026-08-17.md:689,层级工作表节点；不等于购买批次原料已验证；不因本表存在而自动填充 origin_*。
OMR-E65A313F38,曼岗村,,natural_village,临翔区/邦东乡,临翔区/邦东乡/曼岗村,临沧｜临翔区封版树 v2,701,需人工确认,HIERARCHY_ONLY,unassessed,yes,no,no,,00_Inbox/生普产区微产区层级_origin_microregion_全量版_v5_2026-08-17.md:701,层级工作表节点；不等于购买批次原料已验证；不因本表存在而自动填充 origin_*。
OMR-3165F7D264,曼岗茶区,,county,临翔区/邦东乡/曼岗村,临翔区/邦东乡/曼岗村/曼岗茶区,临沧｜临翔区封版树 v2,702,需人工确认,HIERARCHY_ONLY,unassessed,yes,no,no,,00_Inbox/生普产区微产区层级_origin_microregion_全量版_v5_2026-08-17.md:702,层级工作表节点；不等于购买批次原料已验证；不因本表存在而自动填充 origin_*。
OMR-9C88E3DB0A,那罕组 / 那罕寨,,natural_village,临翔区/邦东乡/曼岗村,临翔区/邦东乡/曼岗村/那罕组 / 那罕寨,临沧｜临翔区封版树 v2,703,需人工确认,HIERARCHY_ONLY,unassessed,yes,no,no,compound_or_alias_name,00_Inbox/生普产区微产区层级_origin_microregion_全量版_v5_2026-08-17.md:703,层级工作表节点；不等于购买批次原料已验证；不因本表存在而自动填充 origin_*。
OMR-82727C816D,和平村,,natural_village,临翔区/邦东乡,临翔区/邦东乡/和平村,临沧｜临翔区封版树 v2,722,需人工确认,HIERARCHY_ONLY,unassessed,yes,no,no,,00_Inbox/生普产区微产区层级_origin_microregion_全量版_v5_2026-08-17.md:722,层级工作表节点；不等于购买批次原料已验证；不因本表存在而自动填充 origin_*。
OMR-057ED506D8,丫口寨,,natural_village,临翔区/邦东乡/和平村,临翔区/邦东乡/和平村/丫口寨,临沧｜临翔区封版树 v2,723,需人工确认,HIERARCHY_ONLY,unassessed,yes,no,no,,00_Inbox/生普产区微产区层级_origin_microregion_全量版_v5_2026-08-17.md:723,层级工作表节点；不等于购买批次原料已验证；不因本表存在而自动填充 origin_*。
OMR-7E10556E3D,忙麓山,,mountain,昔归七山,昔归七山/忙麓山,临沧｜临翔区封版树 v2,769,需人工确认,HIERARCHY_ONLY,unassessed,yes,yes,yes,same_name_multiple_paths,00_Inbox/生普产区微产区层级_origin_microregion_全量版_v5_2026-08-17.md:769,层级工作表节点；不等于购买批次原料已验证；不因本表存在而自动填充 origin_*。
OMR-3A32AE9C3F,那罕,,待人工判定,昔归七山,昔归七山/那罕,临沧｜临翔区封版树 v2,770,需人工确认,HIERARCHY_ONLY,unassessed,yes,yes,no,same_name_multiple_paths,00_Inbox/生普产区微产区层级_origin_microregion_全量版_v5_2026-08-17.md:770,层级工作表节点；不等于购买批次原料已验证；不因本表存在而自动填充 origin_*。
OMR-9D69D300CB,曼岗,,待人工判定,昔归七山,昔归七山/曼岗,临沧｜临翔区封版树 v2,771,需人工确认,HIERARCHY_ONLY,unassessed,yes,yes,no,same_name_multiple_paths,00_Inbox/生普产区微产区层级_origin_microregion_全量版_v5_2026-08-17.md:771,层级工作表节点；不等于购买批次原料已验证；不因本表存在而自动填充 origin_*。
OMR-F5ADB5C403,草籽地,,待人工判定,昔归七山,昔归七山/草籽地,临沧｜临翔区封版树 v2,772,需人工确认,HIERARCHY_ONLY,unassessed,yes,yes,no,same_name_multiple_paths,00_Inbox/生普产区微产区层级_origin_microregion_全量版_v5_2026-08-17.md:772,层级工作表节点；不等于购买批次原料已验证；不因本表存在而自动填充 origin_*。
OMR-6CE07449CE,昔归绿水塘,,待人工判定,昔归七山,昔归七山/昔归绿水塘,临沧｜临翔区封版树 v2,773,需人工确认,HIERARCHY_ONLY,unassessed,yes,yes,no,same_name_multiple_paths,00_Inbox/生普产区微产区层级_origin_microregion_全量版_v5_2026-08-17.md:773,层级工作表节点；不等于购买批次原料已验证；不因本表存在而自动填充 origin_*。
OMR-864D63A22A,昔归老街子,,待人工判定,昔归七山,昔归七山/昔归老街子,临沧｜临翔区封版树 v2,774,需人工确认,HIERARCHY_ONLY,unassessed,yes,yes,no,same_name_multiple_paths,00_Inbox/生普产区微产区层级_origin_microregion_全量版_v5_2026-08-17.md:774,层级工作表节点；不等于购买批次原料已验证；不因本表存在而自动填充 origin_*。
OMR-63A88D2457,丫口,,待人工判定,昔归七山,昔归七山/丫口,临沧｜临翔区封版树 v2,775,需人工确认,HIERARCHY_ONLY,unassessed,yes,yes,no,same_name_multiple_paths,00_Inbox/生普产区微产区层级_origin_microregion_全量版_v5_2026-08-17.md:775,层级工作表节点；不等于购买批次原料已验证；不因本表存在而自动填充 origin_*。
OMR-A866189051,小勐统镇,,township,永德县,永德县/小勐统镇,临沧｜永德封版树 v2,792,需人工确认,HIERARCHY_ONLY,unassessed,yes,no,no,,00_Inbox/生普产区微产区层级_origin_microregion_全量版_v5_2026-08-17.md:792,层级工作表节点；不等于购买批次原料已验证；不因本表存在而自动填充 origin_*。
OMR-F1C6921200,梅子箐村,,natural_village,永德县/小勐统镇,永德县/小勐统镇/梅子箐村,临沧｜永德封版树 v2,793,需人工确认,HIERARCHY_ONLY,unassessed,yes,yes,no,,00_Inbox/生普产区微产区层级_origin_microregion_全量版_v5_2026-08-17.md:793,层级工作表节点；不等于购买批次原料已验证；不因本表存在而自动填充 origin_*。
OMR-D17C78F84B,锅底塘核心区,,county,永德县/小勐统镇/梅子箐村,永德县/小勐统镇/梅子箐村/锅底塘核心区,临沧｜永德封版树 v2,794,需人工确认,HIERARCHY_ONLY,unassessed,yes,no,no,raw_status_hint,00_Inbox/生普产区微产区层级_origin_microregion_全量版_v5_2026-08-17.md:794,层级工作表节点；不等于购买批次原料已验证；不因本表存在而自动填充 origin_*。 原文标记：official core tea area。
OMR-F203B64506,大洼寨古茶园,,microplot,永德县/小勐统镇/梅子箐村,永德县/小勐统镇/梅子箐村/大洼寨古茶园,临沧｜永德封版树 v2,795,需人工确认,HIERARCHY_ONLY,unassessed,yes,no,no,raw_status_hint,00_Inbox/生普产区微产区层级_origin_microregion_全量版_v5_2026-08-17.md:795,层级工作表节点；不等于购买批次原料已验证；不因本表存在而自动填充 origin_*。 原文标记：official protected cultivated ancient tea garden。
OMR-DAB123A729,大茶地？,,待人工判定,永德县/小勐统镇/梅子箐村,永德县/小勐统镇/梅子箐村/大茶地？,临沧｜永德封版树 v2,796,需人工确认,HIERARCHY_ONLY,unassessed,no,no,no,name_unresolved|raw_status_hint,00_Inbox/生普产区微产区层级_origin_microregion_全量版_v5_2026-08-17.md:796,层级工作表节点；不等于购买批次原料已验证；不因本表存在而自动填充 origin_*。 原文标记：candidate。
OMR-9F34D681CD,茶地洼子？,,待人工判定,永德县/小勐统镇/梅子箐村,永德县/小勐统镇/梅子箐村/茶地洼子？,临沧｜永德封版树 v2,797,需人工确认,HIERARCHY_ONLY,unassessed,no,no,no,name_unresolved|raw_status_hint,00_Inbox/生普产区微产区层级_origin_microregion_全量版_v5_2026-08-17.md:797,层级工作表节点；不等于购买批次原料已验证；不因本表存在而自动填充 origin_*。 原文标记：candidate。
OMR-161FBC469B,绿荫塘？,,待人工判定,永德县/小勐统镇/梅子箐村,永德县/小勐统镇/梅子箐村/绿荫塘？,临沧｜永德封版树 v2,798,需人工确认,HIERARCHY_ONLY,unassessed,no,no,no,name_unresolved|raw_status_hint,00_Inbox/生普产区微产区层级_origin_microregion_全量版_v5_2026-08-17.md:798,层级工作表节点；不等于购买批次原料已验证；不因本表存在而自动填充 origin_*。 原文标记：candidate。
OMR-51299C994B,烂地垭口？,,待人工判定,永德县/小勐统镇/梅子箐村,永德县/小勐统镇/梅子箐村/烂地垭口？,临沧｜永德封版树 v2,799,需人工确认,HIERARCHY_ONLY,unassessed,no,no,no,name_unresolved|raw_status_hint,00_Inbox/生普产区微产区层级_origin_microregion_全量版_v5_2026-08-17.md:799,层级工作表节点；不等于购买批次原料已验证；不因本表存在而自动填充 origin_*。 原文标记：candidate。
OMR-CA66509F04,土城山？,,mountain,永德县/小勐统镇/梅子箐村,永德县/小勐统镇/梅子箐村/土城山？,临沧｜永德封版树 v2,800,需人工确认,HIERARCHY_ONLY,unassessed,no,no,no,name_unresolved|raw_status_hint,00_Inbox/生普产区微产区层级_origin_microregion_全量版_v5_2026-08-17.md:800,层级工作表节点；不等于购买批次原料已验证；不因本表存在而自动填充 origin_*。 原文标记：candidate。
OMR-442A3DE844,勐板乡,,township,永德县,永德县/勐板乡,临沧｜永德封版树 v2,837,需人工确认,HIERARCHY_ONLY,unassessed,yes,no,no,,00_Inbox/生普产区微产区层级_origin_microregion_全量版_v5_2026-08-17.md:837,层级工作表节点；不等于购买批次原料已验证；不因本表存在而自动填充 origin_*。
OMR-35E34694EB,忙肺村,,natural_village,永德县/勐板乡,永德县/勐板乡/忙肺村,临沧｜永德封版树 v2,838,需人工确认,HIERARCHY_ONLY,unassessed,yes,no,no,,00_Inbox/生普产区微产区层级_origin_microregion_全量版_v5_2026-08-17.md:838,层级工作表节点；不等于购买批次原料已验证；不因本表存在而自动填充 origin_*。
OMR-5DA5117C08,忙肺古茶园 / 核心产区,,county,永德县/勐板乡/忙肺村,永德县/勐板乡/忙肺村/忙肺古茶园 / 核心产区,临沧｜永德封版树 v2,839,需人工确认,HIERARCHY_ONLY,unassessed,no,no,no,compound_or_alias_name,00_Inbox/生普产区微产区层级_origin_microregion_全量版_v5_2026-08-17.md:839,层级工作表节点；不等于购买批次原料已验证；不因本表存在而自动填充 origin_*。
OMR-BB5AFB73B6,尖山自然村,,natural_village,永德县/勐板乡/忙肺村,永德县/勐板乡/忙肺村/尖山自然村,临沧｜永德封版树 v2,840,需人工确认,HIERARCHY_ONLY,unassessed,yes,no,no,raw_status_hint,00_Inbox/生普产区微产区层级_origin_microregion_全量版_v5_2026-08-17.md:840,层级工作表节点；不等于购买批次原料已验证；不因本表存在而自动填充 origin_*。 原文标记：tea-production verified; microorigin candidate。
OMR-3E048555AB,曼兰干寨,,natural_village,永德县/勐板乡/忙肺村,永德县/勐板乡/忙肺村/曼兰干寨,临沧｜永德封版树 v2,841,需人工确认,HIERARCHY_ONLY,unassessed,yes,no,no,,00_Inbox/生普产区微产区层级_origin_microregion_全量版_v5_2026-08-17.md:841,层级工作表节点；不等于购买批次原料已验证；不因本表存在而自动填充 origin_*。
OMR-DDF97E0CA8,新田坡古茶园,,microplot,永德县/勐板乡/忙肺村/曼兰干寨,永德县/勐板乡/忙肺村/曼兰干寨/新田坡古茶园,临沧｜永德封版树 v2,842,需人工确认,HIERARCHY_ONLY,unassessed,yes,no,no,raw_status_hint,00_Inbox/生普产区微产区层级_origin_microregion_全量版_v5_2026-08-17.md:842,层级工作表节点；不等于购买批次原料已验证；不因本表存在而自动填充 origin_*。 原文标记：official protected。
OMR-7A7EF2EFDA,大玉米地古茶园,,microplot,永德县/勐板乡/忙肺村/曼兰干寨,永德县/勐板乡/忙肺村/曼兰干寨/大玉米地古茶园,临沧｜永德封版树 v2,843,需人工确认,HIERARCHY_ONLY,unassessed,yes,no,no,raw_status_hint,00_Inbox/生普产区微产区层级_origin_microregion_全量版_v5_2026-08-17.md:843,层级工作表节点；不等于购买批次原料已验证；不因本表存在而自动填充 origin_*。 原文标记：official protected。
OMR-0F00F3BA6A,风吹山古茶园,,microplot,永德县/勐板乡/忙肺村/曼兰干寨,永德县/勐板乡/忙肺村/曼兰干寨/风吹山古茶园,临沧｜永德封版树 v2,844,需人工确认,HIERARCHY_ONLY,unassessed,yes,no,no,raw_status_hint,00_Inbox/生普产区微产区层级_origin_microregion_全量版_v5_2026-08-17.md:844,层级工作表节点；不等于购买批次原料已验证；不因本表存在而自动填充 origin_*。 原文标记：official protected。
OMR-7BEAC1E1EB,大雪山乡一侧,,ecological_anchor,永德大雪山山地生态系统,永德大雪山山地生态系统/大雪山乡一侧,临沧｜永德封版树 v2,870,需人工确认,HIERARCHY_ONLY,unassessed,no,no,no,,00_Inbox/生普产区微产区层级_origin_microregion_全量版_v5_2026-08-17.md:870,层级工作表节点；不等于购买批次原料已验证；不因本表存在而自动填充 origin_*。
OMR-E457A90A8C,曼来村,,natural_village,永德大雪山山地生态系统/大雪山乡一侧,永德大雪山山地生态系统/大雪山乡一侧/曼来村,临沧｜永德封版树 v2,871,需人工确认,HIERARCHY_ONLY,unassessed,yes,no,no,same_name_multiple_paths,00_Inbox/生普产区微产区层级_origin_microregion_全量版_v5_2026-08-17.md:871,层级工作表节点；不等于购买批次原料已验证；不因本表存在而自动填充 origin_*。
OMR-066D099F5E,曼来古茶资源 / 茶山,,tea_area,永德大雪山山地生态系统/大雪山乡一侧/曼来村,永德大雪山山地生态系统/大雪山乡一侧/曼来村/曼来古茶资源 / 茶山,临沧｜永德封版树 v2,872,需人工确认,HIERARCHY_ONLY,unassessed,no,no,no,compound_or_alias_name,00_Inbox/生普产区微产区层级_origin_microregion_全量版_v5_2026-08-17.md:872,层级工作表节点；不等于购买批次原料已验证；不因本表存在而自动填充 origin_*。
OMR-C92D486954,大平掌村,,natural_village,永德大雪山山地生态系统/大雪山乡一侧,永德大雪山山地生态系统/大雪山乡一侧/大平掌村,临沧｜永德封版树 v2,873,需人工确认,HIERARCHY_ONLY,unassessed,yes,no,no,same_name_multiple_paths,00_Inbox/生普产区微产区层级_origin_microregion_全量版_v5_2026-08-17.md:873,层级工作表节点；不等于购买批次原料已验证；不因本表存在而自动填充 origin_*。
OMR-B3A11CF8B2,班尾 / 帮尾古茶园,,microplot,永德大雪山山地生态系统/大雪山乡一侧/大平掌村,永德大雪山山地生态系统/大雪山乡一侧/大平掌村/班尾 / 帮尾古茶园,临沧｜永德封版树 v2,874,需人工确认,HIERARCHY_ONLY,unassessed,yes,no,no,compound_or_alias_name,00_Inbox/生普产区微产区层级_origin_microregion_全量版_v5_2026-08-17.md:874,层级工作表节点；不等于购买批次原料已验证；不因本表存在而自动填充 origin_*。
OMR-E51D673310,大雪山—乌木龙交界原始森林,,ecological_anchor,永德大雪山山地生态系统,永德大雪山山地生态系统/大雪山—乌木龙交界原始森林,临沧｜永德封版树 v2,876,需人工确认,HIERARCHY_ONLY,unassessed,no,no,no,,00_Inbox/生普产区微产区层级_origin_microregion_全量版_v5_2026-08-17.md:876,层级工作表节点；不等于购买批次原料已验证；不因本表存在而自动填充 origin_*。
OMR-A19052B598,干河,,待人工判定,永德大雪山山地生态系统/大雪山—乌木龙交界原始森林,永德大雪山山地生态系统/大雪山—乌木龙交界原始森林/干河,临沧｜永德封版树 v2,877,需人工确认,HIERARCHY_ONLY,unassessed,yes,no,no,,00_Inbox/生普产区微产区层级_origin_microregion_全量版_v5_2026-08-17.md:877,层级工作表节点；不等于购买批次原料已验证；不因本表存在而自动填充 origin_*。
OMR-2DD00376C2,药地河,,待人工判定,永德大雪山山地生态系统/大雪山—乌木龙交界原始森林,永德大雪山山地生态系统/大雪山—乌木龙交界原始森林/药地河,临沧｜永德封版树 v2,878,需人工确认,HIERARCHY_ONLY,unassessed,yes,no,no,,00_Inbox/生普产区微产区层级_origin_microregion_全量版_v5_2026-08-17.md:878,层级工作表节点；不等于购买批次原料已验证；不因本表存在而自动填充 origin_*。
OMR-632E1ADA09,四十八道河,,待人工判定,永德大雪山山地生态系统/大雪山—乌木龙交界原始森林,永德大雪山山地生态系统/大雪山—乌木龙交界原始森林/四十八道河,临沧｜永德封版树 v2,879,需人工确认,HIERARCHY_ONLY,unassessed,yes,no,no,,00_Inbox/生普产区微产区层级_origin_microregion_全量版_v5_2026-08-17.md:879,层级工作表节点；不等于购买批次原料已验证；不因本表存在而自动填充 origin_*。
OMR-1F35435686,邻近班卡体系,,待人工判定,[wild-tea-resource area; not ordinary cultivar terroir point],[wild-tea-resource area; not ordinary cultivar terroir point]/邻近班卡体系,临沧｜永德封版树 v2,882,需人工确认,HIERARCHY_ONLY,unassessed,no,no,no,,00_Inbox/生普产区微产区层级_origin_microregion_全量版_v5_2026-08-17.md:882,层级工作表节点；不等于购买批次原料已验证；不因本表存在而自动填充 origin_*。
OMR-CCCC257B6F,班卡乡,,township,[wild-tea-resource area; not ordinary cultivar terroir point]/邻近班卡体系,[wild-tea-resource area; not ordinary cultivar terroir point]/邻近班卡体系/班卡乡,临沧｜永德封版树 v2,883,需人工确认,HIERARCHY_ONLY,unassessed,yes,no,no,same_name_multiple_paths,00_Inbox/生普产区微产区层级_origin_microregion_全量版_v5_2026-08-17.md:883,层级工作表节点；不等于购买批次原料已验证；不因本表存在而自动填充 origin_*。
OMR-CE1BAC9175,放牛场村,,natural_village,[wild-tea-resource area; not ordinary cultivar terroir point]/邻近班卡体系/班卡乡,[wild-tea-resource area; not ordinary cultivar terroir point]/邻近班卡体系/班卡乡/放牛场村,临沧｜永德封版树 v2,884,需人工确认,HIERARCHY_ONLY,unassessed,yes,no,no,same_name_multiple_paths,00_Inbox/生普产区微产区层级_origin_microregion_全量版_v5_2026-08-17.md:884,层级工作表节点；不等于购买批次原料已验证；不因本表存在而自动填充 origin_*。
OMR-0060821D0C,放牛场古茶园,,microplot,[wild-tea-resource area; not ordinary cultivar terroir point]/邻近班卡体系/班卡乡/放牛场村,[wild-tea-resource area; not ordinary cultivar terroir point]/邻近班卡体系/班卡乡/放牛场村/放牛场古茶园,临沧｜永德封版树 v2,885,需人工确认,HIERARCHY_ONLY,unassessed,yes,no,no,same_name_multiple_paths,00_Inbox/生普产区微产区层级_origin_microregion_全量版_v5_2026-08-17.md:885,层级工作表节点；不等于购买批次原料已验证；不因本表存在而自动填充 origin_*。
OMR-FCEB31EB5F,大雪山乡,,township,永德县,永德县/大雪山乡,临沧｜永德封版树 v2,894,需人工确认,HIERARCHY_ONLY,unassessed,yes,no,no,,00_Inbox/生普产区微产区层级_origin_microregion_全量版_v5_2026-08-17.md:894,层级工作表节点；不等于购买批次原料已验证；不因本表存在而自动填充 origin_*。
OMR-38AAFBFB67,曼来村,,natural_village,永德县/大雪山乡,永德县/大雪山乡/曼来村,临沧｜永德封版树 v2,895,需人工确认,HIERARCHY_ONLY,unassessed,yes,no,no,same_name_multiple_paths,00_Inbox/生普产区微产区层级_origin_microregion_全量版_v5_2026-08-17.md:895,层级工作表节点；不等于购买批次原料已验证；不因本表存在而自动填充 origin_*。
OMR-A5751515E2,班卡乡,,township,永德县,永德县/班卡乡,临沧｜永德封版树 v2,904,需人工确认,HIERARCHY_ONLY,unassessed,yes,no,no,same_name_multiple_paths,00_Inbox/生普产区微产区层级_origin_microregion_全量版_v5_2026-08-17.md:904,层级工作表节点；不等于购买批次原料已验证；不因本表存在而自动填充 origin_*。
OMR-CF0B636FA9,放牛场村,,natural_village,永德县/班卡乡,永德县/班卡乡/放牛场村,临沧｜永德封版树 v2,905,需人工确认,HIERARCHY_ONLY,unassessed,yes,no,no,same_name_multiple_paths,00_Inbox/生普产区微产区层级_origin_microregion_全量版_v5_2026-08-17.md:905,层级工作表节点；不等于购买批次原料已验证；不因本表存在而自动填充 origin_*。
OMR-C657E5DA4E,放牛场古茶园,,microplot,永德县/班卡乡/放牛场村,永德县/班卡乡/放牛场村/放牛场古茶园,临沧｜永德封版树 v2,906,需人工确认,HIERARCHY_ONLY,unassessed,yes,no,no,same_name_multiple_paths,00_Inbox/生普产区微产区层级_origin_microregion_全量版_v5_2026-08-17.md:906,层级工作表节点；不等于购买批次原料已验证；不因本表存在而自动填充 origin_*。
OMR-C946950C84,乌木龙彝族乡,,township,永德县,永德县/乌木龙彝族乡,临沧｜永德封版树 v2,921,需人工确认,HIERARCHY_ONLY,unassessed,yes,no,no,,00_Inbox/生普产区微产区层级_origin_microregion_全量版_v5_2026-08-17.md:921,层级工作表节点；不等于购买批次原料已验证；不因本表存在而自动填充 origin_*。
OMR-1F11F7DEDB,乌木龙村,,natural_village,永德县/乌木龙彝族乡,永德县/乌木龙彝族乡/乌木龙村,临沧｜永德封版树 v2,922,需人工确认,HIERARCHY_ONLY,unassessed,yes,no,no,,00_Inbox/生普产区微产区层级_origin_microregion_全量版_v5_2026-08-17.md:922,层级工作表节点；不等于购买批次原料已验证；不因本表存在而自动填充 origin_*。
OMR-2BFC9655D9,扎摸村,,natural_village,永德县/乌木龙彝族乡,永德县/乌木龙彝族乡/扎摸村,临沧｜永德封版树 v2,923,需人工确认,HIERARCHY_ONLY,unassessed,yes,no,no,,00_Inbox/生普产区微产区层级_origin_microregion_全量版_v5_2026-08-17.md:923,层级工作表节点；不等于购买批次原料已验证；不因本表存在而自动填充 origin_*。
OMR-DBD14ED6D9,蕨坝村,,natural_village,永德县/乌木龙彝族乡,永德县/乌木龙彝族乡/蕨坝村,临沧｜永德封版树 v2,924,需人工确认,HIERARCHY_ONLY,unassessed,yes,no,no,,00_Inbox/生普产区微产区层级_origin_microregion_全量版_v5_2026-08-17.md:924,层级工作表节点；不等于购买批次原料已验证；不因本表存在而自动填充 origin_*。
OMR-81E420C229,石灰地村,,natural_village,永德县/乌木龙彝族乡,永德县/乌木龙彝族乡/石灰地村,临沧｜永德封版树 v2,925,需人工确认,HIERARCHY_ONLY,unassessed,yes,no,no,,00_Inbox/生普产区微产区层级_origin_microregion_全量版_v5_2026-08-17.md:925,层级工作表节点；不等于购买批次原料已验证；不因本表存在而自动填充 origin_*。
OMR-99BF1A2956,新塘村,,natural_village,永德县/乌木龙彝族乡,永德县/乌木龙彝族乡/新塘村,临沧｜永德封版树 v2,926,需人工确认,HIERARCHY_ONLY,unassessed,yes,no,no,same_name_multiple_paths,00_Inbox/生普产区微产区层级_origin_microregion_全量版_v5_2026-08-17.md:926,层级工作表节点；不等于购买批次原料已验证；不因本表存在而自动填充 origin_*。
OMR-EDDCA7C5E7,菖蒲塘村,,natural_village,永德县/乌木龙彝族乡,永德县/乌木龙彝族乡/菖蒲塘村,临沧｜永德封版树 v2,927,需人工确认,HIERARCHY_ONLY,unassessed,yes,no,no,,00_Inbox/生普产区微产区层级_origin_microregion_全量版_v5_2026-08-17.md:927,层级工作表节点；不等于购买批次原料已验证；不因本表存在而自动填充 origin_*。
OMR-88EA0AF688,小邦贵 / 小帮贵,,待人工判定,永德县/乌木龙彝族乡/菖蒲塘村,永德县/乌木龙彝族乡/菖蒲塘村/小邦贵 / 小帮贵,临沧｜永德封版树 v2,928,需人工确认,HIERARCHY_ONLY,unassessed,yes,no,no,compound_or_alias_name,00_Inbox/生普产区微产区层级_origin_microregion_全量版_v5_2026-08-17.md:928,层级工作表节点；不等于购买批次原料已验证；不因本表存在而自动填充 origin_*。
OMR-9EE47B6B25,其他栽培茶园 / 野生茶资源,,microplot,永德县/乌木龙彝族乡,永德县/乌木龙彝族乡/其他栽培茶园 / 野生茶资源,临沧｜永德封版树 v2,929,需人工确认,HIERARCHY_ONLY,unassessed,no,no,no,compound_or_alias_name,00_Inbox/生普产区微产区层级_origin_microregion_全量版_v5_2026-08-17.md:929,层级工作表节点；不等于购买批次原料已验证；不因本表存在而自动填充 origin_*。
OMR-B8907529D5,德党镇,,township,永德县,永德县/德党镇,临沧｜永德封版树 v2,947,需人工确认,HIERARCHY_ONLY,unassessed,yes,no,no,,00_Inbox/生普产区微产区层级_origin_microregion_全量版_v5_2026-08-17.md:947,层级工作表节点；不等于购买批次原料已验证；不因本表存在而自动填充 origin_*。
OMR-F327FCD9A5,岩岸山村,,natural_village,永德县/德党镇,永德县/德党镇/岩岸山村,临沧｜永德封版树 v2,948,需人工确认,HIERARCHY_ONLY,unassessed,yes,no,no,,00_Inbox/生普产区微产区层级_origin_microregion_全量版_v5_2026-08-17.md:948,层级工作表节点；不等于购买批次原料已验证；不因本表存在而自动填充 origin_*。
OMR-9C9BD69BDA,鸣凤山茶区 / 古茶园体系,,microplot,永德县/德党镇/岩岸山村,永德县/德党镇/岩岸山村/鸣凤山茶区 / 古茶园体系,临沧｜永德封版树 v2,949,需人工确认,HIERARCHY_ONLY,unassessed,yes,no,no,compound_or_alias_name,00_Inbox/生普产区微产区层级_origin_microregion_全量版_v5_2026-08-17.md:949,层级工作表节点；不等于购买批次原料已验证；不因本表存在而自动填充 origin_*。
OMR-96FD76C48D,武家寨自然村,,natural_village,永德县/德党镇/岩岸山村,永德县/德党镇/岩岸山村/武家寨自然村,临沧｜永德封版树 v2,950,需人工确认,HIERARCHY_ONLY,unassessed,yes,no,no,,00_Inbox/生普产区微产区层级_origin_microregion_全量版_v5_2026-08-17.md:950,层级工作表节点；不等于购买批次原料已验证；不因本表存在而自动填充 origin_*。
OMR-BBCC471417,亚练乡,,township,永德县,永德县/亚练乡,临沧｜永德封版树 v2,984,需人工确认,HIERARCHY_ONLY,unassessed,yes,no,no,,00_Inbox/生普产区微产区层级_origin_microregion_全量版_v5_2026-08-17.md:984,层级工作表节点；不等于购买批次原料已验证；不因本表存在而自动填充 origin_*。
OMR-1E400D8E24,塔驮村,,natural_village,永德县/亚练乡,永德县/亚练乡/塔驮村,临沧｜永德封版树 v2,985,需人工确认,HIERARCHY_ONLY,unassessed,no,no,no,raw_status_hint,00_Inbox/生普产区微产区层级_origin_microregion_全量版_v5_2026-08-17.md:985,层级工作表节点；不等于购买批次原料已验证；不因本表存在而自动填充 origin_*。 原文标记：藤子茶发展线索。
OMR-E580B4B324,章太村,,natural_village,永德县/亚练乡,永德县/亚练乡/章太村,临沧｜永德封版树 v2,986,需人工确认,HIERARCHY_ONLY,unassessed,no,no,no,raw_status_hint,00_Inbox/生普产区微产区层级_origin_microregion_全量版_v5_2026-08-17.md:986,层级工作表节点；不等于购买批次原料已验证；不因本表存在而自动填充 origin_*。 原文标记：藤子茶发展线索。
OMR-17D22B0596,兔乃村,,natural_village,永德县/亚练乡,永德县/亚练乡/兔乃村,临沧｜永德封版树 v2,987,需人工确认,HIERARCHY_ONLY,unassessed,no,no,no,raw_status_hint,00_Inbox/生普产区微产区层级_origin_microregion_全量版_v5_2026-08-17.md:987,层级工作表节点；不等于购买批次原料已验证；不因本表存在而自动填充 origin_*。 原文标记：藤子茶发展线索。
OMR-4CA4C21865,垭口村,,natural_village,永德县/亚练乡,永德县/亚练乡/垭口村,临沧｜永德封版树 v2,988,需人工确认,HIERARCHY_ONLY,unassessed,yes,no,no,,00_Inbox/生普产区微产区层级_origin_microregion_全量版_v5_2026-08-17.md:988,层级工作表节点；不等于购买批次原料已验证；不因本表存在而自动填充 origin_*。
OMR-57EBB8E0F1,黄草山古茶园,,microplot,永德县/亚练乡/垭口村,永德县/亚练乡/垭口村/黄草山古茶园,临沧｜永德封版树 v2,989,需人工确认,HIERARCHY_ONLY,unassessed,yes,no,no,raw_status_hint,00_Inbox/生普产区微产区层级_origin_microregion_全量版_v5_2026-08-17.md:989,层级工作表节点；不等于购买批次原料已验证；不因本表存在而自动填充 origin_*。 原文标记：official protected。
OMR-97B0D153D0,对门山古茶园,,microplot,永德县/亚练乡/垭口村,永德县/亚练乡/垭口村/对门山古茶园,临沧｜永德封版树 v2,990,需人工确认,HIERARCHY_ONLY,unassessed,yes,no,no,raw_status_hint,00_Inbox/生普产区微产区层级_origin_microregion_全量版_v5_2026-08-17.md:990,层级工作表节点；不等于购买批次原料已验证；不因本表存在而自动填充 origin_*。 原文标记：official protected。
OMR-64835C7885,云岭村,,natural_village,永德县/亚练乡,永德县/亚练乡/云岭村,临沧｜永德封版树 v2,991,需人工确认,HIERARCHY_ONLY,unassessed,yes,no,no,,00_Inbox/生普产区微产区层级_origin_microregion_全量版_v5_2026-08-17.md:991,层级工作表节点；不等于购买批次原料已验证；不因本表存在而自动填充 origin_*。
OMR-78AD559C93,打毒山古茶园,,microplot,永德县/亚练乡/云岭村,永德县/亚练乡/云岭村/打毒山古茶园,临沧｜永德封版树 v2,992,需人工确认,HIERARCHY_ONLY,unassessed,yes,no,no,raw_status_hint,00_Inbox/生普产区微产区层级_origin_microregion_全量版_v5_2026-08-17.md:992,层级工作表节点；不等于购买批次原料已验证；不因本表存在而自动填充 origin_*。 原文标记：official protected。
OMR-CF933CBD3B,胡管箐古茶园,,microplot,永德县/亚练乡/云岭村,永德县/亚练乡/云岭村/胡管箐古茶园,临沧｜永德封版树 v2,993,需人工确认,HIERARCHY_ONLY,unassessed,yes,no,no,raw_status_hint,00_Inbox/生普产区微产区层级_origin_microregion_全量版_v5_2026-08-17.md:993,层级工作表节点；不等于购买批次原料已验证；不因本表存在而自动填充 origin_*。 原文标记：official protected。
OMR-C4347F8734,平掌村 / 平掌古茶园,,microplot,永德县/亚练乡,永德县/亚练乡/平掌村 / 平掌古茶园,临沧｜永德封版树 v2,994,需人工确认,HIERARCHY_ONLY,unassessed,no,no,no,compound_or_alias_name|raw_status_hint,00_Inbox/生普产区微产区层级_origin_microregion_全量版_v5_2026-08-17.md:994,层级工作表节点；不等于购买批次原料已验证；不因本表存在而自动填充 origin_*。 原文标记：historical research node。
OMR-843B44E7F7,大山乡,,township,永德县,永德县/大山乡,临沧｜永德封版树 v2,1007,需人工确认,HIERARCHY_ONLY,unassessed,yes,no,no,,00_Inbox/生普产区微产区层级_origin_microregion_全量版_v5_2026-08-17.md:1007,层级工作表节点；不等于购买批次原料已验证；不因本表存在而自动填充 origin_*。
OMR-94C007173D,纸厂村,,natural_village,永德县/大山乡,永德县/大山乡/纸厂村,临沧｜永德封版树 v2,1008,需人工确认,HIERARCHY_ONLY,unassessed,yes,no,no,,00_Inbox/生普产区微产区层级_origin_microregion_全量版_v5_2026-08-17.md:1008,层级工作表节点；不等于购买批次原料已验证；不因本表存在而自动填充 origin_*。
OMR-C5D83D01D3,木瓜寨,,natural_village,永德县/大山乡/纸厂村,永德县/大山乡/纸厂村/木瓜寨,临沧｜永德封版树 v2,1009,需人工确认,HIERARCHY_ONLY,unassessed,yes,no,no,,00_Inbox/生普产区微产区层级_origin_microregion_全量版_v5_2026-08-17.md:1009,层级工作表节点；不等于购买批次原料已验证；不因本表存在而自动填充 origin_*。
OMR-2D8420A717,永康镇,,township,永德县,永德县/永康镇,临沧｜永德封版树 v2,1018,需人工确认,HIERARCHY_ONLY,unassessed,yes,no,no,,00_Inbox/生普产区微产区层级_origin_microregion_全量版_v5_2026-08-17.md:1018,层级工作表节点；不等于购买批次原料已验证；不因本表存在而自动填充 origin_*。
OMR-6B1A1E0C86,底卡村,,natural_village,永德县/永康镇,永德县/永康镇/底卡村,临沧｜永德封版树 v2,1019,需人工确认,HIERARCHY_ONLY,unassessed,yes,no,no,,00_Inbox/生普产区微产区层级_origin_microregion_全量版_v5_2026-08-17.md:1019,层级工作表节点；不等于购买批次原料已验证；不因本表存在而自动填充 origin_*。
OMR-134568A47C,忙笼村,,natural_village,永康镇,永康镇/忙笼村,临沧｜永德封版树 v2,1028,需人工确认,HIERARCHY_ONLY,unassessed,no,no,no,,00_Inbox/生普产区微产区层级_origin_microregion_全量版_v5_2026-08-17.md:1028,层级工作表节点；不等于购买批次原料已验证；不因本表存在而自动填充 origin_*。
OMR-1CE87B0184,箐林口古茶园,,microplot,永康镇/忙笼村,永康镇/忙笼村/箐林口古茶园,临沧｜永德封版树 v2,1029,需人工确认,HIERARCHY_ONLY,unassessed,no,no,no,,00_Inbox/生普产区微产区层级_origin_microregion_全量版_v5_2026-08-17.md:1029,层级工作表节点；不等于购买批次原料已验证；不因本表存在而自动填充 origin_*。
OMR-E65F5FC17E,马鞍山古茶园,,microplot,永康镇/忙笼村,永康镇/忙笼村/马鞍山古茶园,临沧｜永德封版树 v2,1030,需人工确认,HIERARCHY_ONLY,unassessed,yes,yes,no,same_name_multiple_paths,00_Inbox/生普产区微产区层级_origin_microregion_全量版_v5_2026-08-17.md:1030,层级工作表节点；不等于购买批次原料已验证；不因本表存在而自动填充 origin_*。
OMR-6C85EB75C2,苦竹林古茶园,,microplot,永康镇/忙笼村,永康镇/忙笼村/苦竹林古茶园,临沧｜永德封版树 v2,1031,需人工确认,HIERARCHY_ONLY,unassessed,no,no,no,,00_Inbox/生普产区微产区层级_origin_microregion_全量版_v5_2026-08-17.md:1031,层级工作表节点；不等于购买批次原料已验证；不因本表存在而自动填充 origin_*。
OMR-8A6B0BFF84,漫湾镇部分行政村,,administrative_village,白莺山茶区,白莺山茶区/漫湾镇部分行政村,临沧｜白莺山｜封版树 v3,1048,需人工确认,HIERARCHY_ONLY,unassessed,no,no,no,,00_Inbox/生普产区微产区层级_origin_microregion_全量版_v5_2026-08-17.md:1048,层级工作表节点；不等于购买批次原料已验证；不因本表存在而自动填充 origin_*。
OMR-FD3611AD0B,茂兰镇部分行政村,,administrative_village,白莺山茶区,白莺山茶区/茂兰镇部分行政村,临沧｜白莺山｜封版树 v3,1049,需人工确认,HIERARCHY_ONLY,unassessed,no,no,no,,00_Inbox/生普产区微产区层级_origin_microregion_全量版_v5_2026-08-17.md:1049,层级工作表节点；不等于购买批次原料已验证；不因本表存在而自动填充 origin_*。
OMR-9C9B4DCE93,忙怀乡部分行政村,,administrative_village,白莺山茶区,白莺山茶区/忙怀乡部分行政村,临沧｜白莺山｜封版树 v3,1050,需人工确认,HIERARCHY_ONLY,unassessed,no,no,no,,00_Inbox/生普产区微产区层级_origin_microregion_全量版_v5_2026-08-17.md:1050,层级工作表节点；不等于购买批次原料已验证；不因本表存在而自动填充 origin_*。
OMR-D77D0C931D,漫湾镇,,township,云县,云县/漫湾镇,临沧｜白莺山｜封版树 v3,1064,需人工确认,HIERARCHY_ONLY,unassessed,yes,no,no,,00_Inbox/生普产区微产区层级_origin_microregion_全量版_v5_2026-08-17.md:1064,层级工作表节点；不等于购买批次原料已验证；不因本表存在而自动填充 origin_*。
OMR-25AAAFF01C,白莺山村,,natural_village,云县/漫湾镇,云县/漫湾镇/白莺山村,临沧｜白莺山｜封版树 v3,1065,需人工确认,HIERARCHY_ONLY,unassessed,yes,no,no,,00_Inbox/生普产区微产区层级_origin_microregion_全量版_v5_2026-08-17.md:1065,层级工作表节点；不等于购买批次原料已验证；不因本表存在而自动填充 origin_*。
OMR-8A802B60B1,核桃林村,,natural_village,云县/漫湾镇,云县/漫湾镇/核桃林村,临沧｜白莺山｜封版树 v3,1066,需人工确认,HIERARCHY_ONLY,unassessed,yes,no,no,same_name_multiple_paths,00_Inbox/生普产区微产区层级_origin_microregion_全量版_v5_2026-08-17.md:1066,层级工作表节点；不等于购买批次原料已验证；不因本表存在而自动填充 origin_*。
OMR-D1CC2223B3,熊家自然村,,natural_village,云县/漫湾镇/白莺山村,云县/漫湾镇/白莺山村/熊家自然村,临沧｜白莺山｜封版树 v3,1084,需人工确认,HIERARCHY_ONLY,unassessed,yes,no,no,,00_Inbox/生普产区微产区层级_origin_microregion_全量版_v5_2026-08-17.md:1084,层级工作表节点；不等于购买批次原料已验证；不因本表存在而自动填充 origin_*。
OMR-332C7D5835,二嘎子茶王,,microregion,云县/漫湾镇/白莺山村/熊家自然村,云县/漫湾镇/白莺山村/熊家自然村/二嘎子茶王,临沧｜白莺山｜封版树 v3,1085,需人工确认,HIERARCHY_ONLY,unassessed,yes,no,no,raw_status_hint,00_Inbox/生普产区微产区层级_origin_microregion_全量版_v5_2026-08-17.md:1085,层级工作表节点；不等于购买批次原料已验证；不因本表存在而自动填充 origin_*。 原文标记：代表单株。
OMR-E8EC71BB8D,核桃箐组,,village_group,云县/漫湾镇/白莺山村,云县/漫湾镇/白莺山村/核桃箐组,临沧｜白莺山｜封版树 v3,1086,需人工确认,HIERARCHY_ONLY,unassessed,yes,no,no,,00_Inbox/生普产区微产区层级_origin_microregion_全量版_v5_2026-08-17.md:1086,层级工作表节点；不等于购买批次原料已验证；不因本表存在而自动填充 origin_*。
OMR-6D5510E717,白芽子茶王,,microregion,云县/漫湾镇/白莺山村/核桃箐组,云县/漫湾镇/白莺山村/核桃箐组/白芽子茶王,临沧｜白莺山｜封版树 v3,1087,需人工确认,HIERARCHY_ONLY,unassessed,yes,no,no,raw_status_hint,00_Inbox/生普产区微产区层级_origin_microregion_全量版_v5_2026-08-17.md:1087,层级工作表节点；不等于购买批次原料已验证；不因本表存在而自动填充 origin_*。 原文标记：代表单株。
OMR-5DC5007EFB,茶家组,,village_group,云县/漫湾镇/白莺山村,云县/漫湾镇/白莺山村/茶家组,临沧｜白莺山｜封版树 v3,1088,需人工确认,HIERARCHY_ONLY,unassessed,yes,no,no,,00_Inbox/生普产区微产区层级_origin_microregion_全量版_v5_2026-08-17.md:1088,层级工作表节点；不等于购买批次原料已验证；不因本表存在而自动填充 origin_*。
OMR-60699AE362,本山茶王,,mountain,云县/漫湾镇/白莺山村/茶家组,云县/漫湾镇/白莺山村/茶家组/本山茶王,临沧｜白莺山｜封版树 v3,1089,需人工确认,HIERARCHY_ONLY,unassessed,yes,no,no,raw_status_hint,00_Inbox/生普产区微产区层级_origin_microregion_全量版_v5_2026-08-17.md:1089,层级工作表节点；不等于购买批次原料已验证；不因本表存在而自动填充 origin_*。 原文标记：代表单株。
OMR-24031C2539,中村组,,village_group,云县/漫湾镇/白莺山村,云县/漫湾镇/白莺山村/中村组,临沧｜白莺山｜封版树 v3,1090,需人工确认,HIERARCHY_ONLY,unassessed,yes,no,no,,00_Inbox/生普产区微产区层级_origin_microregion_全量版_v5_2026-08-17.md:1090,层级工作表节点；不等于购买批次原料已验证；不因本表存在而自动填充 origin_*。
OMR-4327FD95C8,黑条子茶王,,microregion,云县/漫湾镇/白莺山村/中村组,云县/漫湾镇/白莺山村/中村组/黑条子茶王,临沧｜白莺山｜封版树 v3,1091,需人工确认,HIERARCHY_ONLY,unassessed,yes,no,no,raw_status_hint,00_Inbox/生普产区微产区层级_origin_microregion_全量版_v5_2026-08-17.md:1091,层级工作表节点；不等于购买批次原料已验证；不因本表存在而自动填充 origin_*。 原文标记：代表单株。
OMR-6F255D4E2A,中山茶树小组？,,mountain,云县/漫湾镇/白莺山村,云县/漫湾镇/白莺山村/中山茶树小组？,临沧｜白莺山｜封版树 v3,1092,需人工确认,HIERARCHY_ONLY,unassessed,yes,no,no,name_unresolved|raw_status_hint,00_Inbox/生普产区微产区层级_origin_microregion_全量版_v5_2026-08-17.md:1092,层级工作表节点；不等于购买批次原料已验证；不因本表存在而自动填充 origin_*。 原文标记：实地记录，行政身份待核。
OMR-8ACC36D0D9,本山,,mountain,白莺山地方类型,白莺山地方类型/本山,临沧｜白莺山｜封版树 v3,1121,需人工确认,HIERARCHY_ONLY,unassessed,yes,yes,no,,00_Inbox/生普产区微产区层级_origin_microregion_全量版_v5_2026-08-17.md:1121,层级工作表节点；不等于购买批次原料已验证；不因本表存在而自动填充 origin_*。
OMR-619CAB66FA,二嘎子,,待人工判定,白莺山地方类型,白莺山地方类型/二嘎子,临沧｜白莺山｜封版树 v3,1122,需人工确认,HIERARCHY_ONLY,unassessed,yes,yes,no,,00_Inbox/生普产区微产区层级_origin_microregion_全量版_v5_2026-08-17.md:1122,层级工作表节点；不等于购买批次原料已验证；不因本表存在而自动填充 origin_*。
OMR-17D0E53A41,黑条子,,待人工判定,白莺山地方类型,白莺山地方类型/黑条子,临沧｜白莺山｜封版树 v3,1123,需人工确认,HIERARCHY_ONLY,unassessed,yes,yes,no,,00_Inbox/生普产区微产区层级_origin_microregion_全量版_v5_2026-08-17.md:1123,层级工作表节点；不等于购买批次原料已验证；不因本表存在而自动填充 origin_*。
OMR-4933BEA270,勐库大叶种,,待人工判定,白莺山地方类型,白莺山地方类型/勐库大叶种,临沧｜白莺山｜封版树 v3,1124,需人工确认,HIERARCHY_ONLY,unassessed,yes,yes,no,,00_Inbox/生普产区微产区层级_origin_microregion_全量版_v5_2026-08-17.md:1124,层级工作表节点；不等于购买批次原料已验证；不因本表存在而自动填充 origin_*。
OMR-2CFBEEFDE8,红芽口 / 红芽茶,,待人工判定,白莺山地方类型,白莺山地方类型/红芽口 / 红芽茶,临沧｜白莺山｜封版树 v3,1125,需人工确认,HIERARCHY_ONLY,unassessed,yes,no,no,compound_or_alias_name,00_Inbox/生普产区微产区层级_origin_microregion_全量版_v5_2026-08-17.md:1125,层级工作表节点；不等于购买批次原料已验证；不因本表存在而自动填充 origin_*。
OMR-6B148810F5,柳叶,,待人工判定,白莺山地方类型,白莺山地方类型/柳叶,临沧｜白莺山｜封版树 v3,1126,需人工确认,HIERARCHY_ONLY,unassessed,yes,yes,no,,00_Inbox/生普产区微产区层级_origin_microregion_全量版_v5_2026-08-17.md:1126,层级工作表节点；不等于购买批次原料已验证；不因本表存在而自动填充 origin_*。
OMR-672F4BDC58,藤子茶,,待人工判定,白莺山地方类型,白莺山地方类型/藤子茶,临沧｜白莺山｜封版树 v3,1127,需人工确认,HIERARCHY_ONLY,unassessed,yes,yes,no,,00_Inbox/生普产区微产区层级_origin_microregion_全量版_v5_2026-08-17.md:1127,层级工作表节点；不等于购买批次原料已验证；不因本表存在而自动填充 origin_*。
OMR-19EE60F0C9,白芽子,,待人工判定,白莺山地方类型,白莺山地方类型/白芽子,临沧｜白莺山｜封版树 v3,1128,需人工确认,HIERARCHY_ONLY,unassessed,yes,no,no,,00_Inbox/生普产区微产区层级_origin_microregion_全量版_v5_2026-08-17.md:1128,层级工作表节点；不等于购买批次原料已验证；不因本表存在而自动填充 origin_*。
OMR-938A3643D1,大叶本山白芽口,,mountain,白莺山地方类型,白莺山地方类型/大叶本山白芽口,临沧｜白莺山｜封版树 v3,1129,需人工确认,HIERARCHY_ONLY,unassessed,yes,no,no,,00_Inbox/生普产区微产区层级_origin_microregion_全量版_v5_2026-08-17.md:1129,层级工作表节点；不等于购买批次原料已验证；不因本表存在而自动填充 origin_*。
OMR-87DE7B2BF0,其他目录类型,,待人工判定,白莺山地方类型,白莺山地方类型/其他目录类型,临沧｜白莺山｜封版树 v3,1130,需人工确认,HIERARCHY_ONLY,unassessed,no,no,no,,00_Inbox/生普产区微产区层级_origin_microregion_全量版_v5_2026-08-17.md:1130,层级工作表节点；不等于购买批次原料已验证；不因本表存在而自动填充 origin_*。
OMR-B1C33FD9BE,小湾镇,,township,凤庆县,凤庆县/小湾镇,临沧｜凤庆｜第一版地点树,1185,需人工确认,HIERARCHY_ONLY,unassessed,yes,yes,no,,00_Inbox/生普产区微产区层级_origin_microregion_全量版_v5_2026-08-17.md:1185,层级工作表节点；不等于购买批次原料已验证；不因本表存在而自动填充 origin_*。
OMR-C8A6DFF2B1,锦秀村,,natural_village,凤庆县/小湾镇,凤庆县/小湾镇/锦秀村,临沧｜凤庆｜第一版地点树,1186,需人工确认,HIERARCHY_ONLY,unassessed,yes,yes,no,,00_Inbox/生普产区微产区层级_origin_microregion_全量版_v5_2026-08-17.md:1186,层级工作表节点；不等于购买批次原料已验证；不因本表存在而自动填充 origin_*。
OMR-759C2FCC27,香竹箐自然村,,natural_village,凤庆县/小湾镇/锦秀村,凤庆县/小湾镇/锦秀村/香竹箐自然村,临沧｜凤庆｜第一版地点树,1187,需人工确认,HIERARCHY_ONLY,unassessed,yes,yes,no,,00_Inbox/生普产区微产区层级_origin_microregion_全量版_v5_2026-08-17.md:1187,层级工作表节点；不等于购买批次原料已验证；不因本表存在而自动填充 origin_*。
OMR-F6C405F37A,香竹箐古茶资源 / 锦秀茶尊,,待人工判定,凤庆县/小湾镇/锦秀村/香竹箐自然村,凤庆县/小湾镇/锦秀村/香竹箐自然村/香竹箐古茶资源 / 锦秀茶尊,临沧｜凤庆｜第一版地点树,1188,需人工确认,HIERARCHY_ONLY,unassessed,no,no,no,compound_or_alias_name,00_Inbox/生普产区微产区层级_origin_microregion_全量版_v5_2026-08-17.md:1188,层级工作表节点；不等于购买批次原料已验证；不因本表存在而自动填充 origin_*。
OMR-1E4A19742E,大寺乡,,township,凤庆县,凤庆县/大寺乡,临沧｜凤庆｜第一版地点树,1203,需人工确认,HIERARCHY_ONLY,unassessed,yes,no,no,,00_Inbox/生普产区微产区层级_origin_microregion_全量版_v5_2026-08-17.md:1203,层级工作表节点；不等于购买批次原料已验证；不因本表存在而自动填充 origin_*。
OMR-8A0C8037D2,岔河村,,natural_village,凤庆县/大寺乡,凤庆县/大寺乡/岔河村,临沧｜凤庆｜第一版地点树,1204,需人工确认,HIERARCHY_ONLY,unassessed,no,no,no,,00_Inbox/生普产区微产区层级_origin_microregion_全量版_v5_2026-08-17.md:1204,层级工作表节点；不等于购买批次原料已验证；不因本表存在而自动填充 origin_*。
OMR-57119D9961,九道弯古茶园,,microplot,凤庆县/大寺乡/岔河村,凤庆县/大寺乡/岔河村/九道弯古茶园,临沧｜凤庆｜第一版地点树,1205,需人工确认,HIERARCHY_ONLY,unassessed,no,no,no,,00_Inbox/生普产区微产区层级_origin_microregion_全量版_v5_2026-08-17.md:1205,层级工作表节点；不等于购买批次原料已验证；不因本表存在而自动填充 origin_*。
OMR-EF15F349AE,羊枧槽河古茶园,,microplot,凤庆县/大寺乡/岔河村,凤庆县/大寺乡/岔河村/羊枧槽河古茶园,临沧｜凤庆｜第一版地点树,1206,需人工确认,HIERARCHY_ONLY,unassessed,no,no,no,,00_Inbox/生普产区微产区层级_origin_microregion_全量版_v5_2026-08-17.md:1206,层级工作表节点；不等于购买批次原料已验证；不因本表存在而自动填充 origin_*。
OMR-B44FB8436B,回龙村,,natural_village,凤庆县/大寺乡,凤庆县/大寺乡/回龙村,临沧｜凤庆｜第一版地点树,1207,需人工确认,HIERARCHY_ONLY,unassessed,no,no,no,,00_Inbox/生普产区微产区层级_origin_microregion_全量版_v5_2026-08-17.md:1207,层级工作表节点；不等于购买批次原料已验证；不因本表存在而自动填充 origin_*。
OMR-DC864C93EE,大尖山箐古茶园,,microplot,凤庆县/大寺乡/回龙村,凤庆县/大寺乡/回龙村/大尖山箐古茶园,临沧｜凤庆｜第一版地点树,1208,需人工确认,HIERARCHY_ONLY,unassessed,no,no,no,,00_Inbox/生普产区微产区层级_origin_microregion_全量版_v5_2026-08-17.md:1208,层级工作表节点；不等于购买批次原料已验证；不因本表存在而自动填充 origin_*。
OMR-FACF89CD7C,乡中古茶园,,microplot,凤庆县/大寺乡/回龙村,凤庆县/大寺乡/回龙村/乡中古茶园,临沧｜凤庆｜第一版地点树,1209,需人工确认,HIERARCHY_ONLY,unassessed,no,no,no,,00_Inbox/生普产区微产区层级_origin_microregion_全量版_v5_2026-08-17.md:1209,层级工作表节点；不等于购买批次原料已验证；不因本表存在而自动填充 origin_*。
OMR-086F922EF8,乡外古茶园,,microplot,凤庆县/大寺乡/回龙村,凤庆县/大寺乡/回龙村/乡外古茶园,临沧｜凤庆｜第一版地点树,1210,需人工确认,HIERARCHY_ONLY,unassessed,no,no,no,,00_Inbox/生普产区微产区层级_origin_microregion_全量版_v5_2026-08-17.md:1210,层级工作表节点；不等于购买批次原料已验证；不因本表存在而自动填充 origin_*。
OMR-8E5F640DE7,河顺村 / 平河体系,,natural_village,凤庆县/大寺乡,凤庆县/大寺乡/河顺村 / 平河体系,临沧｜凤庆｜第一版地点树,1211,需人工确认,HIERARCHY_ONLY,unassessed,no,no,no,compound_or_alias_name,00_Inbox/生普产区微产区层级_origin_microregion_全量版_v5_2026-08-17.md:1211,层级工作表节点；不等于购买批次原料已验证；不因本表存在而自动填充 origin_*。
OMR-60E58989AC,小平河等古茶园,,microplot,凤庆县/大寺乡/河顺村 / 平河体系,凤庆县/大寺乡/河顺村 / 平河体系/小平河等古茶园,临沧｜凤庆｜第一版地点树,1212,需人工确认,HIERARCHY_ONLY,unassessed,no,no,no,,00_Inbox/生普产区微产区层级_origin_microregion_全量版_v5_2026-08-17.md:1212,层级工作表节点；不等于购买批次原料已验证；不因本表存在而自动填充 origin_*。
OMR-8B0C789C95,鲁史镇,,township,凤庆县,凤庆县/鲁史镇,临沧｜凤庆｜第一版地点树,1221,需人工确认,HIERARCHY_ONLY,unassessed,yes,no,no,,00_Inbox/生普产区微产区层级_origin_microregion_全量版_v5_2026-08-17.md:1221,层级工作表节点；不等于购买批次原料已验证；不因本表存在而自动填充 origin_*。
OMR-BAEC836498,团结村,,natural_village,凤庆县/鲁史镇,凤庆县/鲁史镇/团结村,临沧｜凤庆｜第一版地点树,1222,需人工确认,HIERARCHY_ONLY,unassessed,yes,no,no,,00_Inbox/生普产区微产区层级_origin_microregion_全量版_v5_2026-08-17.md:1222,层级工作表节点；不等于购买批次原料已验证；不因本表存在而自动填充 origin_*。
OMR-6091CCCCBA,龙竹山自然村,,natural_village,凤庆县/鲁史镇/团结村,凤庆县/鲁史镇/团结村/龙竹山自然村,临沧｜凤庆｜第一版地点树,1223,需人工确认,HIERARCHY_ONLY,unassessed,no,no,no,,00_Inbox/生普产区微产区层级_origin_microregion_全量版_v5_2026-08-17.md:1223,层级工作表节点；不等于购买批次原料已验证；不因本表存在而自动填充 origin_*。
OMR-BE0B23DEBC,龙竹山古茶园,,microplot,凤庆县/鲁史镇/团结村/龙竹山自然村,凤庆县/鲁史镇/团结村/龙竹山自然村/龙竹山古茶园,临沧｜凤庆｜第一版地点树,1224,需人工确认,HIERARCHY_ONLY,unassessed,yes,no,no,same_name_multiple_paths,00_Inbox/生普产区微产区层级_origin_microregion_全量版_v5_2026-08-17.md:1224,层级工作表节点；不等于购买批次原料已验证；不因本表存在而自动填充 origin_*。
OMR-C17AB3FC0A,丫口组,,village_group,凤庆县/鲁史镇/团结村,凤庆县/鲁史镇/团结村/丫口组,临沧｜凤庆｜第一版地点树,1225,需人工确认,HIERARCHY_ONLY,unassessed,no,no,no,,00_Inbox/生普产区微产区层级_origin_microregion_全量版_v5_2026-08-17.md:1225,层级工作表节点；不等于购买批次原料已验证；不因本表存在而自动填充 origin_*。
OMR-122FAABEE1,丫口古茶园,,microplot,凤庆县/鲁史镇/团结村/丫口组,凤庆县/鲁史镇/团结村/丫口组/丫口古茶园,临沧｜凤庆｜第一版地点树,1226,需人工确认,HIERARCHY_ONLY,unassessed,no,no,no,,00_Inbox/生普产区微产区层级_origin_microregion_全量版_v5_2026-08-17.md:1226,层级工作表节点；不等于购买批次原料已验证；不因本表存在而自动填充 origin_*。
OMR-7E78E85845,忙丙乡,,township,镇康县,镇康县/忙丙乡,临沧｜镇康｜马鞍山双层结构,1263,需人工确认,HIERARCHY_ONLY,unassessed,yes,yes,no,,00_Inbox/生普产区微产区层级_origin_microregion_全量版_v5_2026-08-17.md:1263,层级工作表节点；不等于购买批次原料已验证；不因本表存在而自动填充 origin_*。
OMR-4FB1E7FB81,马鞍山村,,natural_village,镇康县/忙丙乡,镇康县/忙丙乡/马鞍山村,临沧｜镇康｜马鞍山双层结构,1264,需人工确认,HIERARCHY_ONLY,unassessed,yes,yes,yes,,00_Inbox/生普产区微产区层级_origin_microregion_全量版_v5_2026-08-17.md:1264,层级工作表节点；不等于购买批次原料已验证；不因本表存在而自动填充 origin_*。
OMR-7327091FFC,若干自然村,,natural_village,镇康县/忙丙乡/马鞍山村,镇康县/忙丙乡/马鞍山村/若干自然村,临沧｜镇康｜马鞍山双层结构,1265,需人工确认,HIERARCHY_ONLY,unassessed,yes,no,no,,00_Inbox/生普产区微产区层级_origin_microregion_全量版_v5_2026-08-17.md:1265,层级工作表节点；不等于购买批次原料已验证；不因本表存在而自动填充 origin_*。
OMR-9C55533B9B,大包包？,,待人工判定,镇康县/忙丙乡/马鞍山村,镇康县/忙丙乡/马鞍山村/大包包？,临沧｜镇康｜马鞍山双层结构,1266,需人工确认,CANDIDATE,false,no,no,no,name_unresolved|raw_status_hint,00_Inbox/生普产区微产区层级_origin_microregion_全量版_v5_2026-08-17.md:1266,层级工作表节点；不等于购买批次原料已验证；不因本表存在而自动填充 origin_*。 原文标记：核心微地块候选。
OMR-C50E9F442F,凤尾镇,,township,镇康县,镇康县/凤尾镇,临沧｜镇康｜马鞍山双层结构,1292,需人工确认,HIERARCHY_ONLY,unassessed,yes,yes,no,,00_Inbox/生普产区微产区层级_origin_microregion_全量版_v5_2026-08-17.md:1292,层级工作表节点；不等于购买批次原料已验证；不因本表存在而自动填充 origin_*。
OMR-BD52268063,芦子园村,,natural_village,镇康县/凤尾镇,镇康县/凤尾镇/芦子园村,临沧｜镇康｜马鞍山双层结构,1293,需人工确认,HIERARCHY_ONLY,unassessed,yes,yes,no,,00_Inbox/生普产区微产区层级_origin_microregion_全量版_v5_2026-08-17.md:1293,层级工作表节点；不等于购买批次原料已验证；不因本表存在而自动填充 origin_*。
OMR-D95F98F878,马鞍山古茶园,,microplot,镇康县/凤尾镇/芦子园村,镇康县/凤尾镇/芦子园村/马鞍山古茶园,临沧｜镇康｜马鞍山双层结构,1294,需人工确认,HIERARCHY_ONLY,unassessed,yes,yes,no,same_name_multiple_paths,00_Inbox/生普产区微产区层级_origin_microregion_全量版_v5_2026-08-17.md:1294,层级工作表节点；不等于购买批次原料已验证；不因本表存在而自动填充 origin_*。
OMR-078981D628,勐永镇,,township,耿马县,耿马县/勐永镇,临沧｜耿马｜第一版地点树,1317,需人工确认,HIERARCHY_ONLY,unassessed,yes,yes,no,,00_Inbox/生普产区微产区层级_origin_microregion_全量版_v5_2026-08-17.md:1317,层级工作表节点；不等于购买批次原料已验证；不因本表存在而自动填充 origin_*。
OMR-D64C486A23,香竹林村,,natural_village,耿马县/勐永镇,耿马县/勐永镇/香竹林村,临沧｜耿马｜第一版地点树,1318,可自动填充,HIERARCHY_ONLY,unassessed,yes,yes,yes,,00_Inbox/生普产区微产区层级_origin_microregion_全量版_v5_2026-08-17.md:1318,层级工作表节点；不等于购买批次原料已验证；不因本表存在而自动填充 origin_*。
OMR-0C1F0028FE,香竹林古茶园,,microplot,耿马县/勐永镇/香竹林村,耿马县/勐永镇/香竹林村/香竹林古茶园,临沧｜耿马｜第一版地点树,1319,可自动填充,HIERARCHY_ONLY,unassessed,yes,yes,yes,,00_Inbox/生普产区微产区层级_origin_microregion_全量版_v5_2026-08-17.md:1319,层级工作表节点；不等于购买批次原料已验证；不因本表存在而自动填充 origin_*。
OMR-15B8C13ED3,芒洪拉祜族布朗族乡,,township,耿马县,耿马县/芒洪拉祜族布朗族乡,临沧｜耿马｜第一版地点树,1333,需人工确认,HIERARCHY_ONLY,unassessed,yes,no,no,,00_Inbox/生普产区微产区层级_origin_microregion_全量版_v5_2026-08-17.md:1333,层级工作表节点；不等于购买批次原料已验证；不因本表存在而自动填充 origin_*。
OMR-60389F9595,安雅村,,natural_village,耿马县/芒洪拉祜族布朗族乡,耿马县/芒洪拉祜族布朗族乡/安雅村,临沧｜耿马｜第一版地点树,1334,需人工确认,HIERARCHY_ONLY,unassessed,yes,no,no,,00_Inbox/生普产区微产区层级_origin_microregion_全量版_v5_2026-08-17.md:1334,层级工作表节点；不等于购买批次原料已验证；不因本表存在而自动填充 origin_*。
OMR-E3A90EBBF5,户南自然村,,natural_village,耿马县/芒洪拉祜族布朗族乡/安雅村,耿马县/芒洪拉祜族布朗族乡/安雅村/户南自然村,临沧｜耿马｜第一版地点树,1335,需人工确认,HIERARCHY_ONLY,unassessed,yes,no,no,,00_Inbox/生普产区微产区层级_origin_microregion_全量版_v5_2026-08-17.md:1335,层级工作表节点；不等于购买批次原料已验证；不因本表存在而自动填充 origin_*。
OMR-DD290B9142,户南古茶园,,microplot,耿马县/芒洪拉祜族布朗族乡/安雅村/户南自然村,耿马县/芒洪拉祜族布朗族乡/安雅村/户南自然村/户南古茶园,临沧｜耿马｜第一版地点树,1336,需人工确认,HIERARCHY_ONLY,unassessed,yes,no,no,,00_Inbox/生普产区微产区层级_origin_microregion_全量版_v5_2026-08-17.md:1336,层级工作表节点；不等于购买批次原料已验证；不因本表存在而自动填充 origin_*。
OMR-4FADA84790,勐简乡,,township,耿马县,耿马县/勐简乡,临沧｜耿马｜第一版地点树,1347,需人工确认,HIERARCHY_ONLY,unassessed,yes,no,no,,00_Inbox/生普产区微产区层级_origin_microregion_全量版_v5_2026-08-17.md:1347,层级工作表节点；不等于购买批次原料已验证；不因本表存在而自动填充 origin_*。
OMR-13910A9AAA,大寨村,,natural_village,耿马县/勐简乡,耿马县/勐简乡/大寨村,临沧｜耿马｜第一版地点树,1348,需人工确认,HIERARCHY_ONLY,unassessed,yes,no,no,,00_Inbox/生普产区微产区层级_origin_microregion_全量版_v5_2026-08-17.md:1348,层级工作表节点；不等于购买批次原料已验证；不因本表存在而自动填充 origin_*。
OMR-3AC389BD6B,大寨组,,village_group,耿马县/勐简乡/大寨村,耿马县/勐简乡/大寨村/大寨组,临沧｜耿马｜第一版地点树,1349,需人工确认,HIERARCHY_ONLY,unassessed,yes,no,no,,00_Inbox/生普产区微产区层级_origin_microregion_全量版_v5_2026-08-17.md:1349,层级工作表节点；不等于购买批次原料已验证；不因本表存在而自动填充 origin_*。
OMR-C40C010546,大寨古茶园,,microplot,耿马县/勐简乡/大寨村/大寨组,耿马县/勐简乡/大寨村/大寨组/大寨古茶园,临沧｜耿马｜第一版地点树,1350,需人工确认,HIERARCHY_ONLY,unassessed,no,no,no,,00_Inbox/生普产区微产区层级_origin_microregion_全量版_v5_2026-08-17.md:1350,层级工作表节点；不等于购买批次原料已验证；不因本表存在而自动填充 origin_*。
OMR-F5C54C280D,振太古茶山,,tea_area,镇沅县,镇沅县/振太古茶山,普洱｜镇沅,1476,需人工确认,HIERARCHY_ONLY,unassessed,yes,no,no,,00_Inbox/生普产区微产区层级_origin_microregion_全量版_v5_2026-08-17.md:1476,层级工作表节点；不等于购买批次原料已验证；不因本表存在而自动填充 origin_*。
OMR-37026372CB,老乌山古茶山,,tea_area,镇沅县,镇沅县/老乌山古茶山,普洱｜镇沅,1477,需人工确认,HIERARCHY_ONLY,unassessed,yes,no,no,,00_Inbox/生普产区微产区层级_origin_microregion_全量版_v5_2026-08-17.md:1477,层级工作表节点；不等于购买批次原料已验证；不因本表存在而自动填充 origin_*。
OMR-69E90144DF,田坝古茶山,,tea_area,镇沅县,镇沅县/田坝古茶山,普洱｜镇沅,1478,需人工确认,HIERARCHY_ONLY,unassessed,yes,no,no,,00_Inbox/生普产区微产区层级_origin_microregion_全量版_v5_2026-08-17.md:1478,层级工作表节点；不等于购买批次原料已验证；不因本表存在而自动填充 origin_*。
OMR-99EDACB3C7,勐大古茶山,,tea_area,镇沅县,镇沅县/勐大古茶山,普洱｜镇沅,1479,需人工确认,HIERARCHY_ONLY,unassessed,yes,no,no,,00_Inbox/生普产区微产区层级_origin_microregion_全量版_v5_2026-08-17.md:1479,层级工作表节点；不等于购买批次原料已验证；不因本表存在而自动填充 origin_*。
OMR-937F796F7F,者东古茶山,,tea_area,镇沅县,镇沅县/者东古茶山,普洱｜镇沅,1480,需人工确认,HIERARCHY_ONLY,unassessed,yes,no,no,,00_Inbox/生普产区微产区层级_origin_microregion_全量版_v5_2026-08-17.md:1480,层级工作表节点；不等于购买批次原料已验证；不因本表存在而自动填充 origin_*。
OMR-25EB0893EB,马邓茶区,,county,镇沅县,镇沅县/马邓茶区,普洱｜镇沅,1492,需人工确认,HIERARCHY_ONLY,unassessed,yes,no,no,,00_Inbox/生普产区微产区层级_origin_microregion_全量版_v5_2026-08-17.md:1492,层级工作表节点；不等于购买批次原料已验证；不因本表存在而自动填充 origin_*。
OMR-9DE3D4D4D1,老海塘茶区,,county,镇沅县,镇沅县/老海塘茶区,普洱｜镇沅,1493,需人工确认,HIERARCHY_ONLY,unassessed,no,no,no,,00_Inbox/生普产区微产区层级_origin_microregion_全量版_v5_2026-08-17.md:1493,层级工作表节点；不等于购买批次原料已验证；不因本表存在而自动填充 origin_*。
OMR-7EFD647E7A,砍盆箐茶区,,county,镇沅县,镇沅县/砍盆箐茶区,普洱｜镇沅,1494,需人工确认,HIERARCHY_ONLY,unassessed,no,no,no,,00_Inbox/生普产区微产区层级_origin_microregion_全量版_v5_2026-08-17.md:1494,层级工作表节点；不等于购买批次原料已验证；不因本表存在而自动填充 origin_*。
OMR-9A871ED42D,打笋山茶区,,county,镇沅县,镇沅县/打笋山茶区,普洱｜镇沅,1495,需人工确认,HIERARCHY_ONLY,unassessed,yes,no,no,,00_Inbox/生普产区微产区层级_origin_microregion_全量版_v5_2026-08-17.md:1495,层级工作表节点；不等于购买批次原料已验证；不因本表存在而自动填充 origin_*。
OMR-81C5C43A5C,老乌山茶区,,county,镇沅县,镇沅县/老乌山茶区,普洱｜镇沅,1496,需人工确认,HIERARCHY_ONLY,unassessed,yes,no,no,same_name_multiple_paths,00_Inbox/生普产区微产区层级_origin_microregion_全量版_v5_2026-08-17.md:1496,层级工作表节点；不等于购买批次原料已验证；不因本表存在而自动填充 origin_*。
OMR-EC0A4B13CB,五一茶区,,county,镇沅县,镇沅县/五一茶区,普洱｜镇沅,1497,需人工确认,HIERARCHY_ONLY,unassessed,no,no,no,,00_Inbox/生普产区微产区层级_origin_microregion_全量版_v5_2026-08-17.md:1497,层级工作表节点；不等于购买批次原料已验证；不因本表存在而自动填充 origin_*。
OMR-82CC5B3149,千家寨茶区,,county,镇沅县,镇沅县/千家寨茶区,普洱｜镇沅,1498,需人工确认,HIERARCHY_ONLY,unassessed,yes,no,no,,00_Inbox/生普产区微产区层级_origin_microregion_全量版_v5_2026-08-17.md:1498,层级工作表节点；不等于购买批次原料已验证；不因本表存在而自动填充 origin_*。
OMR-8B5712E135,茶山箐茶区,,county,镇沅县,镇沅县/茶山箐茶区,普洱｜镇沅,1499,需人工确认,HIERARCHY_ONLY,unassessed,no,no,no,,00_Inbox/生普产区微产区层级_origin_microregion_全量版_v5_2026-08-17.md:1499,层级工作表节点；不等于购买批次原料已验证；不因本表存在而自动填充 origin_*。
OMR-933F655C0A,马邓村,,natural_village,者东镇,者东镇/马邓村,普洱｜镇沅,1511,需人工确认,HIERARCHY_ONLY,unassessed,no,no,no,,00_Inbox/生普产区微产区层级_origin_microregion_全量版_v5_2026-08-17.md:1511,层级工作表节点；不等于购买批次原料已验证；不因本表存在而自动填充 origin_*。
OMR-A7F6160A82,麦地村,,natural_village,者东镇,者东镇/麦地村,普洱｜镇沅,1512,需人工确认,HIERARCHY_ONLY,unassessed,no,no,no,,00_Inbox/生普产区微产区层级_origin_microregion_全量版_v5_2026-08-17.md:1512,层级工作表节点；不等于购买批次原料已验证；不因本表存在而自动填充 origin_*。
OMR-F1719113E1,麦地高杆,,待人工判定,者东镇/麦地村,者东镇/麦地村/麦地高杆,普洱｜镇沅,1513,需人工确认,HOLD,false,yes,yes,no,raw_status_hint,00_Inbox/生普产区微产区层级_origin_microregion_全量版_v5_2026-08-17.md:1513,层级工作表节点；不等于购买批次原料已验证；不因本表存在而自动填充 origin_*。 原文标记：HOLD。
OMR-25C6659AD9,瓦桥村,,natural_village,田坝乡,田坝乡/瓦桥村,普洱｜镇沅,1518,需人工确认,HIERARCHY_ONLY,unassessed,no,no,no,,00_Inbox/生普产区微产区层级_origin_microregion_全量版_v5_2026-08-17.md:1518,层级工作表节点；不等于购买批次原料已验证；不因本表存在而自动填充 origin_*。
OMR-07D02A713A,老海塘核心,,待人工判定,田坝乡/瓦桥村,田坝乡/瓦桥村/老海塘核心,普洱｜镇沅,1519,需人工确认,HOLD,false,no,no,no,same_name_multiple_paths|raw_status_hint,00_Inbox/生普产区微产区层级_origin_microregion_全量版_v5_2026-08-17.md:1519,层级工作表节点；不等于购买批次原料已验证；不因本表存在而自动填充 origin_*。 原文标记：HOLD。
OMR-9CB0FD0638,李家村,,natural_village,田坝乡,田坝乡/李家村,普洱｜镇沅,1520,需人工确认,HIERARCHY_ONLY,unassessed,no,no,no,,00_Inbox/生普产区微产区层级_origin_microregion_全量版_v5_2026-08-17.md:1520,层级工作表节点；不等于购买批次原料已验证；不因本表存在而自动填充 origin_*。
OMR-4E5349DABC,老海塘核心,,待人工判定,田坝乡/李家村,田坝乡/李家村/老海塘核心,普洱｜镇沅,1521,需人工确认,HOLD,false,no,no,no,same_name_multiple_paths|raw_status_hint,00_Inbox/生普产区微产区层级_origin_microregion_全量版_v5_2026-08-17.md:1521,层级工作表节点；不等于购买批次原料已验证；不因本表存在而自动填充 origin_*。 原文标记：HOLD。
OMR-9D9EBCAB21,民强村,,natural_village,田坝乡,田坝乡/民强村,普洱｜镇沅,1522,需人工确认,HIERARCHY_ONLY,unassessed,yes,no,no,,00_Inbox/生普产区微产区层级_origin_microregion_全量版_v5_2026-08-17.md:1522,层级工作表节点；不等于购买批次原料已验证；不因本表存在而自动填充 origin_*。
OMR-DFDA93F3DA,茶山箐核心,,tea_area,田坝乡/民强村,田坝乡/民强村/茶山箐核心,普洱｜镇沅,1523,需人工确认,PROVISIONAL,true,yes,yes,no,raw_status_hint,00_Inbox/生普产区微产区层级_origin_microregion_全量版_v5_2026-08-17.md:1523,层级工作表节点；不等于购买批次原料已验证；不因本表存在而自动填充 origin_*。 原文标记：PROVISIONAL C。
OMR-60B207EE42,文况村,,natural_village,勐大镇,勐大镇/文况村,普洱｜镇沅,1528,需人工确认,HIERARCHY_ONLY,unassessed,yes,no,no,,00_Inbox/生普产区微产区层级_origin_microregion_全量版_v5_2026-08-17.md:1528,层级工作表节点；不等于购买批次原料已验证；不因本表存在而自动填充 origin_*。
OMR-CBB0F21012,砍盆箐核心,,待人工判定,勐大镇/文况村,勐大镇/文况村/砍盆箐核心,普洱｜镇沅,1529,需人工确认,HIERARCHY_ONLY,unassessed,yes,yes,no,raw_status_hint,00_Inbox/生普产区微产区层级_origin_microregion_全量版_v5_2026-08-17.md:1529,层级工作表节点；不等于购买批次原料已验证；不因本表存在而自动填充 origin_*。 原文标记：INTERVAL C+。
OMR-EDF3F4F348,山街村,,natural_village,振太镇,振太镇/山街村,普洱｜镇沅,1534,需人工确认,HIERARCHY_ONLY,unassessed,yes,no,no,,00_Inbox/生普产区微产区层级_origin_microregion_全量版_v5_2026-08-17.md:1534,层级工作表节点；不等于购买批次原料已验证；不因本表存在而自动填充 origin_*。
OMR-665A2CE972,打笋山小组,,village_group,振太镇/山街村,振太镇/山街村/打笋山小组,普洱｜镇沅,1535,需人工确认,HOLD,false,yes,yes,no,raw_status_hint,00_Inbox/生普产区微产区层级_origin_microregion_全量版_v5_2026-08-17.md:1535,层级工作表节点；不等于购买批次原料已验证；不因本表存在而自动填充 origin_*。 原文标记：HOLD / VERY HIGH。
OMR-00BBACE194,文立村,,natural_village,按板镇,按板镇/文立村,普洱｜镇沅,1540,需人工确认,HIERARCHY_ONLY,unassessed,no,no,no,,00_Inbox/生普产区微产区层级_origin_microregion_全量版_v5_2026-08-17.md:1540,层级工作表节点；不等于购买批次原料已验证；不因本表存在而自动填充 origin_*。
OMR-FE50F59557,黄桑树组,,village_group,按板镇/文立村,按板镇/文立村/黄桑树组,普洱｜镇沅,1541,需人工确认,HOLD,false,no,no,no,raw_status_hint,00_Inbox/生普产区微产区层级_origin_microregion_全量版_v5_2026-08-17.md:1541,层级工作表节点；不等于购买批次原料已验证；不因本表存在而自动填充 origin_*。 原文标记：HOLD。
OMR-D3D0E4DE2A,罗家村,,natural_village,按板镇,按板镇/罗家村,普洱｜镇沅,1542,需人工确认,HIERARCHY_ONLY,unassessed,no,no,no,,00_Inbox/生普产区微产区层级_origin_microregion_全量版_v5_2026-08-17.md:1542,层级工作表节点；不等于购买批次原料已验证；不因本表存在而自动填充 origin_*。
OMR-B0097696AD,上村小组,,village_group,按板镇/罗家村,按板镇/罗家村/上村小组,普洱｜镇沅,1543,需人工确认,HOLD,false,no,no,no,raw_status_hint,00_Inbox/生普产区微产区层级_origin_microregion_全量版_v5_2026-08-17.md:1543,层级工作表节点；不等于购买批次原料已验证；不因本表存在而自动填充 origin_*。 原文标记：HOLD。
OMR-EE642927BB,那布村,,natural_village,按板镇,按板镇/那布村,普洱｜镇沅,1544,需人工确认,HIERARCHY_ONLY,unassessed,no,no,no,raw_status_hint,00_Inbox/生普产区微产区层级_origin_microregion_全量版_v5_2026-08-17.md:1544,层级工作表节点；不等于购买批次原料已验证；不因本表存在而自动填充 origin_*。 原文标记：historical core。
OMR-2D34C5E616,凤凰山茶区,,county,景星镇,景星镇/凤凰山茶区,普洱｜墨江,1567,需人工确认,HIERARCHY_ONLY,unassessed,yes,no,no,raw_status_hint,00_Inbox/生普产区微产区层级_origin_microregion_全量版_v5_2026-08-17.md:1567,层级工作表节点；不等于购买批次原料已验证；不因本表存在而自动填充 origin_*。 原文标记：PARENT。
OMR-2B76A916D7,新华村,,natural_village,景星镇/凤凰山茶区,景星镇/凤凰山茶区/新华村,普洱｜墨江,1568,需人工确认,HIERARCHY_ONLY,unassessed,yes,no,no,,00_Inbox/生普产区微产区层级_origin_microregion_全量版_v5_2026-08-17.md:1568,层级工作表节点；不等于购买批次原料已验证；不因本表存在而自动填充 origin_*。
OMR-5F7EBEB77F,洒次组,,village_group,景星镇/凤凰山茶区/新华村,景星镇/凤凰山茶区/新华村/洒次组,普洱｜墨江,1569,需人工确认,HIERARCHY_ONLY,unassessed,yes,no,no,,00_Inbox/生普产区微产区层级_origin_microregion_全量版_v5_2026-08-17.md:1569,层级工作表节点；不等于购买批次原料已验证；不因本表存在而自动填充 origin_*。
OMR-A2ADBDD7F7,涵德村,,natural_village,景星镇/凤凰山茶区,景星镇/凤凰山茶区/涵德村,普洱｜墨江,1570,需人工确认,HIERARCHY_ONLY,unassessed,yes,no,no,,00_Inbox/生普产区微产区层级_origin_microregion_全量版_v5_2026-08-17.md:1570,层级工作表节点；不等于购买批次原料已验证；不因本表存在而自动填充 origin_*。
OMR-C24657440D,半坡组,,village_group,景星镇/凤凰山茶区/涵德村,景星镇/凤凰山茶区/涵德村/半坡组,普洱｜墨江,1571,需人工确认,HIERARCHY_ONLY,unassessed,yes,no,no,,00_Inbox/生普产区微产区层级_origin_microregion_全量版_v5_2026-08-17.md:1571,层级工作表节点；不等于购买批次原料已验证；不因本表存在而自动填充 origin_*。
OMR-B67AFF399F,凤凰窝古茶园,,microplot,景星镇/凤凰山茶区,景星镇/凤凰山茶区/凤凰窝古茶园,普洱｜墨江,1572,需人工确认,PROVISIONAL,true,yes,no,no,raw_status_hint,00_Inbox/生普产区微产区层级_origin_microregion_全量版_v5_2026-08-17.md:1572,层级工作表节点；不等于购买批次原料已验证；不因本表存在而自动填充 origin_*。 原文标记：PROVISIONAL C+。
OMR-C6C47527DC,窝心?,,待人工判定,景星镇/凤凰山茶区/凤凰窝古茶园,景星镇/凤凰山茶区/凤凰窝古茶园/窝心?,普洱｜墨江,1573,需人工确认,HOLD,false,no,no,no,name_unresolved|raw_status_hint,00_Inbox/生普产区微产区层级_origin_microregion_全量版_v5_2026-08-17.md:1573,层级工作表节点；不等于购买批次原料已验证；不因本表存在而自动填充 origin_*。 原文标记：market microplot / HOLD。
OMR-61F0364630,界牌村,,natural_village,新抚镇,新抚镇/界牌村,普洱｜墨江,1580,需人工确认,HIERARCHY_ONLY,unassessed,yes,yes,no,,00_Inbox/生普产区微产区层级_origin_microregion_全量版_v5_2026-08-17.md:1580,层级工作表节点；不等于购买批次原料已验证；不因本表存在而自动填充 origin_*。
OMR-6B38F1B7E9,米地贡茶园,,microplot,新抚镇/界牌村,新抚镇/界牌村/米地贡茶园,普洱｜墨江,1581,需人工确认,HOLD,false,yes,yes,no,raw_status_hint,00_Inbox/生普产区微产区层级_origin_microregion_全量版_v5_2026-08-17.md:1581,层级工作表节点；不等于购买批次原料已验证；不因本表存在而自动填充 origin_*。 原文标记：HOLD / VERY HIGH。
OMR-38526071BD,米地,,待人工判定,新抚镇/界牌村/米地贡茶园,新抚镇/界牌村/米地贡茶园/米地,普洱｜墨江,1582,需人工确认,HIERARCHY_ONLY,unassessed,yes,yes,no,,00_Inbox/生普产区微产区层级_origin_microregion_全量版_v5_2026-08-17.md:1582,层级工作表节点；不等于购买批次原料已验证；不因本表存在而自动填充 origin_*。
OMR-1CD2BE4FFE,破木?,,待人工判定,新抚镇/界牌村/米地贡茶园,新抚镇/界牌村/米地贡茶园/破木?,普洱｜墨江,1583,需人工确认,HIERARCHY_ONLY,unassessed,no,no,no,name_unresolved|raw_status_hint,00_Inbox/生普产区微产区层级_origin_microregion_全量版_v5_2026-08-17.md:1583,层级工作表节点；不等于购买批次原料已验证；不因本表存在而自动填充 origin_*。 原文标记：candidate。
OMR-12B4A33085,会佘?,,待人工判定,新抚镇/界牌村/米地贡茶园,新抚镇/界牌村/米地贡茶园/会佘?,普洱｜墨江,1584,需人工确认,HIERARCHY_ONLY,unassessed,no,no,no,name_unresolved|raw_status_hint,00_Inbox/生普产区微产区层级_origin_microregion_全量版_v5_2026-08-17.md:1584,层级工作表节点；不等于购买批次原料已验证；不因本表存在而自动填充 origin_*。 原文标记：candidate。
OMR-2C1A0D9C66,新塘村,,natural_village,新抚镇,新抚镇/新塘村,普洱｜墨江,1585,需人工确认,HIERARCHY_ONLY,unassessed,yes,no,no,same_name_multiple_paths,00_Inbox/生普产区微产区层级_origin_microregion_全量版_v5_2026-08-17.md:1585,层级工作表节点；不等于购买批次原料已验证；不因本表存在而自动填充 origin_*。
OMR-533A6C4163,大山组,,village_group,新抚镇/新塘村,新抚镇/新塘村/大山组,普洱｜墨江,1586,需人工确认,HIERARCHY_ONLY,unassessed,yes,no,no,,00_Inbox/生普产区微产区层级_origin_microregion_全量版_v5_2026-08-17.md:1586,层级工作表节点；不等于购买批次原料已验证；不因本表存在而自动填充 origin_*。
OMR-E87D422356,迷帝普洱茶庄园,,待人工判定,新抚镇/新塘村/大山组,新抚镇/新塘村/大山组/迷帝普洱茶庄园,普洱｜墨江,1587,需人工确认,HIERARCHY_ONLY,unassessed,yes,no,no,raw_status_hint,00_Inbox/生普产区微产区层级_origin_microregion_全量版_v5_2026-08-17.md:1587,层级工作表节点；不等于购买批次原料已验证；不因本表存在而自动填充 origin_*。 原文标记：production_estate。
OMR-0DD7AF38C9,须立贡茶古茶山,,tea_area,联珠镇 / 碧溪历史体系,联珠镇 / 碧溪历史体系/须立贡茶古茶山,普洱｜墨江,1600,需人工确认,HIERARCHY_ONLY,unassessed,yes,no,no,raw_status_hint,00_Inbox/生普产区微产区层级_origin_microregion_全量版_v5_2026-08-17.md:1600,层级工作表节点；不等于购买批次原料已验证；不因本表存在而自动填充 origin_*。 原文标记：PARENT。
OMR-B118B5265F,班中,,待人工判定,联珠镇 / 碧溪历史体系/须立贡茶古茶山,联珠镇 / 碧溪历史体系/须立贡茶古茶山/班中,普洱｜墨江,1601,需人工确认,HIERARCHY_ONLY,unassessed,yes,no,no,,00_Inbox/生普产区微产区层级_origin_microregion_全量版_v5_2026-08-17.md:1601,层级工作表节点；不等于购买批次原料已验证；不因本表存在而自动填充 origin_*。
OMR-F8472509EC,碧胜?,,待人工判定,联珠镇 / 碧溪历史体系/须立贡茶古茶山,联珠镇 / 碧溪历史体系/须立贡茶古茶山/碧胜?,普洱｜墨江,1602,需人工确认,HIERARCHY_ONLY,unassessed,no,no,no,name_unresolved|raw_status_hint,00_Inbox/生普产区微产区层级_origin_microregion_全量版_v5_2026-08-17.md:1602,层级工作表节点；不等于购买批次原料已验证；不因本表存在而自动填充 origin_*。 原文标记：historical name / current parent unresolved。
OMR-9261CEED5B,菜园?,,待人工判定,联珠镇 / 碧溪历史体系/须立贡茶古茶山,联珠镇 / 碧溪历史体系/须立贡茶古茶山/菜园?,普洱｜墨江,1603,需人工确认,HIERARCHY_ONLY,unassessed,no,no,no,name_unresolved|raw_status_hint,00_Inbox/生普产区微产区层级_origin_microregion_全量版_v5_2026-08-17.md:1603,层级工作表节点；不等于购买批次原料已验证；不因本表存在而自动填充 origin_*。 原文标记：historical name / current parent unresolved。
OMR-16CD09A373,勇溪村,,natural_village,联珠镇 / 碧溪历史体系/须立贡茶古茶山,联珠镇 / 碧溪历史体系/须立贡茶古茶山/勇溪村,普洱｜墨江,1604,需人工确认,HIERARCHY_ONLY,unassessed,yes,no,no,,00_Inbox/生普产区微产区层级_origin_microregion_全量版_v5_2026-08-17.md:1604,层级工作表节点；不等于购买批次原料已验证；不因本表存在而自动填充 origin_*。
OMR-2EAC3E6A93,须立贡茶园,,microplot,联珠镇 / 碧溪历史体系/须立贡茶古茶山/勇溪村,联珠镇 / 碧溪历史体系/须立贡茶古茶山/勇溪村/须立贡茶园,普洱｜墨江,1605,需人工确认,HOLD,false,yes,no,no,raw_status_hint,00_Inbox/生普产区微产区层级_origin_microregion_全量版_v5_2026-08-17.md:1605,层级工作表节点；不等于购买批次原料已验证；不因本表存在而自动填充 origin_*。 原文标记：HOLD / HIGH。
OMR-020130E8CE,通关古茶山,,tea_area,通关镇,通关镇/通关古茶山,普洱｜墨江,1612,需人工确认,HOLD,false,no,no,no,raw_status_hint,00_Inbox/生普产区微产区层级_origin_microregion_全量版_v5_2026-08-17.md:1612,层级工作表节点；不等于购买批次原料已验证；不因本表存在而自动填充 origin_*。 原文标记：PARENT / HOLD。
OMR-3EEBC1751B,新武,,待人工判定,通关镇/通关古茶山,通关镇/通关古茶山/新武,普洱｜墨江,1613,需人工确认,HIERARCHY_ONLY,unassessed,no,no,no,,00_Inbox/生普产区微产区层级_origin_microregion_全量版_v5_2026-08-17.md:1613,层级工作表节点；不等于购买批次原料已验证；不因本表存在而自动填充 origin_*。
OMR-9137B2FAC5,景坝,,待人工判定,通关镇/通关古茶山,通关镇/通关古茶山/景坝,普洱｜墨江,1614,需人工确认,HIERARCHY_ONLY,unassessed,no,no,no,,00_Inbox/生普产区微产区层级_origin_microregion_全量版_v5_2026-08-17.md:1614,层级工作表节点；不等于购买批次原料已验证；不因本表存在而自动填充 origin_*。
OMR-5FA76DE3BB,毕库,,待人工判定,通关镇/通关古茶山,通关镇/通关古茶山/毕库,普洱｜墨江,1615,需人工确认,HIERARCHY_ONLY,unassessed,no,no,no,,00_Inbox/生普产区微产区层级_origin_microregion_全量版_v5_2026-08-17.md:1615,层级工作表节点；不等于购买批次原料已验证；不因本表存在而自动填充 origin_*。
OMR-0636CE44AA,永平?,,待人工判定,通关镇/通关古茶山,通关镇/通关古茶山/永平?,普洱｜墨江,1616,需人工确认,HIERARCHY_ONLY,unassessed,no,no,no,name_unresolved|raw_status_hint,00_Inbox/生普产区微产区层级_origin_microregion_全量版_v5_2026-08-17.md:1616,层级工作表节点；不等于购买批次原料已验证；不因本表存在而自动填充 origin_*。 原文标记：legacy name unresolved。
OMR-FAD42DED21,荣平村,,natural_village,通关镇,通关镇/荣平村,普洱｜墨江,1629,需人工确认,HIERARCHY_ONLY,unassessed,yes,no,no,,00_Inbox/生普产区微产区层级_origin_microregion_全量版_v5_2026-08-17.md:1629,层级工作表节点；不等于购买批次原料已验证；不因本表存在而自动填充 origin_*。
OMR-7167EC5471,华竹箐一组,,village_group,通关镇/荣平村,通关镇/荣平村/华竹箐一组,普洱｜墨江,1630,需人工确认,HIERARCHY_ONLY,unassessed,yes,no,no,raw_status_hint,00_Inbox/生普产区微产区层级_origin_microregion_全量版_v5_2026-08-17.md:1630,层级工作表节点；不等于购买批次原料已验证；不因本表存在而自动填充 origin_*。 原文标记：DISCOVERY。
OMR-B6E50C66A8,老彭村,,natural_village,坝溜古茶山                   [historical parent],坝溜古茶山                   [historical parent]/老彭村,普洱｜墨江,1637,需人工确认,HIERARCHY_ONLY,unassessed,yes,no,no,,00_Inbox/生普产区微产区层级_origin_microregion_全量版_v5_2026-08-17.md:1637,层级工作表节点；不等于购买批次原料已验证；不因本表存在而自动填充 origin_*。
OMR-5E0D93B244,骂尼村,,natural_village,坝溜古茶山                   [historical parent],坝溜古茶山                   [historical parent]/骂尼村,普洱｜墨江,1638,需人工确认,HIERARCHY_ONLY,unassessed,yes,no,no,,00_Inbox/生普产区微产区层级_origin_microregion_全量版_v5_2026-08-17.md:1638,层级工作表节点；不等于购买批次原料已验证；不因本表存在而自动填充 origin_*。
OMR-940E236DA0,老朱村,,natural_village,坝溜古茶山                   [historical parent],坝溜古茶山                   [historical parent]/老朱村,普洱｜墨江,1639,需人工确认,HIERARCHY_ONLY,unassessed,yes,no,no,,00_Inbox/生普产区微产区层级_origin_microregion_全量版_v5_2026-08-17.md:1639,层级工作表节点；不等于购买批次原料已验证；不因本表存在而自动填充 origin_*。
OMR-7544D9D4F4,联珠村,,natural_village,坝溜古茶山                   [historical parent],坝溜古茶山                   [historical parent]/联珠村,普洱｜墨江,1640,需人工确认,HIERARCHY_ONLY,unassessed,yes,no,no,,00_Inbox/生普产区微产区层级_origin_microregion_全量版_v5_2026-08-17.md:1640,层级工作表节点；不等于购买批次原料已验证；不因本表存在而自动填充 origin_*。
OMR-55C412F6D4,老围村,,natural_village,团田镇,团田镇/老围村,普洱｜墨江,1649,需人工确认,HIERARCHY_ONLY,unassessed,yes,no,no,,00_Inbox/生普产区微产区层级_origin_microregion_全量版_v5_2026-08-17.md:1649,层级工作表节点；不等于购买批次原料已验证；不因本表存在而自动填充 origin_*。
OMR-E56295FFC1,大中山,,mountain,团田镇/老围村,团田镇/老围村/大中山,普洱｜墨江,1650,需人工确认,HIERARCHY_ONLY,unassessed,no,no,no,,00_Inbox/生普产区微产区层级_origin_microregion_全量版_v5_2026-08-17.md:1650,层级工作表节点；不等于购买批次原料已验证；不因本表存在而自动填充 origin_*。
OMR-CF788682E0,老围街,,待人工判定,团田镇/老围村,团田镇/老围村/老围街,普洱｜墨江,1651,需人工确认,HIERARCHY_ONLY,unassessed,no,no,no,,00_Inbox/生普产区微产区层级_origin_microregion_全量版_v5_2026-08-17.md:1651,层级工作表节点；不等于购买批次原料已验证；不因本表存在而自动填充 origin_*。
OMR-7E3DD8B28D,密封沟,,待人工判定,团田镇/老围村,团田镇/老围村/密封沟,普洱｜墨江,1652,需人工确认,HIERARCHY_ONLY,unassessed,no,no,no,,00_Inbox/生普产区微产区层级_origin_microregion_全量版_v5_2026-08-17.md:1652,层级工作表节点；不等于购买批次原料已验证；不因本表存在而自动填充 origin_*。
OMR-774E42897C,庐山,,mountain,团田镇/老围村,团田镇/老围村/庐山,普洱｜墨江,1653,需人工确认,HIERARCHY_ONLY,unassessed,no,no,no,,00_Inbox/生普产区微产区层级_origin_microregion_全量版_v5_2026-08-17.md:1653,层级工作表节点；不等于购买批次原料已验证；不因本表存在而自动填充 origin_*。
OMR-A83B6882B5,凹白果,,待人工判定,团田镇/老围村,团田镇/老围村/凹白果,普洱｜墨江,1654,需人工确认,HIERARCHY_ONLY,unassessed,no,no,no,,00_Inbox/生普产区微产区层级_origin_microregion_全量版_v5_2026-08-17.md:1654,层级工作表节点；不等于购买批次原料已验证；不因本表存在而自动填充 origin_*。
OMR-61DB04F7EB,萨露茶园 / 萨露体系,,microplot,团田镇/老围村,团田镇/老围村/萨露茶园 / 萨露体系,普洱｜墨江,1655,需人工确认,HOLD,false,no,no,no,compound_or_alias_name|raw_status_hint,00_Inbox/生普产区微产区层级_origin_microregion_全量版_v5_2026-08-17.md:1655,层级工作表节点；不等于购买批次原料已验证；不因本表存在而自动填充 origin_*。 原文标记：HOLD / HIGH。
OMR-64085FB3D9,宁洱镇,,township,困鹿山山体 / 广义古茶资源区       [PARENT],困鹿山山体 / 广义古茶资源区       [PARENT]/宁洱镇,普洱｜宁洱,1678,需人工确认,HIERARCHY_ONLY,unassessed,yes,no,no,,00_Inbox/生普产区微产区层级_origin_microregion_全量版_v5_2026-08-17.md:1678,层级工作表节点；不等于购买批次原料已验证；不因本表存在而自动填充 origin_*。
OMR-4E05DBE83D,宽宏村,,natural_village,困鹿山山体 / 广义古茶资源区       [PARENT]/宁洱镇,困鹿山山体 / 广义古茶资源区       [PARENT]/宁洱镇/宽宏村,普洱｜宁洱,1679,需人工确认,HIERARCHY_ONLY,unassessed,yes,no,no,,00_Inbox/生普产区微产区层级_origin_microregion_全量版_v5_2026-08-17.md:1679,层级工作表节点；不等于购买批次原料已验证；不因本表存在而自动填充 origin_*。
OMR-1F884B23AD,困鹿山村民小组,,village_group,困鹿山山体 / 广义古茶资源区       [PARENT]/宁洱镇/宽宏村,困鹿山山体 / 广义古茶资源区       [PARENT]/宁洱镇/宽宏村/困鹿山村民小组,普洱｜宁洱,1680,需人工确认,HIERARCHY_ONLY,unassessed,yes,no,no,,00_Inbox/生普产区微产区层级_origin_microregion_全量版_v5_2026-08-17.md:1680,层级工作表节点；不等于购买批次原料已验证；不因本表存在而自动填充 origin_*。
OMR-3311437CAC,困鹿山生产茶区,,county,困鹿山山体 / 广义古茶资源区       [PARENT]/宁洱镇/宽宏村/困鹿山村民小组,困鹿山山体 / 广义古茶资源区       [PARENT]/宁洱镇/宽宏村/困鹿山村民小组/困鹿山生产茶区,普洱｜宁洱,1681,需人工确认,HIERARCHY_ONLY,unassessed,yes,no,no,raw_status_hint,00_Inbox/生普产区微产区层级_origin_microregion_全量版_v5_2026-08-17.md:1681,层级工作表节点；不等于购买批次原料已验证；不因本表存在而自动填充 origin_*。 原文标记：PARENT。
OMR-B4B4A4D807,困鹿山皇家古茶园,,microplot,困鹿山山体 / 广义古茶资源区       [PARENT]/宁洱镇/宽宏村/困鹿山村民小组,困鹿山山体 / 广义古茶资源区       [PARENT]/宁洱镇/宽宏村/困鹿山村民小组/困鹿山皇家古茶园,普洱｜宁洱,1682,需人工确认,HIERARCHY_ONLY,unassessed,yes,no,no,raw_status_hint,00_Inbox/生普产区微产区层级_origin_microregion_全量版_v5_2026-08-17.md:1682,层级工作表节点；不等于购买批次原料已验证；不因本表存在而自动填充 origin_*。 原文标记：INTERVAL。
OMR-0392D0B94A,细叶古树材料,,待人工判定,困鹿山山体 / 广义古茶资源区       [PARENT]/宁洱镇/宽宏村/困鹿山村民小组/困鹿山皇家古茶园,困鹿山山体 / 广义古茶资源区       [PARENT]/宁洱镇/宽宏村/困鹿山村民小组/困鹿山皇家古茶园/细叶古树材料,普洱｜宁洱,1683,需人工确认,PROVISIONAL,true,no,no,no,raw_status_hint,00_Inbox/生普产区微产区层级_origin_microregion_全量版_v5_2026-08-17.md:1683,层级工作表节点；不等于购买批次原料已验证；不因本表存在而自动填充 origin_*。 原文标记：PROVISIONAL C+。
OMR-4E2F331ED9,扎罗山古茶山,,tea_area,磨黑镇,磨黑镇/扎罗山古茶山,普洱｜宁洱,1690,需人工确认,HOLD,false,no,no,no,raw_status_hint,00_Inbox/生普产区微产区层级_origin_microregion_全量版_v5_2026-08-17.md:1690,层级工作表节点；不等于购买批次原料已验证；不因本表存在而自动填充 origin_*。 原文标记：HOLD / precise village unresolved。
OMR-3F7FA8B8B1,庆明村,,natural_village,磨黑镇,磨黑镇/庆明村,普洱｜宁洱,1691,需人工确认,HIERARCHY_ONLY,unassessed,yes,no,no,,00_Inbox/生普产区微产区层级_origin_microregion_全量版_v5_2026-08-17.md:1691,层级工作表节点；不等于购买批次原料已验证；不因本表存在而自动填充 origin_*。
OMR-775495E474,新寨山,,natural_village,磨黑镇/庆明村,磨黑镇/庆明村/新寨山,普洱｜宁洱,1692,需人工确认,HIERARCHY_ONLY,unassessed,yes,no,no,raw_status_hint,00_Inbox/生普产区微产区层级_origin_microregion_全量版_v5_2026-08-17.md:1692,层级工作表节点；不等于购买批次原料已验证；不因本表存在而自动填充 origin_*。 原文标记：DISCOVERY_HIGH。
OMR-E237DDF48F,板山古茶区,,county,勐先镇,勐先镇/板山古茶区,普洱｜宁洱,1699,需人工确认,HOLD,false,no,no,no,raw_status_hint,00_Inbox/生普产区微产区层级_origin_microregion_全量版_v5_2026-08-17.md:1699,层级工作表节点；不等于购买批次原料已验证；不因本表存在而自动填充 origin_*。 原文标记：PARENT / HOLD。
OMR-5F2247E4C0,金竹林箐?,,待人工判定,勐先镇/板山古茶区,勐先镇/板山古茶区/金竹林箐?,普洱｜宁洱,1700,需人工确认,HIERARCHY_ONLY,unassessed,no,no,no,name_unresolved|raw_status_hint,00_Inbox/生普产区微产区层级_origin_microregion_全量版_v5_2026-08-17.md:1700,层级工作表节点；不等于购买批次原料已验证；不因本表存在而自动填充 origin_*。 原文标记：candidate。
OMR-5FD36FCA57,茶山箐?,,tea_area,勐先镇/板山古茶区,勐先镇/板山古茶区/茶山箐?,普洱｜宁洱,1701,需人工确认,HIERARCHY_ONLY,unassessed,no,no,no,name_unresolved|raw_status_hint,00_Inbox/生普产区微产区层级_origin_microregion_全量版_v5_2026-08-17.md:1701,层级工作表节点；不等于购买批次原料已验证；不因本表存在而自动填充 origin_*。 原文标记：candidate。
OMR-285125DCD7,白草地?,,待人工判定,勐先镇/板山古茶区,勐先镇/板山古茶区/白草地?,普洱｜宁洱,1702,需人工确认,HIERARCHY_ONLY,unassessed,no,no,no,name_unresolved|raw_status_hint,00_Inbox/生普产区微产区层级_origin_microregion_全量版_v5_2026-08-17.md:1702,层级工作表节点；不等于购买批次原料已验证；不因本表存在而自动填充 origin_*。 原文标记：candidate。
OMR-C0F0E75721,竹山村,,natural_village,勐先镇,勐先镇/竹山村,普洱｜宁洱,1703,需人工确认,HIERARCHY_ONLY,unassessed,no,no,no,raw_status_hint,00_Inbox/生普产区微产区层级_origin_microregion_全量版_v5_2026-08-17.md:1703,层级工作表节点；不等于购买批次原料已验证；不因本表存在而自动填充 origin_*。 原文标记：MODERN_TEA_AREA。
OMR-2B2EBC9911,永胜村,,natural_village,梅子镇,梅子镇/永胜村,普洱｜宁洱,1710,需人工确认,HIERARCHY_ONLY,unassessed,yes,no,no,,00_Inbox/生普产区微产区层级_origin_microregion_全量版_v5_2026-08-17.md:1710,层级工作表节点；不等于购买批次原料已验证；不因本表存在而自动填充 origin_*。
OMR-1B4482725A,干坝子大山,,mountain,梅子镇/永胜村,梅子镇/永胜村/干坝子大山,普洱｜宁洱,1711,需人工确认,HIERARCHY_ONLY,unassessed,yes,no,no,,00_Inbox/生普产区微产区层级_origin_microregion_全量版_v5_2026-08-17.md:1711,层级工作表节点；不等于购买批次原料已验证；不因本表存在而自动填充 origin_*。
OMR-336A33F2FC,摆尾箐,,待人工判定,梅子镇/永胜村/干坝子大山,梅子镇/永胜村/干坝子大山/摆尾箐,普洱｜宁洱,1712,需人工确认,PROVISIONAL,true,yes,yes,no,raw_status_hint,00_Inbox/生普产区微产区层级_origin_microregion_全量版_v5_2026-08-17.md:1712,层级工作表节点；不等于购买批次原料已验证；不因本表存在而自动填充 origin_*。 原文标记：PROVISIONAL C。
OMR-CDB005726C,温泉村,,natural_village,宁洱镇,宁洱镇/温泉村,普洱｜宁洱,1719,需人工确认,HIERARCHY_ONLY,unassessed,no,no,no,,00_Inbox/生普产区微产区层级_origin_microregion_全量版_v5_2026-08-17.md:1719,层级工作表节点；不等于购买批次原料已验证；不因本表存在而自动填充 origin_*。
OMR-F509931B05,贰龙山,,mountain,宁洱镇/温泉村,宁洱镇/温泉村/贰龙山,普洱｜宁洱,1720,需人工确认,HIERARCHY_ONLY,unassessed,yes,yes,no,raw_status_hint,00_Inbox/生普产区微产区层级_origin_microregion_全量版_v5_2026-08-17.md:1720,层级工作表节点；不等于购买批次原料已验证；不因本表存在而自动填充 origin_*。 原文标记：MATURE_ECOLOGICAL_TEA_GARDEN。
OMR-77E8CA6EB8,龙潭坝片区 / 茶场,,待人工判定,宁洱镇,宁洱镇/龙潭坝片区 / 茶场,普洱｜宁洱,1721,需人工确认,HIERARCHY_ONLY,unassessed,no,no,no,compound_or_alias_name|raw_status_hint,00_Inbox/生普产区微产区层级_origin_microregion_全量版_v5_2026-08-17.md:1721,层级工作表节点；不等于购买批次原料已验证；不因本表存在而自动填充 origin_*。 原文标记：MODERN_TEA_AREA。
OMR-9FD2214CF1,无量山,,mountain,景东县,景东县/无量山,普洱｜景东,1734,可自动填充,HIERARCHY_ONLY,unassessed,yes,yes,yes,raw_status_hint,00_Inbox/生普产区微产区层级_origin_microregion_全量版_v5_2026-08-17.md:1734,层级工作表节点；不等于购买批次原料已验证；不因本表存在而自动填充 origin_*。 原文标记：ecological_anchor。
OMR-E95763D3DC,哀牢山,,mountain,景东县,景东县/哀牢山,普洱｜景东,1735,可自动填充,HIERARCHY_ONLY,unassessed,yes,no,yes,raw_status_hint,00_Inbox/生普产区微产区层级_origin_microregion_全量版_v5_2026-08-17.md:1735,层级工作表节点；不等于购买批次原料已验证；不因本表存在而自动填充 origin_*。 原文标记：ecological_anchor。
OMR-F1BB99A246,迤仓村,,natural_village,安定镇,安定镇/迤仓村,普洱｜景东,1756,需人工确认,HIERARCHY_ONLY,unassessed,yes,no,no,,00_Inbox/生普产区微产区层级_origin_microregion_全量版_v5_2026-08-17.md:1756,层级工作表节点；不等于购买批次原料已验证；不因本表存在而自动填充 origin_*。
OMR-89B82930AB,南诏老仓贡茶园,,microplot,安定镇/迤仓村,安定镇/迤仓村/南诏老仓贡茶园,普洱｜景东,1757,需人工确认,HOLD,false,yes,yes,no,raw_status_hint,00_Inbox/生普产区微产区层级_origin_microregion_全量版_v5_2026-08-17.md:1757,层级工作表节点；不等于购买批次原料已验证；不因本表存在而自动填充 origin_*。 原文标记：HOLD / HIGH。
OMR-5D7138DF19,帮崴村,,natural_village,文龙镇,文龙镇/帮崴村,普洱｜景东,1762,需人工确认,HIERARCHY_ONLY,unassessed,no,no,no,,00_Inbox/生普产区微产区层级_origin_microregion_全量版_v5_2026-08-17.md:1762,层级工作表节点；不等于购买批次原料已验证；不因本表存在而自动填充 origin_*。
OMR-8233816A3C,帮迈村,,natural_village,文龙镇,文龙镇/帮迈村,普洱｜景东,1763,需人工确认,HOLD,false,no,no,no,raw_status_hint,00_Inbox/生普产区微产区层级_origin_microregion_全量版_v5_2026-08-17.md:1763,层级工作表节点；不等于购买批次原料已验证；不因本表存在而自动填充 origin_*。 原文标记：HOLD / HIGH。
OMR-86BAC59576,丁帕村,,natural_village,林街乡,林街乡/丁帕村,普洱｜景东,1770,需人工确认,HIERARCHY_ONLY,unassessed,no,no,no,,00_Inbox/生普产区微产区层级_origin_microregion_全量版_v5_2026-08-17.md:1770,层级工作表节点；不等于购买批次原料已验证；不因本表存在而自动填充 origin_*。
OMR-813F9FAF92,磨刀河,,待人工判定,林街乡/丁帕村,林街乡/丁帕村/磨刀河,普洱｜景东,1771,需人工确认,HOLD,false,yes,yes,no,raw_status_hint,00_Inbox/生普产区微产区层级_origin_microregion_全量版_v5_2026-08-17.md:1771,层级工作表节点；不等于购买批次原料已验证；不因本表存在而自动填充 origin_*。 原文标记：HOLD / VERY HIGH。
OMR-5904B5DF11,二道河,,待人工判定,林街乡/丁帕村,林街乡/丁帕村/二道河,普洱｜景东,1772,需人工确认,HOLD,false,yes,no,no,raw_status_hint,00_Inbox/生普产区微产区层级_origin_microregion_全量版_v5_2026-08-17.md:1772,层级工作表节点；不等于购买批次原料已验证；不因本表存在而自动填充 origin_*。 原文标记：HOLD。
OMR-915EFB997E,大平掌,,待人工判定,林街乡/丁帕村,林街乡/丁帕村/大平掌,普洱｜景东,1773,需人工确认,HOLD,false,yes,yes,no,raw_status_hint,00_Inbox/生普产区微产区层级_origin_microregion_全量版_v5_2026-08-17.md:1773,层级工作表节点；不等于购买批次原料已验证；不因本表存在而自动填充 origin_*。 原文标记：HOLD。
OMR-11B8855CDA,广义历史金鼎体系,,historical_region,景福镇,景福镇/广义历史金鼎体系,普洱｜景东,1778,需人工确认,HIERARCHY_ONLY,unassessed,no,no,no,,00_Inbox/生普产区微产区层级_origin_microregion_全量版_v5_2026-08-17.md:1778,层级工作表节点；不等于购买批次原料已验证；不因本表存在而自动填充 origin_*。
OMR-5ED4075316,凤冠,,待人工判定,景福镇/广义历史金鼎体系,景福镇/广义历史金鼎体系/凤冠,普洱｜景东,1779,需人工确认,HOLD,false,yes,yes,no,raw_status_hint,00_Inbox/生普产区微产区层级_origin_microregion_全量版_v5_2026-08-17.md:1779,层级工作表节点；不等于购买批次原料已验证；不因本表存在而自动填充 origin_*。 原文标记：HOLD / HIGH。
OMR-FBD6F9F56D,文冒村,,natural_village,漫湾镇,漫湾镇/文冒村,普洱｜景东,1784,需人工确认,HIERARCHY_ONLY,unassessed,yes,no,no,,00_Inbox/生普产区微产区层级_origin_microregion_全量版_v5_2026-08-17.md:1784,层级工作表节点；不等于购买批次原料已验证；不因本表存在而自动填充 origin_*。
OMR-5EA33FBE34,温岭古茶园,,microplot,漫湾镇/文冒村,漫湾镇/文冒村/温岭古茶园,普洱｜景东,1785,需人工确认,HOLD,false,no,no,no,raw_status_hint,00_Inbox/生普产区微产区层级_origin_microregion_全量版_v5_2026-08-17.md:1785,层级工作表节点；不等于购买批次原料已验证；不因本表存在而自动填充 origin_*。 原文标记：HOLD / VERY HIGH。
OMR-67D92188D5,丙必村,,natural_village,文井镇,文井镇/丙必村,普洱｜景东,1790,需人工确认,HIERARCHY_ONLY,unassessed,yes,no,no,,00_Inbox/生普产区微产区层级_origin_microregion_全量版_v5_2026-08-17.md:1790,层级工作表节点；不等于购买批次原料已验证；不因本表存在而自动填充 origin_*。
OMR-78B0FCB97B,长地山小组,,village_group,文井镇/丙必村,文井镇/丙必村/长地山小组,普洱｜景东,1791,需人工确认,HOLD,false,no,no,no,raw_status_hint,00_Inbox/生普产区微产区层级_origin_microregion_全量版_v5_2026-08-17.md:1791,层级工作表节点；不等于购买批次原料已验证；不因本表存在而自动填充 origin_*。 原文标记：HOLD / VERY HIGH。
OMR-86675FA888,温卜村,,natural_village,锦屏镇,锦屏镇/温卜村,普洱｜景东,1796,需人工确认,HIERARCHY_ONLY,unassessed,no,no,no,,00_Inbox/生普产区微产区层级_origin_microregion_全量版_v5_2026-08-17.md:1796,层级工作表节点；不等于购买批次原料已验证；不因本表存在而自动填充 origin_*。
OMR-E8682C59CD,景东黄草坝,,待人工判定,锦屏镇/温卜村,锦屏镇/温卜村/景东黄草坝,普洱｜景东,1797,需人工确认,HOLD,false,yes,yes,no,raw_status_hint,00_Inbox/生普产区微产区层级_origin_microregion_全量版_v5_2026-08-17.md:1797,层级工作表节点；不等于购买批次原料已验证；不因本表存在而自动填充 origin_*。 原文标记：HOLD。
OMR-D38F9A2CAE,黄草岭村,,natural_village,锦屏镇,锦屏镇/黄草岭村,普洱｜景东,1798,需人工确认,HIERARCHY_ONLY,unassessed,no,no,no,raw_status_hint,00_Inbox/生普产区微产区层级_origin_microregion_全量版_v5_2026-08-17.md:1798,层级工作表节点；不等于购买批次原料已验证；不因本表存在而自动填充 origin_*。 原文标记：SEPARATE PLACE。
OMR-B6FA2161D7,长发村,,natural_village,大朝山东镇,大朝山东镇/长发村,普洱｜景东,1809,需人工确认,HOLD,false,no,no,no,raw_status_hint,00_Inbox/生普产区微产区层级_origin_microregion_全量版_v5_2026-08-17.md:1809,层级工作表节点；不等于购买批次原料已验证；不因本表存在而自动填充 origin_*。 原文标记：HOLD / HIGH。
OMR-224FB07900,芦山村,,natural_village,花山镇,花山镇/芦山村,普洱｜景东,1814,需人工确认,HIERARCHY_ONLY,unassessed,no,no,no,,00_Inbox/生普产区微产区层级_origin_microregion_全量版_v5_2026-08-17.md:1814,层级工作表节点；不等于购买批次原料已验证；不因本表存在而自动填充 origin_*。
OMR-ED35BB5DCA,哀牢山一号,,mountain,花山镇/芦山村,花山镇/芦山村/哀牢山一号,普洱｜景东,1815,需人工确认,HOLD,false,yes,no,no,raw_status_hint,00_Inbox/生普产区微产区层级_origin_microregion_全量版_v5_2026-08-17.md:1815,层级工作表节点；不等于购买批次原料已验证；不因本表存在而自动填充 origin_*。 原文标记：HOLD / project-named ancient tea area。
OMR-6BB04BFECC,国庆古茶山 / 田房古茶山,,tea_area,国庆乡,国庆乡/国庆古茶山 / 田房古茶山,普洱｜江城,1846,需人工确认,HIERARCHY_ONLY,unassessed,no,no,no,compound_or_alias_name|raw_status_hint,00_Inbox/生普产区微产区层级_origin_microregion_全量版_v5_2026-08-17.md:1846,层级工作表节点；不等于购买批次原料已验证；不因本表存在而自动填充 origin_*。 原文标记：PARENT。
OMR-A7B1F8F147,田房村,,natural_village,国庆乡/国庆古茶山 / 田房古茶山,国庆乡/国庆古茶山 / 田房古茶山/田房村,普洱｜江城,1847,需人工确认,HIERARCHY_ONLY,unassessed,no,no,no,,00_Inbox/生普产区微产区层级_origin_microregion_全量版_v5_2026-08-17.md:1847,层级工作表节点；不等于购买批次原料已验证；不因本表存在而自动填充 origin_*。
OMR-DD68E77AAD,田房寨,,natural_village,国庆乡/国庆古茶山 / 田房古茶山/田房村,国庆乡/国庆古茶山 / 田房古茶山/田房村/田房寨,普洱｜江城,1848,需人工确认,HOLD,false,yes,no,no,raw_status_hint,00_Inbox/生普产区微产区层级_origin_microregion_全量版_v5_2026-08-17.md:1848,层级工作表节点；不等于购买批次原料已验证；不因本表存在而自动填充 origin_*。 原文标记：HOLD / HIGH。
OMR-049CCB3237,阿卡洛垛,,待人工判定,国庆乡/国庆古茶山 / 田房古茶山/田房村,国庆乡/国庆古茶山 / 田房古茶山/田房村/阿卡洛垛,普洱｜江城,1849,需人工确认,HOLD,false,yes,no,no,raw_status_hint,00_Inbox/生普产区微产区层级_origin_microregion_全量版_v5_2026-08-17.md:1849,层级工作表节点；不等于购买批次原料已验证；不因本表存在而自动填充 origin_*。 原文标记：HOLD / HIGH。
OMR-73BA6A17F2,嘎勒村,,natural_village,国庆乡/国庆古茶山 / 田房古茶山,国庆乡/国庆古茶山 / 田房古茶山/嘎勒村,普洱｜江城,1850,需人工确认,HIERARCHY_ONLY,unassessed,no,no,no,,00_Inbox/生普产区微产区层级_origin_microregion_全量版_v5_2026-08-17.md:1850,层级工作表节点；不等于购买批次原料已验证；不因本表存在而自动填充 origin_*。
OMR-561865D45A,麻栗树,,待人工判定,国庆乡/国庆古茶山 / 田房古茶山/嘎勒村,国庆乡/国庆古茶山 / 田房古茶山/嘎勒村/麻栗树,普洱｜江城,1851,需人工确认,HOLD,false,yes,no,no,raw_status_hint,00_Inbox/生普产区微产区层级_origin_microregion_全量版_v5_2026-08-17.md:1851,层级工作表节点；不等于购买批次原料已验证；不因本表存在而自动填充 origin_*。 原文标记：HOLD / HIGH。
OMR-B2340D22D4,洛捷村,,natural_village,国庆乡/国庆古茶山 / 田房古茶山,国庆乡/国庆古茶山 / 田房古茶山/洛捷村,普洱｜江城,1852,需人工确认,HIERARCHY_ONLY,unassessed,no,no,no,,00_Inbox/生普产区微产区层级_origin_microregion_全量版_v5_2026-08-17.md:1852,层级工作表节点；不等于购买批次原料已验证；不因本表存在而自动填充 origin_*。
OMR-B26BF83C58,普家村,,natural_village,国庆乡/国庆古茶山 / 田房古茶山/洛捷村,国庆乡/国庆古茶山 / 田房古茶山/洛捷村/普家村,普洱｜江城,1853,需人工确认,HOLD,false,yes,no,no,raw_status_hint,00_Inbox/生普产区微产区层级_origin_microregion_全量版_v5_2026-08-17.md:1853,层级工作表节点；不等于购买批次原料已验证；不因本表存在而自动填充 origin_*。 原文标记：HOLD / HIGH。
OMR-689AFBEA8E,山神庙等,,mountain,国庆乡/国庆古茶山 / 田房古茶山,国庆乡/国庆古茶山 / 田房古茶山/山神庙等,普洱｜江城,1854,需人工确认,HOLD,false,no,no,no,raw_status_hint,00_Inbox/生普产区微产区层级_origin_microregion_全量版_v5_2026-08-17.md:1854,层级工作表节点；不等于购买批次原料已验证；不因本表存在而自动填充 origin_*。 原文标记：HOLD。
OMR-B77647CBB6,高山村,,natural_village,曲水镇,曲水镇/高山村,普洱｜江城,1861,需人工确认,HIERARCHY_ONLY,unassessed,yes,no,no,,00_Inbox/生普产区微产区层级_origin_microregion_全量版_v5_2026-08-17.md:1861,层级工作表节点；不等于购买批次原料已验证；不因本表存在而自动填充 origin_*。
OMR-E39C370F76,曲水高山古茶山,,tea_area,曲水镇/高山村,曲水镇/高山村/曲水高山古茶山,普洱｜江城,1862,需人工确认,HOLD,false,yes,no,no,raw_status_hint,00_Inbox/生普产区微产区层级_origin_microregion_全量版_v5_2026-08-17.md:1862,层级工作表节点；不等于购买批次原料已验证；不因本表存在而自动填充 origin_*。 原文标记：HOLD。
OMR-03E2F17A82,拉珠村,,natural_village,曲水镇,曲水镇/拉珠村,普洱｜江城,1863,需人工确认,HIERARCHY_ONLY,unassessed,yes,no,no,,00_Inbox/生普产区微产区层级_origin_microregion_全量版_v5_2026-08-17.md:1863,层级工作表节点；不等于购买批次原料已验证；不因本表存在而自动填充 origin_*。
OMR-1F594ED792,拉马冲,,待人工判定,曲水镇/拉珠村,曲水镇/拉珠村/拉马冲,普洱｜江城,1864,需人工确认,HIERARCHY_ONLY,unassessed,yes,no,no,,00_Inbox/生普产区微产区层级_origin_microregion_全量版_v5_2026-08-17.md:1864,层级工作表节点；不等于购买批次原料已验证；不因本表存在而自动填充 origin_*。
OMR-43204599E6,芭蕉林箐,,待人工判定,曲水镇/拉珠村/拉马冲,曲水镇/拉珠村/拉马冲/芭蕉林箐,普洱｜江城,1865,需人工确认,HIERARCHY_ONLY,unassessed,no,no,no,,00_Inbox/生普产区微产区层级_origin_microregion_全量版_v5_2026-08-17.md:1865,层级工作表节点；不等于购买批次原料已验证；不因本表存在而自动填充 origin_*。
OMR-2F892FF3C3,大尖山等,,mountain,曲水镇/拉珠村/拉马冲,曲水镇/拉珠村/拉马冲/大尖山等,普洱｜江城,1866,需人工确认,HIERARCHY_ONLY,unassessed,yes,no,no,raw_status_hint,00_Inbox/生普产区微产区层级_origin_microregion_全量版_v5_2026-08-17.md:1866,层级工作表节点；不等于购买批次原料已验证；不因本表存在而自动填充 origin_*。 原文标记：WILD_TEA / EXCLUDED。
OMR-B757E6BAD2,曼老街村,,natural_village,康平镇,康平镇/曼老街村,普洱｜江城,1892,需人工确认,HIERARCHY_ONLY,unassessed,no,no,no,,00_Inbox/生普产区微产区层级_origin_microregion_全量版_v5_2026-08-17.md:1892,层级工作表节点；不等于购买批次原料已验证；不因本表存在而自动填充 origin_*。
OMR-2EF2EB0589,曼老街古茶山,,tea_area,康平镇/曼老街村,康平镇/曼老街村/曼老街古茶山,普洱｜江城,1893,需人工确认,HOLD,false,yes,no,no,raw_status_hint,00_Inbox/生普产区微产区层级_origin_microregion_全量版_v5_2026-08-17.md:1893,层级工作表节点；不等于购买批次原料已验证；不因本表存在而自动填充 origin_*。 原文标记：HOLD。
OMR-54FED0A576,黄草坝知青茶园,,microplot,康平镇/曼老街村,康平镇/曼老街村/黄草坝知青茶园,普洱｜江城,1894,需人工确认,HIERARCHY_ONLY,unassessed,yes,no,no,raw_status_hint,00_Inbox/生普产区微产区层级_origin_microregion_全量版_v5_2026-08-17.md:1894,层级工作表节点；不等于购买批次原料已验证；不因本表存在而自动填充 origin_*。 原文标记：MODERN。
OMR-BF3D15EA4F,江城农场有机茶园,,microplot,康平镇/曼老街村,康平镇/曼老街村/江城农场有机茶园,普洱｜江城,1895,需人工确认,HIERARCHY_ONLY,unassessed,yes,no,no,raw_status_hint,00_Inbox/生普产区微产区层级_origin_microregion_全量版_v5_2026-08-17.md:1895,层级工作表节点；不等于购买批次原料已验证；不因本表存在而自动填充 origin_*。 原文标记：MODERN。
OMR-0DF5AACC44,曼滩村,,natural_village,整董镇,整董镇/曼滩村,普洱｜江城,1902,需人工确认,HIERARCHY_ONLY,unassessed,yes,no,no,,00_Inbox/生普产区微产区层级_origin_microregion_全量版_v5_2026-08-17.md:1902,层级工作表节点；不等于购买批次原料已验证；不因本表存在而自动填充 origin_*。
OMR-9A2086B301,上牛圈村民小组,,village_group,整董镇/曼滩村,整董镇/曼滩村/上牛圈村民小组,普洱｜江城,1903,需人工确认,HOLD,false,yes,no,no,raw_status_hint,00_Inbox/生普产区微产区层级_origin_microregion_全量版_v5_2026-08-17.md:1903,层级工作表节点；不等于购买批次原料已验证；不因本表存在而自动填充 origin_*。 原文标记：HOLD / VERY HIGH。
OMR-ED5867DD51,苦竹山,,mountain,景谷镇,景谷镇/苦竹山,普洱｜景谷,1934,可自动填充,HOLD,false,yes,no,yes,raw_status_hint,00_Inbox/生普产区微产区层级_origin_microregion_全量版_v5_2026-08-17.md:1934,层级工作表节点；不等于购买批次原料已验证；不因本表存在而自动填充 origin_*。 原文标记：HOLD / HIGH。
OMR-A59B5E1262,九台坡,,待人工判定,景谷镇,景谷镇/九台坡,普洱｜景谷,1935,需人工确认,HOLD,false,yes,yes,no,raw_status_hint,00_Inbox/生普产区微产区层级_origin_microregion_全量版_v5_2026-08-17.md:1935,层级工作表节点；不等于购买批次原料已验证；不因本表存在而自动填充 origin_*。 原文标记：HOLD / HIGH。
OMR-0F5F34D133,早荞地,,待人工判定,景谷镇,景谷镇/早荞地,普洱｜景谷,1936,需人工确认,HOLD,false,yes,no,no,raw_status_hint,00_Inbox/生普产区微产区层级_origin_microregion_全量版_v5_2026-08-17.md:1936,层级工作表节点；不等于购买批次原料已验证；不因本表存在而自动填充 origin_*。 原文标记：HOLD / VERY HIGH。
OMR-5B91BFBAA7,看马箐,,待人工判定,景谷镇,景谷镇/看马箐,普洱｜景谷,1937,需人工确认,HOLD,false,yes,no,no,raw_status_hint,00_Inbox/生普产区微产区层级_origin_microregion_全量版_v5_2026-08-17.md:1937,层级工作表节点；不等于购买批次原料已验证；不因本表存在而自动填充 origin_*。 原文标记：HOLD。
OMR-CF2DF6C551,塘防山,,mountain,景谷镇,景谷镇/塘防山,普洱｜景谷,1938,需人工确认,HOLD,false,yes,no,no,raw_status_hint,00_Inbox/生普产区微产区层级_origin_microregion_全量版_v5_2026-08-17.md:1938,层级工作表节点；不等于购买批次原料已验证；不因本表存在而自动填充 origin_*。 原文标记：HOLD。
OMR-4331AB9172,黑树林,,待人工判定,景谷镇,景谷镇/黑树林,普洱｜景谷,1939,需人工确认,HOLD,false,yes,no,no,raw_status_hint,00_Inbox/生普产区微产区层级_origin_microregion_全量版_v5_2026-08-17.md:1939,层级工作表节点；不等于购买批次原料已验证；不因本表存在而自动填充 origin_*。 原文标记：HOLD。
OMR-A0F2F49AB6,文山顶 / 大石寺体系,,mountain,景谷镇,景谷镇/文山顶 / 大石寺体系,普洱｜景谷,1940,需人工确认,HOLD,false,no,no,no,compound_or_alias_name|raw_status_hint,00_Inbox/生普产区微产区层级_origin_microregion_全量版_v5_2026-08-17.md:1940,层级工作表节点；不等于购买批次原料已验证；不因本表存在而自动填充 origin_*。 原文标记：HOLD。
OMR-1A3E63D53F,大村村,,natural_village,民乐镇,民乐镇/大村村,普洱｜景谷,1947,需人工确认,HIERARCHY_ONLY,unassessed,yes,no,no,,00_Inbox/生普产区微产区层级_origin_microregion_全量版_v5_2026-08-17.md:1947,层级工作表节点；不等于购买批次原料已验证；不因本表存在而自动填充 origin_*。
OMR-175C4BC833,秧塔村民小组,,village_group,民乐镇/大村村,民乐镇/大村村/秧塔村民小组,普洱｜景谷,1948,需人工确认,HIERARCHY_ONLY,unassessed,yes,no,no,,00_Inbox/生普产区微产区层级_origin_microregion_全量版_v5_2026-08-17.md:1948,层级工作表节点；不等于购买批次原料已验证；不因本表存在而自动填充 origin_*。
OMR-95260EF9FF,秧塔大白茶古树,,待人工判定,民乐镇/大村村/秧塔村民小组,民乐镇/大村村/秧塔村民小组/秧塔大白茶古树,普洱｜景谷,1949,需人工确认,HIERARCHY_ONLY,unassessed,yes,yes,no,,00_Inbox/生普产区微产区层级_origin_microregion_全量版_v5_2026-08-17.md:1949,层级工作表节点；不等于购买批次原料已验证；不因本表存在而自动填充 origin_*。
OMR-DF50BAFDFE,晒青样,,待人工判定,民乐镇/大村村/秧塔村民小组/秧塔大白茶古树,民乐镇/大村村/秧塔村民小组/秧塔大白茶古树/晒青样,普洱｜景谷,1950,需人工确认,PROVISIONAL,true,yes,yes,no,raw_status_hint,00_Inbox/生普产区微产区层级_origin_microregion_全量版_v5_2026-08-17.md:1950,层级工作表节点；不等于购买批次原料已验证；不因本表存在而自动填充 origin_*。 原文标记：PROVISIONAL C+。
OMR-EB1F57FFBA,黄草坝村,,natural_village,正兴镇,正兴镇/黄草坝村,普洱｜景谷,1959,需人工确认,HIERARCHY_ONLY,unassessed,yes,no,no,same_name_multiple_paths,00_Inbox/生普产区微产区层级_origin_microregion_全量版_v5_2026-08-17.md:1959,层级工作表节点；不等于购买批次原料已验证；不因本表存在而自动填充 origin_*。
OMR-1488D2C595,栽培古茶体系,,待人工判定,正兴镇/黄草坝村,正兴镇/黄草坝村/栽培古茶体系,普洱｜景谷,1960,需人工确认,HIERARCHY_ONLY,unassessed,yes,no,no,same_name_multiple_paths,00_Inbox/生普产区微产区层级_origin_microregion_全量版_v5_2026-08-17.md:1960,层级工作表节点；不等于购买批次原料已验证；不因本表存在而自动填充 origin_*。
OMR-58B5905F23,大尖山,,mountain,正兴镇/黄草坝村/栽培古茶体系,正兴镇/黄草坝村/栽培古茶体系/大尖山,普洱｜景谷,1961,需人工确认,PROVISIONAL,true,yes,yes,no,raw_status_hint,00_Inbox/生普产区微产区层级_origin_microregion_全量版_v5_2026-08-17.md:1961,层级工作表节点；不等于购买批次原料已验证；不因本表存在而自动填充 origin_*。 原文标记：PROVISIONAL C。
OMR-24BBDF97DF,野生茶树群落,,待人工判定,正兴镇/黄草坝村,正兴镇/黄草坝村/野生茶树群落,普洱｜景谷,1962,需人工确认,HIERARCHY_ONLY,unassessed,yes,yes,no,raw_status_hint,00_Inbox/生普产区微产区层级_origin_microregion_全量版_v5_2026-08-17.md:1962,层级工作表节点；不等于购买批次原料已验证；不因本表存在而自动填充 origin_*。 原文标记：EXCLUDED。
OMR-CE43B84258,联合龙塘古茶山,,tea_area,威远镇,威远镇/联合龙塘古茶山,普洱｜景谷,1969,需人工确认,HIERARCHY_ONLY,unassessed,yes,no,no,raw_status_hint,00_Inbox/生普产区微产区层级_origin_microregion_全量版_v5_2026-08-17.md:1969,层级工作表节点；不等于购买批次原料已验证；不因本表存在而自动填充 origin_*。 原文标记：historical parent。
OMR-E2C35079A7,酸枣树茶区,,county,威远镇/联合龙塘古茶山,威远镇/联合龙塘古茶山/酸枣树茶区,普洱｜景谷,1970,需人工确认,HIERARCHY_ONLY,unassessed,yes,no,no,raw_status_hint,00_Inbox/生普产区微产区层级_origin_microregion_全量版_v5_2026-08-17.md:1970,层级工作表节点；不等于购买批次原料已验证；不因本表存在而自动填充 origin_*。 原文标记：modern parent。
OMR-789F2CC00B,联合子区,,county,威远镇/联合龙塘古茶山/酸枣树茶区,威远镇/联合龙塘古茶山/酸枣树茶区/联合子区,普洱｜景谷,1971,需人工确认,HIERARCHY_ONLY,unassessed,yes,no,no,,00_Inbox/生普产区微产区层级_origin_microregion_全量版_v5_2026-08-17.md:1971,层级工作表节点；不等于购买批次原料已验证；不因本表存在而自动填充 origin_*。
OMR-459A79490C,龙塘子区,,county,威远镇/联合龙塘古茶山/酸枣树茶区,威远镇/联合龙塘古茶山/酸枣树茶区/龙塘子区,普洱｜景谷,1972,需人工确认,HIERARCHY_ONLY,unassessed,yes,no,no,,00_Inbox/生普产区微产区层级_origin_microregion_全量版_v5_2026-08-17.md:1972,层级工作表节点；不等于购买批次原料已验证；不因本表存在而自动填充 origin_*。
OMR-FF4E1B7A44,枣香坡,,待人工判定,威远镇/联合龙塘古茶山/酸枣树茶区,威远镇/联合龙塘古茶山/酸枣树茶区/枣香坡,普洱｜景谷,1973,需人工确认,HOLD,false,yes,no,no,raw_status_hint,00_Inbox/生普产区微产区层级_origin_microregion_全量版_v5_2026-08-17.md:1973,层级工作表节点；不等于购买批次原料已验证；不因本表存在而自动填充 origin_*。 原文标记：HOLD / HIGH。
OMR-2026F256A1,上寨村,,natural_village,碧安乡,碧安乡/上寨村,普洱｜景谷,1980,需人工确认,HIERARCHY_ONLY,unassessed,yes,no,no,,00_Inbox/生普产区微产区层级_origin_microregion_全量版_v5_2026-08-17.md:1980,层级工作表节点；不等于购买批次原料已验证；不因本表存在而自动填充 origin_*。
OMR-0327B6DC11,勐主大山古茶园,,microplot,碧安乡/上寨村,碧安乡/上寨村/勐主大山古茶园,普洱｜景谷,1981,需人工确认,HOLD,false,yes,no,no,raw_status_hint,00_Inbox/生普产区微产区层级_origin_microregion_全量版_v5_2026-08-17.md:1981,层级工作表节点；不等于购买批次原料已验证；不因本表存在而自动填充 origin_*。 原文标记：HOLD。
OMR-112B1F45CA,文折村,,natural_village,凤山镇,凤山镇/文折村,普洱｜景谷,1990,需人工确认,HIERARCHY_ONLY,unassessed,yes,no,no,,00_Inbox/生普产区微产区层级_origin_microregion_全量版_v5_2026-08-17.md:1990,层级工作表节点；不等于购买批次原料已验证；不因本表存在而自动填充 origin_*。
OMR-87D6EB66AE,钉耙山古茶园,,microplot,凤山镇/文折村,凤山镇/文折村/钉耙山古茶园,普洱｜景谷,1991,需人工确认,HIERARCHY_ONLY,unassessed,yes,no,no,raw_status_hint,00_Inbox/生普产区微产区层级_origin_microregion_全量版_v5_2026-08-17.md:1991,层级工作表节点；不等于购买批次原料已验证；不因本表存在而自动填充 origin_*。 原文标记：material-variable parent。
OMR-0E0D22C24E,小叶猫耳朵,,待人工判定,凤山镇/文折村/钉耙山古茶园,凤山镇/文折村/钉耙山古茶园/小叶猫耳朵,普洱｜景谷,1992,需人工确认,PROVISIONAL,true,yes,yes,no,raw_status_hint,00_Inbox/生普产区微产区层级_origin_microregion_全量版_v5_2026-08-17.md:1992,层级工作表节点；不等于购买批次原料已验证；不因本表存在而自动填充 origin_*。 原文标记：PROVISIONAL C+。
OMR-A453B13B14,富东体系,,待人工判定,广义邦崴茶区 / 茶圈           [regional tea geography],广义邦崴茶区 / 茶圈           [regional tea geography]/富东体系,普洱｜澜沧,2007,需人工确认,HIERARCHY_ONLY,unassessed,no,no,no,,00_Inbox/生普产区微产区层级_origin_microregion_全量版_v5_2026-08-17.md:2007,层级工作表节点；不等于购买批次原料已验证；不因本表存在而自动填充 origin_*。
OMR-BBF49813CE,富东邦崴古茶山,,tea_area,广义邦崴茶区 / 茶圈           [regional tea geography]/富东体系,广义邦崴茶区 / 茶圈           [regional tea geography]/富东体系/富东邦崴古茶山,普洱｜澜沧,2008,需人工确认,HIERARCHY_ONLY,unassessed,yes,yes,no,raw_status_hint,00_Inbox/生普产区微产区层级_origin_microregion_全量版_v5_2026-08-17.md:2008,层级工作表节点；不等于购买批次原料已验证；不因本表存在而自动填充 origin_*。 原文标记：historical parent。
OMR-249A9E1016,邦崴村,,natural_village,广义邦崴茶区 / 茶圈           [regional tea geography]/富东体系/富东邦崴古茶山,广义邦崴茶区 / 茶圈           [regional tea geography]/富东体系/富东邦崴古茶山/邦崴村,普洱｜澜沧,2009,需人工确认,HOLD,false,yes,yes,no,same_name_multiple_paths|raw_status_hint,00_Inbox/生普产区微产区层级_origin_microregion_全量版_v5_2026-08-17.md:2009,层级工作表节点；不等于购买批次原料已验证；不因本表存在而自动填充 origin_*。 原文标记：HOLD / core。
OMR-309BB65BF9,小坝村,,natural_village,广义邦崴茶区 / 茶圈           [regional tea geography]/富东体系/富东邦崴古茶山,广义邦崴茶区 / 茶圈           [regional tea geography]/富东体系/富东邦崴古茶山/小坝村,普洱｜澜沧,2010,需人工确认,HIERARCHY_ONLY,unassessed,yes,no,no,,00_Inbox/生普产区微产区层级_origin_microregion_全量版_v5_2026-08-17.md:2010,层级工作表节点；不等于购买批次原料已验证；不因本表存在而自动填充 origin_*。
OMR-B9AA8A7206,大平掌组,,village_group,广义邦崴茶区 / 茶圈           [regional tea geography]/富东体系/富东邦崴古茶山/小坝村,广义邦崴茶区 / 茶圈           [regional tea geography]/富东体系/富东邦崴古茶山/小坝村/大平掌组,普洱｜澜沧,2011,需人工确认,HOLD,false,yes,no,no,raw_status_hint,00_Inbox/生普产区微产区层级_origin_microregion_全量版_v5_2026-08-17.md:2011,层级工作表节点；不等于购买批次原料已验证；不因本表存在而自动填充 origin_*。 原文标记：HOLD / VERY HIGH。
OMR-356A6039A6,那东村,,natural_village,广义邦崴茶区 / 茶圈           [regional tea geography]/富东体系/富东邦崴古茶山,广义邦崴茶区 / 茶圈           [regional tea geography]/富东体系/富东邦崴古茶山/那东村,普洱｜澜沧,2012,需人工确认,HIERARCHY_ONLY,unassessed,yes,no,no,,00_Inbox/生普产区微产区层级_origin_microregion_全量版_v5_2026-08-17.md:2012,层级工作表节点；不等于购买批次原料已验证；不因本表存在而自动填充 origin_*。
OMR-D7F156341F,上那东,,待人工判定,广义邦崴茶区 / 茶圈           [regional tea geography]/富东体系/富东邦崴古茶山/那东村,广义邦崴茶区 / 茶圈           [regional tea geography]/富东体系/富东邦崴古茶山/那东村/上那东,普洱｜澜沧,2013,需人工确认,HOLD,false,yes,no,no,raw_status_hint,00_Inbox/生普产区微产区层级_origin_microregion_全量版_v5_2026-08-17.md:2013,层级工作表节点；不等于购买批次原料已验证；不因本表存在而自动填充 origin_*。 原文标记：HOLD。
OMR-74B4302FC4,下那东,,待人工判定,广义邦崴茶区 / 茶圈           [regional tea geography]/富东体系/富东邦崴古茶山/那东村,广义邦崴茶区 / 茶圈           [regional tea geography]/富东体系/富东邦崴古茶山/那东村/下那东,普洱｜澜沧,2014,需人工确认,HOLD,false,yes,no,no,raw_status_hint,00_Inbox/生普产区微产区层级_origin_microregion_全量版_v5_2026-08-17.md:2014,层级工作表节点；不等于购买批次原料已验证；不因本表存在而自动填充 origin_*。 原文标记：HOLD。
OMR-BE25D947EB,南滇,,待人工判定,广义邦崴茶区 / 茶圈           [regional tea geography]/富东体系/富东邦崴古茶山,广义邦崴茶区 / 茶圈           [regional tea geography]/富东体系/富东邦崴古茶山/南滇,普洱｜澜沧,2015,需人工确认,HIERARCHY_ONLY,unassessed,yes,no,no,,00_Inbox/生普产区微产区层级_origin_microregion_全量版_v5_2026-08-17.md:2015,层级工作表节点；不等于购买批次原料已验证；不因本表存在而自动填充 origin_*。
OMR-D47ADFE055,黄藤,,待人工判定,广义邦崴茶区 / 茶圈           [regional tea geography]/富东体系/富东邦崴古茶山,广义邦崴茶区 / 茶圈           [regional tea geography]/富东体系/富东邦崴古茶山/黄藤,普洱｜澜沧,2016,需人工确认,HIERARCHY_ONLY,unassessed,yes,no,no,,00_Inbox/生普产区微产区层级_origin_microregion_全量版_v5_2026-08-17.md:2016,层级工作表节点；不等于购买批次原料已验证；不因本表存在而自动填充 origin_*。
OMR-C4228CB44D,桃子树,,待人工判定,广义邦崴茶区 / 茶圈           [regional tea geography]/富东体系/富东邦崴古茶山,广义邦崴茶区 / 茶圈           [regional tea geography]/富东体系/富东邦崴古茶山/桃子树,普洱｜澜沧,2017,需人工确认,HIERARCHY_ONLY,unassessed,yes,no,no,,00_Inbox/生普产区微产区层级_origin_microregion_全量版_v5_2026-08-17.md:2017,层级工作表节点；不等于购买批次原料已验证；不因本表存在而自动填充 origin_*。
OMR-B3C3F7A616,富东,,待人工判定,广义邦崴茶区 / 茶圈           [regional tea geography]/富东体系/富东邦崴古茶山,广义邦崴茶区 / 茶圈           [regional tea geography]/富东体系/富东邦崴古茶山/富东,普洱｜澜沧,2018,需人工确认,HIERARCHY_ONLY,unassessed,yes,yes,no,,00_Inbox/生普产区微产区层级_origin_microregion_全量版_v5_2026-08-17.md:2018,层级工作表节点；不等于购买批次原料已验证；不因本表存在而自动填充 origin_*。
OMR-B5A045FE08,打黑,,待人工判定,广义邦崴茶区 / 茶圈           [regional tea geography]/富东体系/富东邦崴古茶山,广义邦崴茶区 / 茶圈           [regional tea geography]/富东体系/富东邦崴古茶山/打黑,普洱｜澜沧,2019,需人工确认,HIERARCHY_ONLY,unassessed,yes,no,no,,00_Inbox/生普产区微产区层级_origin_microregion_全量版_v5_2026-08-17.md:2019,层级工作表节点；不等于购买批次原料已验证；不因本表存在而自动填充 origin_*。
OMR-8DB62E108B,文东体系,,待人工判定,广义邦崴茶区 / 茶圈           [regional tea geography],广义邦崴茶区 / 茶圈           [regional tea geography]/文东体系,普洱｜澜沧,2020,需人工确认,HIERARCHY_ONLY,unassessed,no,no,no,,00_Inbox/生普产区微产区层级_origin_microregion_全量版_v5_2026-08-17.md:2020,层级工作表节点；不等于购买批次原料已验证；不因本表存在而自动填充 origin_*。
OMR-5872C2C341,帕赛村,,natural_village,广义邦崴茶区 / 茶圈           [regional tea geography]/文东体系,广义邦崴茶区 / 茶圈           [regional tea geography]/文东体系/帕赛村,普洱｜澜沧,2021,需人工确认,HOLD,false,no,no,no,raw_status_hint,00_Inbox/生普产区微产区层级_origin_microregion_全量版_v5_2026-08-17.md:2021,层级工作表节点；不等于购买批次原料已验证；不因本表存在而自动填充 origin_*。 原文标记：HOLD / VERY HIGH。
OMR-2DA0606536,芒东村,,natural_village,拉巴乡,拉巴乡/芒东村,普洱｜澜沧,2053,需人工确认,HIERARCHY_ONLY,unassessed,no,no,no,,00_Inbox/生普产区微产区层级_origin_microregion_全量版_v5_2026-08-17.md:2053,层级工作表节点；不等于购买批次原料已验证；不因本表存在而自动填充 origin_*。
OMR-0218DA204F,百年古茶树体系,,待人工判定,拉巴乡/芒东村,拉巴乡/芒东村/百年古茶树体系,普洱｜澜沧,2054,需人工确认,HOLD,false,yes,no,no,raw_status_hint,00_Inbox/生普产区微产区层级_origin_microregion_全量版_v5_2026-08-17.md:2054,层级工作表节点；不等于购买批次原料已验证；不因本表存在而自动填充 origin_*。 原文标记：HOLD / VERY HIGH。
OMR-127C696A06,糯波村,,natural_village,安康佤族乡,安康佤族乡/糯波村,普洱｜澜沧,2059,需人工确认,HIERARCHY_ONLY,unassessed,no,no,no,,00_Inbox/生普产区微产区层级_origin_microregion_全量版_v5_2026-08-17.md:2059,层级工作表节点；不等于购买批次原料已验证；不因本表存在而自动填充 origin_*。
OMR-AADE05D945,糯波古茶体系,,待人工判定,安康佤族乡/糯波村,安康佤族乡/糯波村/糯波古茶体系,普洱｜澜沧,2060,需人工确认,HOLD,false,no,no,no,raw_status_hint,00_Inbox/生普产区微产区层级_origin_microregion_全量版_v5_2026-08-17.md:2060,层级工作表节点；不等于购买批次原料已验证；不因本表存在而自动填充 origin_*。 原文标记：HOLD / VERY HIGH。
OMR-8916314F33,代夫古茶园?,,microplot,木戛乡,木戛乡/代夫古茶园?,普洱｜澜沧,2067,需人工确认,HOLD,false,no,no,no,name_unresolved|raw_status_hint,00_Inbox/生普产区微产区层级_origin_microregion_全量版_v5_2026-08-17.md:2067,层级工作表节点；不等于购买批次原料已验证；不因本表存在而自动填充 origin_*。 原文标记：HOLD / village unresolved。
OMR-BDA59AE420,南六村,,natural_village,木戛乡,木戛乡/南六村,普洱｜澜沧,2068,需人工确认,HIERARCHY_ONLY,unassessed,no,no,no,raw_status_hint,00_Inbox/生普产区微产区层级_origin_microregion_全量版_v5_2026-08-17.md:2068,层级工作表节点；不等于购买批次原料已验证；不因本表存在而自动填充 origin_*。 原文标记：RESOURCE。
OMR-1DF690EDDE,哈卜吗村,,natural_village,木戛乡,木戛乡/哈卜吗村,普洱｜澜沧,2069,需人工确认,HIERARCHY_ONLY,unassessed,no,no,no,raw_status_hint,00_Inbox/生普产区微产区层级_origin_microregion_全量版_v5_2026-08-17.md:2069,层级工作表节点；不等于购买批次原料已验证；不因本表存在而自动填充 origin_*。 原文标记：RESOURCE。
OMR-C8F679DEDE,战马坡村,,natural_village,竹塘乡,竹塘乡/战马坡村,普洱｜澜沧,2074,需人工确认,HIERARCHY_ONLY,unassessed,no,no,no,raw_status_hint,00_Inbox/生普产区微产区层级_origin_microregion_全量版_v5_2026-08-17.md:2074,层级工作表节点；不等于购买批次原料已验证；不因本表存在而自动填充 origin_*。 原文标记：DISCOVERY / ancient-status recheck。
OMR-48C8020C13,看马山村,,natural_village,勐朗镇,勐朗镇/看马山村,普洱｜澜沧,2079,需人工确认,HIERARCHY_ONLY,unassessed,no,no,no,raw_status_hint,00_Inbox/生普产区微产区层级_origin_microregion_全量版_v5_2026-08-17.md:2079,层级工作表节点；不等于购买批次原料已验证；不因本表存在而自动填充 origin_*。 原文标记：RESOURCE。
OMR-F30A6FB412,大平掌村,,natural_village,勐朗镇,勐朗镇/大平掌村,普洱｜澜沧,2080,需人工确认,HIERARCHY_ONLY,unassessed,yes,no,no,same_name_multiple_paths|raw_status_hint,00_Inbox/生普产区微产区层级_origin_microregion_全量版_v5_2026-08-17.md:2080,层级工作表节点；不等于购买批次原料已验证；不因本表存在而自动填充 origin_*。 原文标记：RESOURCE / disambiguate。
OMR-4A36F96693,茨竹林村,,natural_village,思茅港镇,思茅港镇/茨竹林村,普洱｜思茅区,2089,需人工确认,HIERARCHY_ONLY,unassessed,yes,no,no,,00_Inbox/生普产区微产区层级_origin_microregion_全量版_v5_2026-08-17.md:2089,层级工作表节点；不等于购买批次原料已验证；不因本表存在而自动填充 origin_*。
OMR-3167DD96F4,老安寨村民小组,,village_group,思茅港镇/茨竹林村,思茅港镇/茨竹林村/老安寨村民小组,普洱｜思茅区,2090,需人工确认,HIERARCHY_ONLY,unassessed,yes,no,no,,00_Inbox/生普产区微产区层级_origin_microregion_全量版_v5_2026-08-17.md:2090,层级工作表节点；不等于购买批次原料已验证；不因本表存在而自动填充 origin_*。
OMR-772DB69576,老安寨古茶园,,microplot,思茅港镇/茨竹林村/老安寨村民小组,思茅港镇/茨竹林村/老安寨村民小组/老安寨古茶园,普洱｜思茅区,2091,需人工确认,HIERARCHY_ONLY,unassessed,yes,no,no,raw_status_hint,00_Inbox/生普产区微产区层级_origin_microregion_全量版_v5_2026-08-17.md:2091,层级工作表节点；不等于购买批次原料已验证；不因本表存在而自动填充 origin_*。 原文标记：INTERVAL C+。
OMR-47B802C1F2,百花坪 / 白花坪,,待人工判定,思茅港镇/茨竹林村/老安寨村民小组/老安寨古茶园,思茅港镇/茨竹林村/老安寨村民小组/老安寨古茶园/百花坪 / 白花坪,普洱｜思茅区,2092,需人工确认,HIERARCHY_ONLY,unassessed,yes,no,no,compound_or_alias_name,00_Inbox/生普产区微产区层级_origin_microregion_全量版_v5_2026-08-17.md:2092,层级工作表节点；不等于购买批次原料已验证；不因本表存在而自动填充 origin_*。
OMR-4CBDFF5156,刺桐林,,待人工判定,思茅港镇/茨竹林村/老安寨村民小组/老安寨古茶园,思茅港镇/茨竹林村/老安寨村民小组/老安寨古茶园/刺桐林,普洱｜思茅区,2093,需人工确认,HIERARCHY_ONLY,unassessed,yes,no,no,,00_Inbox/生普产区微产区层级_origin_microregion_全量版_v5_2026-08-17.md:2093,层级工作表节点；不等于购买批次原料已验证；不因本表存在而自动填充 origin_*。
OMR-F36D8C5DE9,柏枝坡,,待人工判定,思茅港镇/茨竹林村/老安寨村民小组/老安寨古茶园,思茅港镇/茨竹林村/老安寨村民小组/老安寨古茶园/柏枝坡,普洱｜思茅区,2094,需人工确认,HIERARCHY_ONLY,unassessed,yes,no,no,,00_Inbox/生普产区微产区层级_origin_microregion_全量版_v5_2026-08-17.md:2094,层级工作表节点；不等于购买批次原料已验证；不因本表存在而自动填充 origin_*。
OMR-ECF226E15B,沙椤箐 / 桫椤箐,,待人工判定,思茅港镇/茨竹林村/老安寨村民小组/老安寨古茶园,思茅港镇/茨竹林村/老安寨村民小组/老安寨古茶园/沙椤箐 / 桫椤箐,普洱｜思茅区,2095,需人工确认,HIERARCHY_ONLY,unassessed,yes,no,no,compound_or_alias_name,00_Inbox/生普产区微产区层级_origin_microregion_全量版_v5_2026-08-17.md:2095,层级工作表节点；不等于购买批次原料已验证；不因本表存在而自动填充 origin_*。
OMR-8D917E6E37,樱花台,,待人工判定,思茅港镇/茨竹林村/老安寨村民小组/老安寨古茶园,思茅港镇/茨竹林村/老安寨村民小组/老安寨古茶园/樱花台,普洱｜思茅区,2096,需人工确认,HIERARCHY_ONLY,unassessed,yes,no,no,,00_Inbox/生普产区微产区层级_origin_microregion_全量版_v5_2026-08-17.md:2096,层级工作表节点；不等于购买批次原料已验证；不因本表存在而自动填充 origin_*。
OMR-C19DDA5BAD,榕树岗,,待人工判定,思茅港镇/茨竹林村/老安寨村民小组/老安寨古茶园,思茅港镇/茨竹林村/老安寨村民小组/老安寨古茶园/榕树岗,普洱｜思茅区,2097,需人工确认,HIERARCHY_ONLY,unassessed,yes,no,no,,00_Inbox/生普产区微产区层级_origin_microregion_全量版_v5_2026-08-17.md:2097,层级工作表节点；不等于购买批次原料已验证；不因本表存在而自动填充 origin_*。
OMR-224537E4D0,樘梨园,,待人工判定,思茅港镇/茨竹林村/老安寨村民小组/老安寨古茶园,思茅港镇/茨竹林村/老安寨村民小组/老安寨古茶园/樘梨园,普洱｜思茅区,2098,需人工确认,HIERARCHY_ONLY,unassessed,yes,no,no,,00_Inbox/生普产区微产区层级_origin_microregion_全量版_v5_2026-08-17.md:2098,层级工作表节点；不等于购买批次原料已验证；不因本表存在而自动填充 origin_*。
OMR-399353A30F,腊福村,,natural_village,勐马镇,勐马镇/腊福村,普洱｜孟连,2121,需人工确认,HIERARCHY_ONLY,unassessed,yes,no,no,,00_Inbox/生普产区微产区层级_origin_microregion_全量版_v5_2026-08-17.md:2121,层级工作表节点；不等于购买批次原料已验证；不因本表存在而自动填充 origin_*。
OMR-BE4D0F3986,栽培古茶体系,,待人工判定,勐马镇/腊福村,勐马镇/腊福村/栽培古茶体系,普洱｜孟连,2122,需人工确认,HOLD,false,yes,no,no,same_name_multiple_paths|raw_status_hint,00_Inbox/生普产区微产区层级_origin_microregion_全量版_v5_2026-08-17.md:2122,层级工作表节点；不等于购买批次原料已验证；不因本表存在而自动填充 origin_*。 原文标记：HOLD / VERY HIGH。
OMR-4E8D019842,大黑山野生茶体系,,mountain,勐马镇/腊福村,勐马镇/腊福村/大黑山野生茶体系,普洱｜孟连,2123,需人工确认,HIERARCHY_ONLY,unassessed,no,no,no,raw_status_hint,00_Inbox/生普产区微产区层级_origin_microregion_全量版_v5_2026-08-17.md:2123,层级工作表节点；不等于购买批次原料已验证；不因本表存在而自动填充 origin_*。 原文标记：EXCLUDED。
OMR-6F667B0846,景吭村,,natural_village,娜允镇,娜允镇/景吭村,普洱｜孟连,2130,需人工确认,HIERARCHY_ONLY,unassessed,yes,no,no,,00_Inbox/生普产区微产区层级_origin_microregion_全量版_v5_2026-08-17.md:2130,层级工作表节点；不等于购买批次原料已验证；不因本表存在而自动填充 origin_*。
OMR-89F518939C,芒中小组,,village_group,娜允镇/景吭村,娜允镇/景吭村/芒中小组,普洱｜孟连,2131,需人工确认,HIERARCHY_ONLY,unassessed,yes,no,no,,00_Inbox/生普产区微产区层级_origin_microregion_全量版_v5_2026-08-17.md:2131,层级工作表节点；不等于购买批次原料已验证；不因本表存在而自动填充 origin_*。
OMR-442714A684,芒中古茶园,,microplot,娜允镇/景吭村/芒中小组,娜允镇/景吭村/芒中小组/芒中古茶园,普洱｜孟连,2132,需人工确认,HOLD,false,yes,no,no,raw_status_hint,00_Inbox/生普产区微产区层级_origin_microregion_全量版_v5_2026-08-17.md:2132,层级工作表节点；不等于购买批次原料已验证；不因本表存在而自动填充 origin_*。 原文标记：HOLD / HIGH。
OMR-F310FFB593,图地村,,natural_village,力所乡,力所乡/图地村,普洱｜西盟,2148,需人工确认,HIERARCHY_ONLY,unassessed,yes,no,no,,00_Inbox/生普产区微产区层级_origin_microregion_全量版_v5_2026-08-17.md:2148,层级工作表节点；不等于购买批次原料已验证；不因本表存在而自动填充 origin_*。
OMR-0081BA8B8A,图地栽培古茶林,,ancient_tea_forest,力所乡/图地村,力所乡/图地村/图地栽培古茶林,普洱｜西盟,2149,需人工确认,HOLD,false,yes,no,no,raw_status_hint,00_Inbox/生普产区微产区层级_origin_microregion_全量版_v5_2026-08-17.md:2149,层级工作表节点；不等于购买批次原料已验证；不因本表存在而自动填充 origin_*。 原文标记：HOLD / VERY HIGH。
OMR-6421F7A1BE,南堆山,,mountain,力所乡/图地村,力所乡/图地村/南堆山,普洱｜西盟,2150,需人工确认,HIERARCHY_ONLY,unassessed,yes,no,no,,00_Inbox/生普产区微产区层级_origin_microregion_全量版_v5_2026-08-17.md:2150,层级工作表节点；不等于购买批次原料已验证；不因本表存在而自动填充 origin_*。
OMR-F7D5869F81,野生古茶树群落,,待人工判定,力所乡/图地村/南堆山,力所乡/图地村/南堆山/野生古茶树群落,普洱｜西盟,2151,需人工确认,HIERARCHY_ONLY,unassessed,no,no,no,raw_status_hint,00_Inbox/生普产区微产区层级_origin_microregion_全量版_v5_2026-08-17.md:2151,层级工作表节点；不等于购买批次原料已验证；不因本表存在而自动填充 origin_*。 原文标记：EXCLUDED。
OMR-1076AE7D82,昌宁县,,county,保山市,保山市/昌宁县,v4 历史下一阶段层级工作｜保山（已完成）,2223,需人工确认,CANDIDATE,false,yes,no,no,same_name_multiple_paths|raw_status_hint,00_Inbox/生普产区微产区层级_origin_microregion_全量版_v5_2026-08-17.md:2223,层级工作表节点；不等于购买批次原料已验证；不因本表存在而自动填充 origin_*。 原文标记：FIRST PRIORITY。
OMR-0D85578C1F,漭水镇,,township,保山市/昌宁县,保山市/昌宁县/漭水镇,v4 历史下一阶段层级工作｜保山（已完成）,2224,需人工确认,HIERARCHY_ONLY,unassessed,yes,no,no,same_name_multiple_paths,00_Inbox/生普产区微产区层级_origin_microregion_全量版_v5_2026-08-17.md:2224,层级工作表节点；不等于购买批次原料已验证；不因本表存在而自动填充 origin_*。
OMR-9D50C40AC6,黄家寨,,natural_village,保山市/昌宁县/漭水镇,保山市/昌宁县/漭水镇/黄家寨,v4 历史下一阶段层级工作｜保山（已完成）,2225,需人工确认,HIERARCHY_ONLY,unassessed,yes,yes,no,,00_Inbox/生普产区微产区层级_origin_microregion_全量版_v5_2026-08-17.md:2225,层级工作表节点；不等于购买批次原料已验证；不因本表存在而自动填充 origin_*。
OMR-75C8DFF1A7,茶山河,,tea_area,保山市/昌宁县/漭水镇,保山市/昌宁县/漭水镇/茶山河,v4 历史下一阶段层级工作｜保山（已完成）,2226,需人工确认,HIERARCHY_ONLY,unassessed,yes,yes,no,,00_Inbox/生普产区微产区层级_origin_microregion_全量版_v5_2026-08-17.md:2226,层级工作表节点；不等于购买批次原料已验证；不因本表存在而自动填充 origin_*。
OMR-3B3111529B,河尾老寨子,,natural_village,保山市/昌宁县/漭水镇,保山市/昌宁县/漭水镇/河尾老寨子,v4 历史下一阶段层级工作｜保山（已完成）,2227,需人工确认,HIERARCHY_ONLY,unassessed,yes,yes,no,,00_Inbox/生普产区微产区层级_origin_microregion_全量版_v5_2026-08-17.md:2227,层级工作表节点；不等于购买批次原料已验证；不因本表存在而自动填充 origin_*。
OMR-E2D6997098,温泉镇,,township,保山市/昌宁县,保山市/昌宁县/温泉镇,v4 历史下一阶段层级工作｜保山（已完成）,2228,需人工确认,HIERARCHY_ONLY,unassessed,yes,no,no,same_name_multiple_paths,00_Inbox/生普产区微产区层级_origin_microregion_全量版_v5_2026-08-17.md:2228,层级工作表节点；不等于购买批次原料已验证；不因本表存在而自动填充 origin_*。
OMR-DE63E5919A,联席 / 芭蕉林,,待人工判定,保山市/昌宁县/温泉镇,保山市/昌宁县/温泉镇/联席 / 芭蕉林,v4 历史下一阶段层级工作｜保山（已完成）,2229,需人工确认,HIERARCHY_ONLY,unassessed,yes,yes,no,compound_or_alias_name,00_Inbox/生普产区微产区层级_origin_microregion_全量版_v5_2026-08-17.md:2229,层级工作表节点；不等于购买批次原料已验证；不因本表存在而自动填充 origin_*。
OMR-A8AAA4410E,田园镇,,township,保山市/昌宁县,保山市/昌宁县/田园镇,v4 历史下一阶段层级工作｜保山（已完成）,2230,需人工确认,HIERARCHY_ONLY,unassessed,yes,no,no,same_name_multiple_paths,00_Inbox/生普产区微产区层级_origin_microregion_全量版_v5_2026-08-17.md:2230,层级工作表节点；不等于购买批次原料已验证；不因本表存在而自动填充 origin_*。
OMR-7492E49D58,石佛山,,mountain,保山市/昌宁县/田园镇,保山市/昌宁县/田园镇/石佛山,v4 历史下一阶段层级工作｜保山（已完成）,2231,需人工确认,HIERARCHY_ONLY,unassessed,yes,yes,no,,00_Inbox/生普产区微产区层级_origin_microregion_全量版_v5_2026-08-17.md:2231,层级工作表节点；不等于购买批次原料已验证；不因本表存在而自动填充 origin_*。
OMR-598B3DD761,腾冲市,,prefecture_city,保山市,保山市/腾冲市,v4 历史下一阶段层级工作｜保山（已完成）,2232,可自动填充,HIERARCHY_ONLY,unassessed,no,no,yes,same_name_multiple_paths|raw_status_hint,00_Inbox/生普产区微产区层级_origin_microregion_全量版_v5_2026-08-17.md:2232,层级工作表节点；不等于购买批次原料已验证；不因本表存在而自动填充 origin_*。 原文标记：SECOND。
OMR-3500AB91EC,隆阳区,,county,保山市,保山市/隆阳区,v4 历史下一阶段层级工作｜保山（已完成）,2233,需人工确认,HIERARCHY_ONLY,unassessed,no,no,no,same_name_multiple_paths|raw_status_hint,00_Inbox/生普产区微产区层级_origin_microregion_全量版_v5_2026-08-17.md:2233,层级工作表节点；不等于购买批次原料已验证；不因本表存在而自动填充 origin_*。 原文标记：QUICK。
OMR-E04A636DCF,龙陵县,,county,保山市,保山市/龙陵县,v4 历史下一阶段层级工作｜保山（已完成）,2234,需人工确认,HIERARCHY_ONLY,unassessed,no,no,no,same_name_multiple_paths|raw_status_hint,00_Inbox/生普产区微产区层级_origin_microregion_全量版_v5_2026-08-17.md:2234,层级工作表节点；不等于购买批次原料已验证；不因本表存在而自动填充 origin_*。 原文标记：QUICK。
OMR-0B94BD349A,施甸县,,county,保山市,保山市/施甸县,v4 历史下一阶段层级工作｜保山（已完成）,2235,需人工确认,HIERARCHY_ONLY,unassessed,no,no,no,same_name_multiple_paths|raw_status_hint,00_Inbox/生普产区微产区层级_origin_microregion_全量版_v5_2026-08-17.md:2235,层级工作表节点；不等于购买批次原料已验证；不因本表存在而自动填充 origin_*。 原文标记：QUICK。
OMR-E21F64F47B,保山市,,prefecture_city,云南省,云南省/保山市,保山市｜全量层级,2319,需人工确认,HIERARCHY_ONLY,unassessed,yes,no,no,,00_Inbox/生普产区微产区层级_origin_microregion_全量版_v5_2026-08-17.md:2319,层级工作表节点；不等于购买批次原料已验证；不因本表存在而自动填充 origin_*。
OMR-19B254EDB3,昌宁县,,county,云南省/保山市,云南省/保山市/昌宁县,保山市｜全量层级,2321,需人工确认,HIERARCHY_ONLY,unassessed,yes,no,no,same_name_multiple_paths,00_Inbox/生普产区微产区层级_origin_microregion_全量版_v5_2026-08-17.md:2321,层级工作表节点；不等于购买批次原料已验证；不因本表存在而自动填充 origin_*。
OMR-178D0CCA01,漭水镇,,township,云南省/保山市/昌宁县,云南省/保山市/昌宁县/漭水镇,保山市｜全量层级,2323,需人工确认,HIERARCHY_ONLY,unassessed,yes,no,no,same_name_multiple_paths,00_Inbox/生普产区微产区层级_origin_microregion_全量版_v5_2026-08-17.md:2323,层级工作表节点；不等于购买批次原料已验证；不因本表存在而自动填充 origin_*。
OMR-41DA917F24,漭水社区,,county,云南省/保山市/昌宁县/漭水镇,云南省/保山市/昌宁县/漭水镇/漭水社区,保山市｜全量层级,2324,需人工确认,HIERARCHY_ONLY,unassessed,yes,no,no,,00_Inbox/生普产区微产区层级_origin_microregion_全量版_v5_2026-08-17.md:2324,层级工作表节点；不等于购买批次原料已验证；不因本表存在而自动填充 origin_*。
OMR-7E19C4E63E,黄家寨自然村,,natural_village,云南省/保山市/昌宁县/漭水镇/漭水社区,云南省/保山市/昌宁县/漭水镇/漭水社区/黄家寨自然村,保山市｜全量层级,2325,需人工确认,HIERARCHY_ONLY,unassessed,yes,no,no,,00_Inbox/生普产区微产区层级_origin_microregion_全量版_v5_2026-08-17.md:2325,层级工作表节点；不等于购买批次原料已验证；不因本表存在而自动填充 origin_*。
OMR-3AA0BC19CC,黄家寨古茶园 / 古茶公园,,microplot,云南省/保山市/昌宁县/漭水镇/漭水社区/黄家寨自然村,云南省/保山市/昌宁县/漭水镇/漭水社区/黄家寨自然村/黄家寨古茶园 / 古茶公园,保山市｜全量层级,2326,需人工确认,HOLD,false,yes,no,no,compound_or_alias_name|raw_status_hint,00_Inbox/生普产区微产区层级_origin_microregion_全量版_v5_2026-08-17.md:2326,层级工作表节点；不等于购买批次原料已验证；不因本表存在而自动填充 origin_*。 原文标记：HOLD。
OMR-EEFED06927,沿江村,,natural_village,云南省/保山市/昌宁县/漭水镇,云南省/保山市/昌宁县/漭水镇/沿江村,保山市｜全量层级,2328,需人工确认,HIERARCHY_ONLY,unassessed,yes,no,no,,00_Inbox/生普产区微产区层级_origin_microregion_全量版_v5_2026-08-17.md:2328,层级工作表节点；不等于购买批次原料已验证；不因本表存在而自动填充 origin_*。
OMR-59C8BE8FE6,茶山河自然村,,tea_area,云南省/保山市/昌宁县/漭水镇/沿江村,云南省/保山市/昌宁县/漭水镇/沿江村/茶山河自然村,保山市｜全量层级,2329,需人工确认,HIERARCHY_ONLY,unassessed,yes,no,no,,00_Inbox/生普产区微产区层级_origin_microregion_全量版_v5_2026-08-17.md:2329,层级工作表节点；不等于购买批次原料已验证；不因本表存在而自动填充 origin_*。
OMR-34CA3C93D6,茶山河古茶树群,,tea_area,云南省/保山市/昌宁县/漭水镇/沿江村/茶山河自然村,云南省/保山市/昌宁县/漭水镇/沿江村/茶山河自然村/茶山河古茶树群,保山市｜全量层级,2330,需人工确认,HOLD,false,yes,no,no,raw_status_hint,00_Inbox/生普产区微产区层级_origin_microregion_全量版_v5_2026-08-17.md:2330,层级工作表节点；不等于购买批次原料已验证；不因本表存在而自动填充 origin_*。 原文标记：HOLD_BY_MATERIAL。
OMR-53CCD629C0,羊圈坡古茶园 / 古茶树群,,microplot,云南省/保山市/昌宁县/漭水镇/沿江村,云南省/保山市/昌宁县/漭水镇/沿江村/羊圈坡古茶园 / 古茶树群,保山市｜全量层级,2331,需人工确认,HOLD,false,yes,no,no,compound_or_alias_name|raw_status_hint,00_Inbox/生普产区微产区层级_origin_microregion_全量版_v5_2026-08-17.md:2331,层级工作表节点；不等于购买批次原料已验证；不因本表存在而自动填充 origin_*。 原文标记：HOLD_BY_MATERIAL。
OMR-A73424A89A,河尾社区,,county,云南省/保山市/昌宁县/漭水镇,云南省/保山市/昌宁县/漭水镇/河尾社区,保山市｜全量层级,2333,需人工确认,HIERARCHY_ONLY,unassessed,yes,no,no,,00_Inbox/生普产区微产区层级_origin_microregion_全量版_v5_2026-08-17.md:2333,层级工作表节点；不等于购买批次原料已验证；不因本表存在而自动填充 origin_*。
OMR-F72983056E,老寨子古茶区,,county,云南省/保山市/昌宁县/漭水镇/河尾社区,云南省/保山市/昌宁县/漭水镇/河尾社区/老寨子古茶区,保山市｜全量层级,2334,需人工确认,HOLD,false,yes,no,no,raw_status_hint,00_Inbox/生普产区微产区层级_origin_microregion_全量版_v5_2026-08-17.md:2334,层级工作表节点；不等于购买批次原料已验证；不因本表存在而自动填充 origin_*。 原文标记：HOLD / VERY HIGH。
OMR-EB0A37E9EA,明德村,,natural_village,云南省/保山市/昌宁县/漭水镇,云南省/保山市/昌宁县/漭水镇/明德村,保山市｜全量层级,2335,需人工确认,HIERARCHY_ONLY,unassessed,yes,no,no,,00_Inbox/生普产区微产区层级_origin_microregion_全量版_v5_2026-08-17.md:2335,层级工作表节点；不等于购买批次原料已验证；不因本表存在而自动填充 origin_*。
OMR-260AE5285F,大山头古茶群,,mountain,云南省/保山市/昌宁县/漭水镇/明德村,云南省/保山市/昌宁县/漭水镇/明德村/大山头古茶群,保山市｜全量层级,2336,需人工确认,HOLD,false,yes,no,no,raw_status_hint,00_Inbox/生普产区微产区层级_origin_microregion_全量版_v5_2026-08-17.md:2336,层级工作表节点；不等于购买批次原料已验证；不因本表存在而自动填充 origin_*。 原文标记：HOLD。
OMR-B1AE2ACDD3,老厂社区,,county,云南省/保山市/昌宁县/漭水镇,云南省/保山市/昌宁县/漭水镇/老厂社区,保山市｜全量层级,2337,需人工确认,HIERARCHY_ONLY,unassessed,yes,no,no,,00_Inbox/生普产区微产区层级_origin_microregion_全量版_v5_2026-08-17.md:2337,层级工作表节点；不等于购买批次原料已验证；不因本表存在而自动填充 origin_*。
OMR-EE37828694,野珠山 / 野猪山古茶群,,mountain,云南省/保山市/昌宁县/漭水镇/老厂社区,云南省/保山市/昌宁县/漭水镇/老厂社区/野珠山 / 野猪山古茶群,保山市｜全量层级,2338,需人工确认,HOLD,false,yes,no,no,compound_or_alias_name|raw_status_hint,00_Inbox/生普产区微产区层级_origin_microregion_全量版_v5_2026-08-17.md:2338,层级工作表节点；不等于购买批次原料已验证；不因本表存在而自动填充 origin_*。 原文标记：HOLD。
OMR-58210B2F56,温泉镇,,township,云南省/保山市/昌宁县,云南省/保山市/昌宁县/温泉镇,保山市｜全量层级,2340,需人工确认,HIERARCHY_ONLY,unassessed,yes,no,no,same_name_multiple_paths,00_Inbox/生普产区微产区层级_origin_microregion_全量版_v5_2026-08-17.md:2340,层级工作表节点；不等于购买批次原料已验证；不因本表存在而自动填充 origin_*。
OMR-C799973C2C,联席村,,natural_village,云南省/保山市/昌宁县/温泉镇,云南省/保山市/昌宁县/温泉镇/联席村,保山市｜全量层级,2341,需人工确认,HIERARCHY_ONLY,unassessed,yes,no,no,,00_Inbox/生普产区微产区层级_origin_microregion_全量版_v5_2026-08-17.md:2341,层级工作表节点；不等于购买批次原料已验证；不因本表存在而自动填充 origin_*。
OMR-73A3A34B93,芭蕉林,,待人工判定,云南省/保山市/昌宁县/温泉镇/联席村,云南省/保山市/昌宁县/温泉镇/联席村/芭蕉林,保山市｜全量层级,2342,需人工确认,HOLD,false,yes,yes,no,raw_status_hint,00_Inbox/生普产区微产区层级_origin_microregion_全量版_v5_2026-08-17.md:2342,层级工作表节点；不等于购买批次原料已验证；不因本表存在而自动填充 origin_*。 原文标记：HOLD_BY_MATERIAL。
OMR-A89B61722B,破石头,,待人工判定,云南省/保山市/昌宁县/温泉镇/联席村,云南省/保山市/昌宁县/温泉镇/联席村/破石头,保山市｜全量层级,2343,需人工确认,HIERARCHY_ONLY,unassessed,yes,no,no,raw_status_hint,00_Inbox/生普产区微产区层级_origin_microregion_全量版_v5_2026-08-17.md:2343,层级工作表节点；不等于购买批次原料已验证；不因本表存在而自动填充 origin_*。 原文标记：RESOURCE。
OMR-F3280881F8,锡匠寨,,natural_village,云南省/保山市/昌宁县/温泉镇/联席村,云南省/保山市/昌宁县/温泉镇/联席村/锡匠寨,保山市｜全量层级,2344,需人工确认,HIERARCHY_ONLY,unassessed,yes,no,no,raw_status_hint,00_Inbox/生普产区微产区层级_origin_microregion_全量版_v5_2026-08-17.md:2344,层级工作表节点；不等于购买批次原料已验证；不因本表存在而自动填充 origin_*。 原文标记：RESOURCE。
OMR-39130B4F13,罗家寨,,natural_village,云南省/保山市/昌宁县/温泉镇/联席村,云南省/保山市/昌宁县/温泉镇/联席村/罗家寨,保山市｜全量层级,2345,需人工确认,HIERARCHY_ONLY,unassessed,yes,no,no,raw_status_hint,00_Inbox/生普产区微产区层级_origin_microregion_全量版_v5_2026-08-17.md:2345,层级工作表节点；不等于购买批次原料已验证；不因本表存在而自动填充 origin_*。 原文标记：RESOURCE。
OMR-B3C21BD264,施家寨,,natural_village,云南省/保山市/昌宁县/温泉镇/联席村,云南省/保山市/昌宁县/温泉镇/联席村/施家寨,保山市｜全量层级,2346,需人工确认,HIERARCHY_ONLY,unassessed,yes,no,no,raw_status_hint,00_Inbox/生普产区微产区层级_origin_microregion_全量版_v5_2026-08-17.md:2346,层级工作表节点；不等于购买批次原料已验证；不因本表存在而自动填充 origin_*。 原文标记：RESOURCE。
OMR-8601705194,团山,,mountain,云南省/保山市/昌宁县/温泉镇/联席村,云南省/保山市/昌宁县/温泉镇/联席村/团山,保山市｜全量层级,2347,需人工确认,HIERARCHY_ONLY,unassessed,yes,no,no,raw_status_hint,00_Inbox/生普产区微产区层级_origin_microregion_全量版_v5_2026-08-17.md:2347,层级工作表节点；不等于购买批次原料已验证；不因本表存在而自动填充 origin_*。 原文标记：MATERIAL ANCHOR。
OMR-54943B0B3D,新河村,,natural_village,云南省/保山市/昌宁县/温泉镇,云南省/保山市/昌宁县/温泉镇/新河村,保山市｜全量层级,2348,需人工确认,HIERARCHY_ONLY,unassessed,yes,no,no,,00_Inbox/生普产区微产区层级_origin_microregion_全量版_v5_2026-08-17.md:2348,层级工作表节点；不等于购买批次原料已验证；不因本表存在而自动填充 origin_*。
OMR-7A80699CA6,陈家地—三岔河,,待人工判定,云南省/保山市/昌宁县/温泉镇/新河村,云南省/保山市/昌宁县/温泉镇/新河村/陈家地—三岔河,保山市｜全量层级,2349,需人工确认,HOLD,false,yes,no,no,raw_status_hint,00_Inbox/生普产区微产区层级_origin_microregion_全量版_v5_2026-08-17.md:2349,层级工作表节点；不等于购买批次原料已验证；不因本表存在而自动填充 origin_*。 原文标记：HOLD_FOR_SHENG_SAMPLE。
OMR-21D6EEE627,田园镇,,township,云南省/保山市/昌宁县,云南省/保山市/昌宁县/田园镇,保山市｜全量层级,2351,需人工确认,HIERARCHY_ONLY,unassessed,yes,no,no,same_name_multiple_paths,00_Inbox/生普产区微产区层级_origin_microregion_全量版_v5_2026-08-17.md:2351,层级工作表节点；不等于购买批次原料已验证；不因本表存在而自动填充 origin_*。
OMR-DB69E314DB,石佛山古茶树群,,mountain,云南省/保山市/昌宁县/田园镇,云南省/保山市/昌宁县/田园镇/石佛山古茶树群,保山市｜全量层级,2352,需人工确认,HOLD,false,no,no,no,raw_status_hint,00_Inbox/生普产区微产区层级_origin_microregion_全量版_v5_2026-08-17.md:2352,层级工作表节点；不等于购买批次原料已验证；不因本表存在而自动填充 origin_*。 原文标记：HOLD_BY_MATERIAL。
OMR-BF657D0B97,耈街彝族苗族乡,,township,云南省/保山市/昌宁县,云南省/保山市/昌宁县/耈街彝族苗族乡,保山市｜全量层级,2354,需人工确认,HIERARCHY_ONLY,unassessed,yes,no,no,,00_Inbox/生普产区微产区层级_origin_microregion_全量版_v5_2026-08-17.md:2354,层级工作表节点；不等于购买批次原料已验证；不因本表存在而自动填充 origin_*。
OMR-ABC7E718F2,阿干村,,natural_village,云南省/保山市/昌宁县/耈街彝族苗族乡,云南省/保山市/昌宁县/耈街彝族苗族乡/阿干村,保山市｜全量层级,2355,需人工确认,HIERARCHY_ONLY,unassessed,yes,no,no,,00_Inbox/生普产区微产区层级_origin_microregion_全量版_v5_2026-08-17.md:2355,层级工作表节点；不等于购买批次原料已验证；不因本表存在而自动填充 origin_*。
OMR-A0550B73D2,阿干古茶园,,microplot,云南省/保山市/昌宁县/耈街彝族苗族乡/阿干村,云南省/保山市/昌宁县/耈街彝族苗族乡/阿干村/阿干古茶园,保山市｜全量层级,2356,需人工确认,HOLD,false,yes,no,no,raw_status_hint,00_Inbox/生普产区微产区层级_origin_microregion_全量版_v5_2026-08-17.md:2356,层级工作表节点；不等于购买批次原料已验证；不因本表存在而自动填充 origin_*。 原文标记：HOLD_BY_MATERIAL。
OMR-1B6349F75F,腾冲市,,prefecture_city,云南省/保山市,云南省/保山市/腾冲市,保山市｜全量层级,2358,可自动填充,HIERARCHY_ONLY,unassessed,no,no,yes,same_name_multiple_paths,00_Inbox/生普产区微产区层级_origin_microregion_全量版_v5_2026-08-17.md:2358,层级工作表节点；不等于购买批次原料已验证；不因本表存在而自动填充 origin_*。
OMR-D79D93EF78,芒棒镇,,township,云南省/保山市/腾冲市,云南省/保山市/腾冲市/芒棒镇,保山市｜全量层级,2360,需人工确认,HIERARCHY_ONLY,unassessed,yes,no,no,,00_Inbox/生普产区微产区层级_origin_microregion_全量版_v5_2026-08-17.md:2360,层级工作表节点；不等于购买批次原料已验证；不因本表存在而自动填充 origin_*。
OMR-19C4F85290,窜龙社区,,county,云南省/保山市/腾冲市/芒棒镇,云南省/保山市/腾冲市/芒棒镇/窜龙社区,保山市｜全量层级,2361,需人工确认,HOLD,false,yes,no,no,raw_status_hint,00_Inbox/生普产区微产区层级_origin_microregion_全量版_v5_2026-08-17.md:2361,层级工作表节点；不等于购买批次原料已验证；不因本表存在而自动填充 origin_*。 原文标记：P0 / HOLD_FOR_SHENG_SAMPLE。
OMR-B44318FA76,坪田社区,,county,云南省/保山市/腾冲市/芒棒镇,云南省/保山市/腾冲市/芒棒镇/坪田社区,保山市｜全量层级,2362,需人工确认,HIERARCHY_ONLY,unassessed,yes,no,no,raw_status_hint,00_Inbox/生普产区微产区层级_origin_microregion_全量版_v5_2026-08-17.md:2362,层级工作表节点；不等于购买批次原料已验证；不因本表存在而自动填充 origin_*。 原文标记：P1。
OMR-E412E2C9F9,坪地社区,,county,云南省/保山市/腾冲市/芒棒镇,云南省/保山市/腾冲市/芒棒镇/坪地社区,保山市｜全量层级,2363,需人工确认,HIERARCHY_ONLY,unassessed,yes,no,no,raw_status_hint,00_Inbox/生普产区微产区层级_origin_microregion_全量版_v5_2026-08-17.md:2363,层级工作表节点；不等于购买批次原料已验证；不因本表存在而自动填充 origin_*。 原文标记：P1。
OMR-E809FF42C4,大田坡社区,,county,云南省/保山市/腾冲市/芒棒镇,云南省/保山市/腾冲市/芒棒镇/大田坡社区,保山市｜全量层级,2364,需人工确认,HIERARCHY_ONLY,unassessed,yes,no,no,raw_status_hint,00_Inbox/生普产区微产区层级_origin_microregion_全量版_v5_2026-08-17.md:2364,层级工作表节点；不等于购买批次原料已验证；不因本表存在而自动填充 origin_*。 原文标记：P1。
OMR-2F72C0AB30,上营社区,,county,云南省/保山市/腾冲市/芒棒镇,云南省/保山市/腾冲市/芒棒镇/上营社区,保山市｜全量层级,2365,需人工确认,HIERARCHY_ONLY,unassessed,yes,no,no,,00_Inbox/生普产区微产区层级_origin_microregion_全量版_v5_2026-08-17.md:2365,层级工作表节点；不等于购买批次原料已验证；不因本表存在而自动填充 origin_*。
OMR-1D9B6FF5F6,文家塘,,待人工判定,云南省/保山市/腾冲市/芒棒镇/上营社区,云南省/保山市/腾冲市/芒棒镇/上营社区/文家塘,保山市｜全量层级,2366,需人工确认,HIERARCHY_ONLY,unassessed,yes,no,no,raw_status_hint,00_Inbox/生普产区微产区层级_origin_microregion_全量版_v5_2026-08-17.md:2366,层级工作表节点；不等于购买批次原料已验证；不因本表存在而自动填充 origin_*。 原文标记：P1。
OMR-8DEB604ABA,赵营社区,,county,云南省/保山市/腾冲市/芒棒镇,云南省/保山市/腾冲市/芒棒镇/赵营社区,保山市｜全量层级,2367,需人工确认,HIERARCHY_ONLY,unassessed,yes,no,no,,00_Inbox/生普产区微产区层级_origin_microregion_全量版_v5_2026-08-17.md:2367,层级工作表节点；不等于购买批次原料已验证；不因本表存在而自动填充 origin_*。
OMR-818B54B002,劳家山,,mountain,云南省/保山市/腾冲市/芒棒镇/赵营社区,云南省/保山市/腾冲市/芒棒镇/赵营社区/劳家山,保山市｜全量层级,2368,需人工确认,HIERARCHY_ONLY,unassessed,yes,no,no,raw_status_hint,00_Inbox/生普产区微产区层级_origin_microregion_全量版_v5_2026-08-17.md:2368,层级工作表节点；不等于购买批次原料已验证；不因本表存在而自动填充 origin_*。 原文标记：P1。
OMR-3F99A91771,城河社区,,county,云南省/保山市/腾冲市/芒棒镇,云南省/保山市/腾冲市/芒棒镇/城河社区,保山市｜全量层级,2369,需人工确认,HIERARCHY_ONLY,unassessed,yes,no,no,raw_status_hint,00_Inbox/生普产区微产区层级_origin_microregion_全量版_v5_2026-08-17.md:2369,层级工作表节点；不等于购买批次原料已验证；不因本表存在而自动填充 origin_*。 原文标记：P1。
OMR-457896E89B,红豆树社区,,county,云南省/保山市/腾冲市/芒棒镇,云南省/保山市/腾冲市/芒棒镇/红豆树社区,保山市｜全量层级,2370,需人工确认,HIERARCHY_ONLY,unassessed,yes,no,no,raw_status_hint,00_Inbox/生普产区微产区层级_origin_microregion_全量版_v5_2026-08-17.md:2370,层级工作表节点；不等于购买批次原料已验证；不因本表存在而自动填充 origin_*。 原文标记：P1。
OMR-CAE4FD97AA,洋芋地,,待人工判定,高黎贡山保护区野生茶资源层,高黎贡山保护区野生茶资源层/洋芋地,保山市｜全量层级,2373,需人工确认,HIERARCHY_ONLY,unassessed,yes,no,no,raw_status_hint,00_Inbox/生普产区微产区层级_origin_microregion_全量版_v5_2026-08-17.md:2373,层级工作表节点；不等于购买批次原料已验证；不因本表存在而自动填充 origin_*。 原文标记：RESOURCE_ONLY。
OMR-700751FA11,三叉洼,,待人工判定,高黎贡山保护区野生茶资源层,高黎贡山保护区野生茶资源层/三叉洼,保山市｜全量层级,2374,需人工确认,HIERARCHY_ONLY,unassessed,yes,no,no,raw_status_hint,00_Inbox/生普产区微产区层级_origin_microregion_全量版_v5_2026-08-17.md:2374,层级工作表节点；不等于购买批次原料已验证；不因本表存在而自动填充 origin_*。 原文标记：RESOURCE_ONLY。
OMR-96BDC07C1E,太平铺,,待人工判定,高黎贡山保护区野生茶资源层,高黎贡山保护区野生茶资源层/太平铺,保山市｜全量层级,2375,需人工确认,HIERARCHY_ONLY,unassessed,yes,no,no,raw_status_hint,00_Inbox/生普产区微产区层级_origin_microregion_全量版_v5_2026-08-17.md:2375,层级工作表节点；不等于购买批次原料已验证；不因本表存在而自动填充 origin_*。 原文标记：RESOURCE_ONLY。
OMR-D7D5C91AFA,大花窝,,待人工判定,高黎贡山保护区野生茶资源层,高黎贡山保护区野生茶资源层/大花窝,保山市｜全量层级,2376,需人工确认,HIERARCHY_ONLY,unassessed,yes,no,no,raw_status_hint,00_Inbox/生普产区微产区层级_origin_microregion_全量版_v5_2026-08-17.md:2376,层级工作表节点；不等于购买批次原料已验证；不因本表存在而自动填充 origin_*。 原文标记：RESOURCE_ONLY。
OMR-22B05862F8,香树丫口,,待人工判定,高黎贡山保护区野生茶资源层,高黎贡山保护区野生茶资源层/香树丫口,保山市｜全量层级,2377,需人工确认,HIERARCHY_ONLY,unassessed,yes,no,no,raw_status_hint,00_Inbox/生普产区微产区层级_origin_microregion_全量版_v5_2026-08-17.md:2377,层级工作表节点；不等于购买批次原料已验证；不因本表存在而自动填充 origin_*。 原文标记：RESOURCE_ONLY。
OMR-B3DBB8E68C,打油河,,待人工判定,高黎贡山保护区野生茶资源层,高黎贡山保护区野生茶资源层/打油河,保山市｜全量层级,2378,需人工确认,HIERARCHY_ONLY,unassessed,yes,no,no,raw_status_hint,00_Inbox/生普产区微产区层级_origin_microregion_全量版_v5_2026-08-17.md:2378,层级工作表节点；不等于购买批次原料已验证；不因本表存在而自动填充 origin_*。 原文标记：RESOURCE_ONLY。
OMR-967B4A83DB,蒲川乡,,township,高黎贡山保护区野生茶资源层,高黎贡山保护区野生茶资源层/蒲川乡,保山市｜全量层级,2380,需人工确认,HIERARCHY_ONLY,unassessed,yes,no,no,,00_Inbox/生普产区微产区层级_origin_microregion_全量版_v5_2026-08-17.md:2380,层级工作表节点；不等于购买批次原料已验证；不因本表存在而自动填充 origin_*。
OMR-094738169D,坝外社区,,county,高黎贡山保护区野生茶资源层/蒲川乡,高黎贡山保护区野生茶资源层/蒲川乡/坝外社区,保山市｜全量层级,2381,需人工确认,HIERARCHY_ONLY,unassessed,yes,no,no,,00_Inbox/生普产区微产区层级_origin_microregion_全量版_v5_2026-08-17.md:2381,层级工作表节点；不等于购买批次原料已验证；不因本表存在而自动填充 origin_*。
OMR-24D5714D8F,小寨古茶树群,,natural_village,高黎贡山保护区野生茶资源层/蒲川乡/坝外社区,高黎贡山保护区野生茶资源层/蒲川乡/坝外社区/小寨古茶树群,保山市｜全量层级,2382,需人工确认,HIERARCHY_ONLY,unassessed,yes,no,no,raw_status_hint,00_Inbox/生普产区微产区层级_origin_microregion_全量版_v5_2026-08-17.md:2382,层级工作表节点；不等于购买批次原料已验证；不因本表存在而自动填充 origin_*。 原文标记：P0。
OMR-0370FC157C,茅草地村,,natural_village,高黎贡山保护区野生茶资源层/蒲川乡,高黎贡山保护区野生茶资源层/蒲川乡/茅草地村,保山市｜全量层级,2383,需人工确认,HIERARCHY_ONLY,unassessed,yes,no,no,raw_status_hint,00_Inbox/生普产区微产区层级_origin_microregion_全量版_v5_2026-08-17.md:2383,层级工作表节点；不等于购买批次原料已验证；不因本表存在而自动填充 origin_*。 原文标记：P1。
OMR-76DBE44881,曼朵社区,,county,高黎贡山保护区野生茶资源层/蒲川乡,高黎贡山保护区野生茶资源层/蒲川乡/曼朵社区,保山市｜全量层级,2384,需人工确认,HIERARCHY_ONLY,unassessed,yes,no,no,raw_status_hint,00_Inbox/生普产区微产区层级_origin_microregion_全量版_v5_2026-08-17.md:2384,层级工作表节点；不等于购买批次原料已验证；不因本表存在而自动填充 origin_*。 原文标记：P1。
OMR-E8EA62376F,清凉山茶区,,county,高黎贡山保护区野生茶资源层/蒲川乡,高黎贡山保护区野生茶资源层/蒲川乡/清凉山茶区,保山市｜全量层级,2385,需人工确认,HIERARCHY_ONLY,unassessed,yes,no,no,raw_status_hint,00_Inbox/生普产区微产区层级_origin_microregion_全量版_v5_2026-08-17.md:2385,层级工作表节点；不等于购买批次原料已验证；不因本表存在而自动填充 origin_*。 原文标记：PROCESSING / BRAND CONFLICT。
OMR-7881311F10,团田乡,,township,高黎贡山保护区野生茶资源层,高黎贡山保护区野生茶资源层/团田乡,保山市｜全量层级,2387,需人工确认,HIERARCHY_ONLY,unassessed,yes,no,no,,00_Inbox/生普产区微产区层级_origin_microregion_全量版_v5_2026-08-17.md:2387,层级工作表节点；不等于购买批次原料已验证；不因本表存在而自动填充 origin_*。
OMR-2AC6A3E2B3,曼哈村,,natural_village,高黎贡山保护区野生茶资源层/团田乡,高黎贡山保护区野生茶资源层/团田乡/曼哈村,保山市｜全量层级,2388,需人工确认,HIERARCHY_ONLY,unassessed,yes,no,no,,00_Inbox/生普产区微产区层级_origin_microregion_全量版_v5_2026-08-17.md:2388,层级工作表节点；不等于购买批次原料已验证；不因本表存在而自动填充 origin_*。
OMR-D927B40BD5,大哈坡古茶树群,,待人工判定,高黎贡山保护区野生茶资源层/团田乡/曼哈村,高黎贡山保护区野生茶资源层/团田乡/曼哈村/大哈坡古茶树群,保山市｜全量层级,2389,需人工确认,HIERARCHY_ONLY,unassessed,yes,no,no,raw_status_hint,00_Inbox/生普产区微产区层级_origin_microregion_全量版_v5_2026-08-17.md:2389,层级工作表节点；不等于购买批次原料已验证；不因本表存在而自动填充 origin_*。 原文标记：P0。
OMR-56A69FFE61,五合乡,,township,高黎贡山保护区野生茶资源层,高黎贡山保护区野生茶资源层/五合乡,保山市｜全量层级,2390,需人工确认,HIERARCHY_ONLY,unassessed,yes,no,no,,00_Inbox/生普产区微产区层级_origin_microregion_全量版_v5_2026-08-17.md:2390,层级工作表节点；不等于购买批次原料已验证；不因本表存在而自动填充 origin_*。
OMR-18A0E83528,五合村,,natural_village,高黎贡山保护区野生茶资源层/五合乡,高黎贡山保护区野生茶资源层/五合乡/五合村,保山市｜全量层级,2391,需人工确认,HIERARCHY_ONLY,unassessed,yes,no,no,raw_status_hint,00_Inbox/生普产区微产区层级_origin_microregion_全量版_v5_2026-08-17.md:2391,层级工作表节点；不等于购买批次原料已验证；不因本表存在而自动填充 origin_*。 原文标记：P1 / internal split needed。
OMR-DBA8D1884A,新华乡,,township,高黎贡山保护区野生茶资源层,高黎贡山保护区野生茶资源层/新华乡,保山市｜全量层级,2392,需人工确认,HIERARCHY_ONLY,unassessed,yes,no,no,raw_status_hint,00_Inbox/生普产区微产区层级_origin_microregion_全量版_v5_2026-08-17.md:2392,层级工作表节点；不等于购买批次原料已验证；不因本表存在而自动填充 origin_*。 原文标记：MODERN INDUSTRY / RESOURCE。
OMR-3A0E814670,猴桥镇,,township,高黎贡山保护区野生茶资源层,高黎贡山保护区野生茶资源层/猴桥镇,保山市｜全量层级,2393,需人工确认,HIERARCHY_ONLY,unassessed,yes,no,no,raw_status_hint,00_Inbox/生普产区微产区层级_origin_microregion_全量版_v5_2026-08-17.md:2393,层级工作表节点；不等于购买批次原料已验证；不因本表存在而自动填充 origin_*。 原文标记：DISCOVERY。
OMR-471444268B,龙陵县,,county,高黎贡山保护区野生茶资源层,高黎贡山保护区野生茶资源层/龙陵县,保山市｜全量层级,2395,需人工确认,HIERARCHY_ONLY,unassessed,no,no,no,same_name_multiple_paths,00_Inbox/生普产区微产区层级_origin_microregion_全量版_v5_2026-08-17.md:2395,层级工作表节点；不等于购买批次原料已验证；不因本表存在而自动填充 origin_*。
OMR-E7F284D624,镇安镇,,township,高黎贡山保护区野生茶资源层/龙陵县,高黎贡山保护区野生茶资源层/龙陵县/镇安镇,保山市｜全量层级,2397,需人工确认,HIERARCHY_ONLY,unassessed,yes,no,no,,00_Inbox/生普产区微产区层级_origin_microregion_全量版_v5_2026-08-17.md:2397,层级工作表节点；不等于购买批次原料已验证；不因本表存在而自动填充 origin_*。
OMR-82CC6F8F90,镇东村,,natural_village,高黎贡山保护区野生茶资源层/龙陵县/镇安镇,高黎贡山保护区野生茶资源层/龙陵县/镇安镇/镇东村,保山市｜全量层级,2398,需人工确认,HIERARCHY_ONLY,unassessed,yes,no,no,,00_Inbox/生普产区微产区层级_origin_microregion_全量版_v5_2026-08-17.md:2398,层级工作表节点；不等于购买批次原料已验证；不因本表存在而自动填充 origin_*。
OMR-283F75B6CE,茅草地组 → 园子心,,待人工判定,高黎贡山保护区野生茶资源层/龙陵县/镇安镇/镇东村,高黎贡山保护区野生茶资源层/龙陵县/镇安镇/镇东村/茅草地组 → 园子心,保山市｜全量层级,2399,需人工确认,HIERARCHY_ONLY,unassessed,yes,no,no,raw_status_hint,00_Inbox/生普产区微产区层级_origin_microregion_全量版_v5_2026-08-17.md:2399,层级工作表节点；不等于购买批次原料已验证；不因本表存在而自动填充 origin_*。 原文标记：P0 / C.taliensis。
OMR-BB38E99797,镇北村 → 范家坡,,natural_village,高黎贡山保护区野生茶资源层/龙陵县/镇安镇,高黎贡山保护区野生茶资源层/龙陵县/镇安镇/镇北村 → 范家坡,保山市｜全量层级,2400,需人工确认,HIERARCHY_ONLY,unassessed,yes,no,no,raw_status_hint,00_Inbox/生普产区微产区层级_origin_microregion_全量版_v5_2026-08-17.md:2400,层级工作表节点；不等于购买批次原料已验证；不因本表存在而自动填充 origin_*。 原文标记：C.taliensis。
OMR-F6852B9F36,大水沟村 → 窝子园,,natural_village,高黎贡山保护区野生茶资源层/龙陵县/镇安镇,高黎贡山保护区野生茶资源层/龙陵县/镇安镇/大水沟村 → 窝子园,保山市｜全量层级,2401,需人工确认,HIERARCHY_ONLY,unassessed,yes,no,no,raw_status_hint,00_Inbox/生普产区微产区层级_origin_microregion_全量版_v5_2026-08-17.md:2401,层级工作表节点；不等于购买批次原料已验证；不因本表存在而自动填充 origin_*。 原文标记：C.taliensis。
OMR-47E2420F18,淘金河村 → 赵家寨,,natural_village,高黎贡山保护区野生茶资源层/龙陵县/镇安镇,高黎贡山保护区野生茶资源层/龙陵县/镇安镇/淘金河村 → 赵家寨,保山市｜全量层级,2402,需人工确认,HIERARCHY_ONLY,unassessed,yes,no,no,raw_status_hint,00_Inbox/生普产区微产区层级_origin_microregion_全量版_v5_2026-08-17.md:2402,层级工作表节点；不等于购买批次原料已验证；不因本表存在而自动填充 origin_*。 原文标记：C.taliensis。
OMR-ED277C7226,小田坝村 → 大坪子,,natural_village,高黎贡山保护区野生茶资源层/龙陵县/镇安镇,高黎贡山保护区野生茶资源层/龙陵县/镇安镇/小田坝村 → 大坪子,保山市｜全量层级,2403,需人工确认,HIERARCHY_ONLY,unassessed,yes,no,no,raw_status_hint,00_Inbox/生普产区微产区层级_origin_microregion_全量版_v5_2026-08-17.md:2403,层级工作表节点；不等于购买批次原料已验证；不因本表存在而自动填充 origin_*。 原文标记：C.taliensis。
OMR-B54FFBDBCE,龙新乡,,township,高黎贡山保护区野生茶资源层/龙陵县,高黎贡山保护区野生茶资源层/龙陵县/龙新乡,保山市｜全量层级,2405,需人工确认,HIERARCHY_ONLY,unassessed,yes,yes,no,,00_Inbox/生普产区微产区层级_origin_microregion_全量版_v5_2026-08-17.md:2405,层级工作表节点；不等于购买批次原料已验证；不因本表存在而自动填充 origin_*。
OMR-29ACA2660D,绕廊村,,natural_village,高黎贡山保护区野生茶资源层/龙陵县/龙新乡,高黎贡山保护区野生茶资源层/龙陵县/龙新乡/绕廊村,保山市｜全量层级,2406,需人工确认,HIERARCHY_ONLY,unassessed,yes,yes,no,,00_Inbox/生普产区微产区层级_origin_microregion_全量版_v5_2026-08-17.md:2406,层级工作表节点；不等于购买批次原料已验证；不因本表存在而自动填充 origin_*。
OMR-F11D54E140,麦子地,,待人工判定,高黎贡山保护区野生茶资源层/龙陵县/龙新乡/绕廊村,高黎贡山保护区野生茶资源层/龙陵县/龙新乡/绕廊村/麦子地,保山市｜全量层级,2407,需人工确认,HIERARCHY_ONLY,unassessed,yes,yes,no,raw_status_hint,00_Inbox/生普产区微产区层级_origin_microregion_全量版_v5_2026-08-17.md:2407,层级工作表节点；不等于购买批次原料已验证；不因本表存在而自动填充 origin_*。 原文标记：P0++++ / MATERIAL COMPARISON。
OMR-725DF42378,C. taliensis,,待人工判定,高黎贡山保护区野生茶资源层/龙陵县/龙新乡/绕廊村/麦子地,高黎贡山保护区野生茶资源层/龙陵县/龙新乡/绕廊村/麦子地/C. taliensis,保山市｜全量层级,2408,需人工确认,HIERARCHY_ONLY,unassessed,yes,no,no,,00_Inbox/生普产区微产区层级_origin_microregion_全量版_v5_2026-08-17.md:2408,层级工作表节点；不等于购买批次原料已验证；不因本表存在而自动填充 origin_*。
OMR-6A57FD68CC,cultivated Pu'er tea,,待人工判定,高黎贡山保护区野生茶资源层/龙陵县/龙新乡/绕廊村/麦子地,高黎贡山保护区野生茶资源层/龙陵县/龙新乡/绕廊村/麦子地/cultivated Pu'er tea,保山市｜全量层级,2409,需人工确认,HIERARCHY_ONLY,unassessed,yes,no,no,,00_Inbox/生普产区微产区层级_origin_microregion_全量版_v5_2026-08-17.md:2409,层级工作表节点；不等于购买批次原料已验证；不因本表存在而自动填充 origin_*。
OMR-573E82D98A,勐冒村,,natural_village,高黎贡山保护区野生茶资源层/龙陵县/龙新乡,高黎贡山保护区野生茶资源层/龙陵县/龙新乡/勐冒村,保山市｜全量层级,2410,需人工确认,HIERARCHY_ONLY,unassessed,yes,no,no,,00_Inbox/生普产区微产区层级_origin_microregion_全量版_v5_2026-08-17.md:2410,层级工作表节点；不等于购买批次原料已验证；不因本表存在而自动填充 origin_*。
OMR-C868363730,倒淌水,,待人工判定,高黎贡山保护区野生茶资源层/龙陵县/龙新乡/勐冒村,高黎贡山保护区野生茶资源层/龙陵县/龙新乡/勐冒村/倒淌水,保山市｜全量层级,2411,需人工确认,HIERARCHY_ONLY,unassessed,yes,no,no,,00_Inbox/生普产区微产区层级_origin_microregion_全量版_v5_2026-08-17.md:2411,层级工作表节点；不等于购买批次原料已验证；不因本表存在而自动填充 origin_*。
OMR-1A7F07F393,龙陵白裤,,待人工判定,高黎贡山保护区野生茶资源层/龙陵县/龙新乡/勐冒村/倒淌水,高黎贡山保护区野生茶资源层/龙陵县/龙新乡/勐冒村/倒淌水/龙陵白裤,保山市｜全量层级,2412,需人工确认,HIERARCHY_ONLY,unassessed,yes,yes,no,raw_status_hint,00_Inbox/生普产区微产区层级_origin_microregion_全量版_v5_2026-08-17.md:2412,层级工作表节点；不等于购买批次原料已验证；不因本表存在而自动填充 origin_*。 原文标记：MATERIAL P0。
OMR-1AE5E1E4CF,雪山村,,natural_village,高黎贡山保护区野生茶资源层/龙陵县/龙新乡,高黎贡山保护区野生茶资源层/龙陵县/龙新乡/雪山村,保山市｜全量层级,2413,需人工确认,HOLD,false,yes,no,no,raw_status_hint,00_Inbox/生普产区微产区层级_origin_microregion_全量版_v5_2026-08-17.md:2413,层级工作表节点；不等于购买批次原料已验证；不因本表存在而自动填充 origin_*。 原文标记：C.taliensis / PROCESSING HOLD。
OMR-458EF3CA63,菜子地村 → 垭口,,natural_village,高黎贡山保护区野生茶资源层/龙陵县/龙新乡,高黎贡山保护区野生茶资源层/龙陵县/龙新乡/菜子地村 → 垭口,保山市｜全量层级,2414,需人工确认,HIERARCHY_ONLY,unassessed,yes,no,no,raw_status_hint,00_Inbox/生普产区微产区层级_origin_microregion_全量版_v5_2026-08-17.md:2414,层级工作表节点；不等于购买批次原料已验证；不因本表存在而自动填充 origin_*。 原文标记：C.taliensis。
OMR-1F30DC2D7B,腊勐镇,,township,高黎贡山保护区野生茶资源层/龙陵县,高黎贡山保护区野生茶资源层/龙陵县/腊勐镇,保山市｜全量层级,2416,需人工确认,HIERARCHY_ONLY,unassessed,yes,no,no,,00_Inbox/生普产区微产区层级_origin_microregion_全量版_v5_2026-08-17.md:2416,层级工作表节点；不等于购买批次原料已验证；不因本表存在而自动填充 origin_*。
OMR-5BA54B24CA,中岭岗村 → 陈家寨,,natural_village,高黎贡山保护区野生茶资源层/龙陵县/腊勐镇,高黎贡山保护区野生茶资源层/龙陵县/腊勐镇/中岭岗村 → 陈家寨,保山市｜全量层级,2417,需人工确认,HIERARCHY_ONLY,unassessed,yes,no,no,raw_status_hint,00_Inbox/生普产区微产区层级_origin_microregion_全量版_v5_2026-08-17.md:2417,层级工作表节点；不等于购买批次原料已验证；不因本表存在而自动填充 origin_*。 原文标记：C.taliensis。
OMR-70AA667FFA,大垭口村,,natural_village,高黎贡山保护区野生茶资源层/龙陵县/腊勐镇,高黎贡山保护区野生茶资源层/龙陵县/腊勐镇/大垭口村,保山市｜全量层级,2418,需人工确认,HIERARCHY_ONLY,unassessed,yes,no,no,,00_Inbox/生普产区微产区层级_origin_microregion_全量版_v5_2026-08-17.md:2418,层级工作表节点；不等于购买批次原料已验证；不因本表存在而自动填充 origin_*。
OMR-1E104EB79D,大垭口组 → 松山,,mountain,高黎贡山保护区野生茶资源层/龙陵县/腊勐镇/大垭口村,高黎贡山保护区野生茶资源层/龙陵县/腊勐镇/大垭口村/大垭口组 → 松山,保山市｜全量层级,2419,需人工确认,HIERARCHY_ONLY,unassessed,yes,no,no,raw_status_hint,00_Inbox/生普产区微产区层级_origin_microregion_全量版_v5_2026-08-17.md:2419,层级工作表节点；不等于购买批次原料已验证；不因本表存在而自动填充 origin_*。 原文标记：C.taliensis / P0。
OMR-5710124276,小绿色组 → 松山,,mountain,高黎贡山保护区野生茶资源层/龙陵县/腊勐镇/大垭口村,高黎贡山保护区野生茶资源层/龙陵县/腊勐镇/大垭口村/小绿色组 → 松山,保山市｜全量层级,2420,需人工确认,HIERARCHY_ONLY,unassessed,yes,no,no,raw_status_hint,00_Inbox/生普产区微产区层级_origin_microregion_全量版_v5_2026-08-17.md:2420,层级工作表节点；不等于购买批次原料已验证；不因本表存在而自动填充 origin_*。 原文标记：C.taliensis。
OMR-76A8D4D98A,龙江乡,,township,高黎贡山保护区野生茶资源层/龙陵县,高黎贡山保护区野生茶资源层/龙陵县/龙江乡,保山市｜全量层级,2422,需人工确认,HIERARCHY_ONLY,unassessed,yes,no,no,,00_Inbox/生普产区微产区层级_origin_microregion_全量版_v5_2026-08-17.md:2422,层级工作表节点；不等于购买批次原料已验证；不因本表存在而自动填充 origin_*。
OMR-8841A3A7EC,三台山,,mountain,高黎贡山保护区野生茶资源层/龙陵县/龙江乡,高黎贡山保护区野生茶资源层/龙陵县/龙江乡/三台山,保山市｜全量层级,2423,需人工确认,HIERARCHY_ONLY,unassessed,yes,no,no,raw_status_hint,00_Inbox/生普产区微产区层级_origin_microregion_全量版_v5_2026-08-17.md:2423,层级工作表节点；不等于购买批次原料已验证；不因本表存在而自动填充 origin_*。 原文标记：C.taliensis。
OMR-643B853632,硝塘村 → 高楼子,,natural_village,高黎贡山保护区野生茶资源层/龙陵县/龙江乡,高黎贡山保护区野生茶资源层/龙陵县/龙江乡/硝塘村 → 高楼子,保山市｜全量层级,2424,需人工确认,HIERARCHY_ONLY,unassessed,no,no,no,raw_status_hint,00_Inbox/生普产区微产区层级_origin_microregion_全量版_v5_2026-08-17.md:2424,层级工作表节点；不等于购买批次原料已验证；不因本表存在而自动填充 origin_*。 原文标记：C.taliensis。
OMR-CBF4FEAD4D,象达镇,,township,高黎贡山保护区野生茶资源层/龙陵县,高黎贡山保护区野生茶资源层/龙陵县/象达镇,保山市｜全量层级,2425,需人工确认,HIERARCHY_ONLY,unassessed,yes,no,no,,00_Inbox/生普产区微产区层级_origin_microregion_全量版_v5_2026-08-17.md:2425,层级工作表节点；不等于购买批次原料已验证；不因本表存在而自动填充 origin_*。
OMR-46174049C7,芹菜塘村 → 段家寨,,natural_village,高黎贡山保护区野生茶资源层/龙陵县/象达镇,高黎贡山保护区野生茶资源层/龙陵县/象达镇/芹菜塘村 → 段家寨,保山市｜全量层级,2426,需人工确认,HIERARCHY_ONLY,unassessed,no,no,no,raw_status_hint,00_Inbox/生普产区微产区层级_origin_microregion_全量版_v5_2026-08-17.md:2426,层级工作表节点；不等于购买批次原料已验证；不因本表存在而自动填充 origin_*。 原文标记：C.taliensis。
OMR-FE91CD8CF0,平达乡,,township,高黎贡山保护区野生茶资源层/龙陵县,高黎贡山保护区野生茶资源层/龙陵县/平达乡,保山市｜全量层级,2427,需人工确认,HIERARCHY_ONLY,unassessed,yes,no,no,,00_Inbox/生普产区微产区层级_origin_microregion_全量版_v5_2026-08-17.md:2427,层级工作表节点；不等于购买批次原料已验证；不因本表存在而自动填充 origin_*。
OMR-097F3F963C,安罗村 → 平山大洼子,,natural_village,高黎贡山保护区野生茶资源层/龙陵县/平达乡,高黎贡山保护区野生茶资源层/龙陵县/平达乡/安罗村 → 平山大洼子,保山市｜全量层级,2428,需人工确认,HIERARCHY_ONLY,unassessed,no,no,no,raw_status_hint,00_Inbox/生普产区微产区层级_origin_microregion_全量版_v5_2026-08-17.md:2428,层级工作表节点；不等于购买批次原料已验证；不因本表存在而自动填充 origin_*。 原文标记：C.taliensis。
OMR-FEC60FB602,碧寨乡,,township,高黎贡山保护区野生茶资源层/龙陵县,高黎贡山保护区野生茶资源层/龙陵县/碧寨乡,保山市｜全量层级,2429,需人工确认,HIERARCHY_ONLY,unassessed,yes,no,no,,00_Inbox/生普产区微产区层级_origin_microregion_全量版_v5_2026-08-17.md:2429,层级工作表节点；不等于购买批次原料已验证；不因本表存在而自动填充 origin_*。
OMR-5F5B8188CE,坡头村 → 杨家园,,natural_village,高黎贡山保护区野生茶资源层/龙陵县/碧寨乡,高黎贡山保护区野生茶资源层/龙陵县/碧寨乡/坡头村 → 杨家园,保山市｜全量层级,2430,需人工确认,HIERARCHY_ONLY,unassessed,no,no,no,raw_status_hint,00_Inbox/生普产区微产区层级_origin_microregion_全量版_v5_2026-08-17.md:2430,层级工作表节点；不等于购买批次原料已验证；不因本表存在而自动填充 origin_*。 原文标记：C.taliensis。
OMR-FE51D7214C,隆阳区,,county,高黎贡山保护区野生茶资源层,高黎贡山保护区野生茶资源层/隆阳区,保山市｜全量层级,2432,需人工确认,HIERARCHY_ONLY,unassessed,no,no,no,same_name_multiple_paths,00_Inbox/生普产区微产区层级_origin_microregion_全量版_v5_2026-08-17.md:2432,层级工作表节点；不等于购买批次原料已验证；不因本表存在而自动填充 origin_*。
OMR-77F0F224E2,瓦窑镇,,township,高黎贡山保护区野生茶资源层/隆阳区,高黎贡山保护区野生茶资源层/隆阳区/瓦窑镇,保山市｜全量层级,2433,需人工确认,HIERARCHY_ONLY,unassessed,no,no,no,,00_Inbox/生普产区微产区层级_origin_microregion_全量版_v5_2026-08-17.md:2433,层级工作表节点；不等于购买批次原料已验证；不因本表存在而自动填充 origin_*。
OMR-6304A8B761,阿石寨村,,natural_village,高黎贡山保护区野生茶资源层/隆阳区/瓦窑镇,高黎贡山保护区野生茶资源层/隆阳区/瓦窑镇/阿石寨村,保山市｜全量层级,2434,需人工确认,HIERARCHY_ONLY,unassessed,no,no,no,,00_Inbox/生普产区微产区层级_origin_microregion_全量版_v5_2026-08-17.md:2434,层级工作表节点；不等于购买批次原料已验证；不因本表存在而自动填充 origin_*。
OMR-EB74176397,凤溪茶山,,tea_area,高黎贡山保护区野生茶资源层/隆阳区/瓦窑镇/阿石寨村,高黎贡山保护区野生茶资源层/隆阳区/瓦窑镇/阿石寨村/凤溪茶山,保山市｜全量层级,2435,需人工确认,HOLD,false,yes,yes,no,raw_status_hint,00_Inbox/生普产区微产区层级_origin_microregion_全量版_v5_2026-08-17.md:2435,层级工作表节点；不等于购买批次原料已验证；不因本表存在而自动填充 origin_*。 原文标记：P0 / HOLD MATERIAL+PROCESSING。
OMR-B3E3BE5BF0,道人山,,mountain,高黎贡山保护区野生茶资源层/隆阳区/瓦窑镇,高黎贡山保护区野生茶资源层/隆阳区/瓦窑镇/道人山,保山市｜全量层级,2436,需人工确认,HOLD,false,yes,yes,no,raw_status_hint,00_Inbox/生普产区微产区层级_origin_microregion_全量版_v5_2026-08-17.md:2436,层级工作表节点；不等于购买批次原料已验证；不因本表存在而自动填充 origin_*。 原文标记：LEGACY / RESOURCE HOLD。
OMR-60BF9AAB5E,瓦渡乡,,township,高黎贡山保护区野生茶资源层/隆阳区,高黎贡山保护区野生茶资源层/隆阳区/瓦渡乡,保山市｜全量层级,2437,需人工确认,HIERARCHY_ONLY,unassessed,no,no,no,,00_Inbox/生普产区微产区层级_origin_microregion_全量版_v5_2026-08-17.md:2437,层级工作表节点；不等于购买批次原料已验证；不因本表存在而自动填充 origin_*。
OMR-9C5B253A03,三坪村,,natural_village,高黎贡山保护区野生茶资源层/隆阳区/瓦渡乡,高黎贡山保护区野生茶资源层/隆阳区/瓦渡乡/三坪村,保山市｜全量层级,2438,需人工确认,HIERARCHY_ONLY,unassessed,yes,no,no,,00_Inbox/生普产区微产区层级_origin_microregion_全量版_v5_2026-08-17.md:2438,层级工作表节点；不等于购买批次原料已验证；不因本表存在而自动填充 origin_*。
OMR-B7ECF5A7C7,阿贯山组,,village_group,高黎贡山保护区野生茶资源层/隆阳区/瓦渡乡/三坪村,高黎贡山保护区野生茶资源层/隆阳区/瓦渡乡/三坪村/阿贯山组,保山市｜全量层级,2439,需人工确认,HOLD,false,yes,no,no,raw_status_hint,00_Inbox/生普产区微产区层级_origin_microregion_全量版_v5_2026-08-17.md:2439,层级工作表节点；不等于购买批次原料已验证；不因本表存在而自动填充 origin_*。 原文标记：LOCATION CONFIRMED / TEA HOLD。
OMR-A5F1C46432,浪坝村,,natural_village,高黎贡山保护区野生茶资源层/隆阳区/瓦渡乡,高黎贡山保护区野生茶资源层/隆阳区/瓦渡乡/浪坝村,保山市｜全量层级,2440,需人工确认,HOLD,false,no,no,no,raw_status_hint,00_Inbox/生普产区微产区层级_origin_microregion_全量版_v5_2026-08-17.md:2440,层级工作表节点；不等于购买批次原料已验证；不因本表存在而自动填充 origin_*。 原文标记：INDUSTRY HOLD。
OMR-2634590443,板桥镇,,township,高黎贡山保护区野生茶资源层/隆阳区,高黎贡山保护区野生茶资源层/隆阳区/板桥镇,保山市｜全量层级,2441,需人工确认,HIERARCHY_ONLY,unassessed,no,no,no,,00_Inbox/生普产区微产区层级_origin_microregion_全量版_v5_2026-08-17.md:2441,层级工作表节点；不等于购买批次原料已验证；不因本表存在而自动填充 origin_*。
OMR-D018C35BB0,李家寺等,,待人工判定,高黎贡山保护区野生茶资源层/隆阳区/板桥镇,高黎贡山保护区野生茶资源层/隆阳区/板桥镇/李家寺等,保山市｜全量层级,2442,需人工确认,HIERARCHY_ONLY,unassessed,no,no,no,raw_status_hint,00_Inbox/生普产区微产区层级_origin_microregion_全量版_v5_2026-08-17.md:2442,层级工作表节点；不等于购买批次原料已验证；不因本表存在而自动填充 origin_*。 原文标记：INDUSTRY_ONLY。
OMR-CABA5C3ACE,施甸县,,county,高黎贡山保护区野生茶资源层,高黎贡山保护区野生茶资源层/施甸县,保山市｜全量层级,2444,需人工确认,HIERARCHY_ONLY,unassessed,no,no,no,same_name_multiple_paths,00_Inbox/生普产区微产区层级_origin_microregion_全量版_v5_2026-08-17.md:2444,层级工作表节点；不等于购买批次原料已验证；不因本表存在而自动填充 origin_*。
OMR-8AC107612B,姚关镇,,township,高黎贡山保护区野生茶资源层/施甸县,高黎贡山保护区野生茶资源层/施甸县/姚关镇,保山市｜全量层级,2445,需人工确认,HIERARCHY_ONLY,unassessed,yes,no,no,,00_Inbox/生普产区微产区层级_origin_microregion_全量版_v5_2026-08-17.md:2445,层级工作表节点；不等于购买批次原料已验证；不因本表存在而自动填充 origin_*。
OMR-CAD526E96A,摆马村,,natural_village,高黎贡山保护区野生茶资源层/施甸县/姚关镇,高黎贡山保护区野生茶资源层/施甸县/姚关镇/摆马村,保山市｜全量层级,2446,需人工确认,HOLD,false,yes,no,no,raw_status_hint,00_Inbox/生普产区微产区层级_origin_microregion_全量版_v5_2026-08-17.md:2446,层级工作表节点；不等于购买批次原料已验证；不因本表存在而自动填充 origin_*。 原文标记：HISTORICAL CORE / HOLD。
OMR-DD4B9CD591,木老元布朗族彝族乡,,township,高黎贡山保护区野生茶资源层/施甸县,高黎贡山保护区野生茶资源层/施甸县/木老元布朗族彝族乡,保山市｜全量层级,2447,需人工确认,HIERARCHY_ONLY,unassessed,no,no,no,,00_Inbox/生普产区微产区层级_origin_microregion_全量版_v5_2026-08-17.md:2447,层级工作表节点；不等于购买批次原料已验证；不因本表存在而自动填充 origin_*。
OMR-3D939AE1F3,木老元村,,natural_village,高黎贡山保护区野生茶资源层/施甸县/木老元布朗族彝族乡,高黎贡山保护区野生茶资源层/施甸县/木老元布朗族彝族乡/木老元村,保山市｜全量层级,2448,需人工确认,HIERARCHY_ONLY,unassessed,no,no,no,raw_status_hint,00_Inbox/生普产区微产区层级_origin_microregion_全量版_v5_2026-08-17.md:2448,层级工作表节点；不等于购买批次原料已验证；不因本表存在而自动填充 origin_*。 原文标记：system-level resource。
OMR-027F098BF4,龙潭村,,natural_village,高黎贡山保护区野生茶资源层/施甸县/木老元布朗族彝族乡,高黎贡山保护区野生茶资源层/施甸县/木老元布朗族彝族乡/龙潭村,保山市｜全量层级,2449,需人工确认,HIERARCHY_ONLY,unassessed,no,no,no,raw_status_hint,00_Inbox/生普产区微产区层级_origin_microregion_全量版_v5_2026-08-17.md:2449,层级工作表节点；不等于购买批次原料已验证；不因本表存在而自动填充 origin_*。 原文标记：system-level resource。
OMR-97BBDE9563,哈寨村,,natural_village,高黎贡山保护区野生茶资源层/施甸县/木老元布朗族彝族乡,高黎贡山保护区野生茶资源层/施甸县/木老元布朗族彝族乡/哈寨村,保山市｜全量层级,2450,需人工确认,HOLD,false,no,no,no,raw_status_hint,00_Inbox/生普产区微产区层级_origin_microregion_全量版_v5_2026-08-17.md:2450,层级工作表节点；不等于购买批次原料已验证；不因本表存在而自动填充 origin_*。 原文标记：OLD TREE CULTURE / HOLD。
OMR-B28EA6D4C5,大地村,,natural_village,高黎贡山保护区野生茶资源层/施甸县/木老元布朗族彝族乡,高黎贡山保护区野生茶资源层/施甸县/木老元布朗族彝族乡/大地村,保山市｜全量层级,2451,需人工确认,HIERARCHY_ONLY,unassessed,no,no,no,raw_status_hint,00_Inbox/生普产区微产区层级_origin_microregion_全量版_v5_2026-08-17.md:2451,层级工作表节点；不等于购买批次原料已验证；不因本表存在而自动填充 origin_*。 原文标记：system-level resource。
OMR-9538ED61F5,摆榔彝族布朗族乡,,township,高黎贡山保护区野生茶资源层/施甸县,高黎贡山保护区野生茶资源层/施甸县/摆榔彝族布朗族乡,保山市｜全量层级,2452,需人工确认,HIERARCHY_ONLY,unassessed,yes,no,no,,00_Inbox/生普产区微产区层级_origin_microregion_全量版_v5_2026-08-17.md:2452,层级工作表节点；不等于购买批次原料已验证；不因本表存在而自动填充 origin_*。
OMR-F7BE8ABC11,尖山村,,natural_village,高黎贡山保护区野生茶资源层/施甸县/摆榔彝族布朗族乡,高黎贡山保护区野生茶资源层/施甸县/摆榔彝族布朗族乡/尖山村,保山市｜全量层级,2453,需人工确认,HOLD,false,yes,no,no,raw_status_hint,00_Inbox/生普产区微产区层级_origin_microregion_全量版_v5_2026-08-17.md:2453,层级工作表节点；不等于购买批次原料已验证；不因本表存在而自动填充 origin_*。 原文标记：CORE / HOLD_PROCESSING。
OMR-3CF6F3F6B7,大中村,,natural_village,高黎贡山保护区野生茶资源层/施甸县/摆榔彝族布朗族乡,高黎贡山保护区野生茶资源层/施甸县/摆榔彝族布朗族乡/大中村,保山市｜全量层级,2454,需人工确认,HIERARCHY_ONLY,unassessed,yes,no,no,raw_status_hint,00_Inbox/生普产区微产区层级_origin_microregion_全量版_v5_2026-08-17.md:2454,层级工作表节点；不等于购买批次原料已验证；不因本表存在而自动填充 origin_*。 原文标记：HISTORICAL PROCESSING CASE。
OMR-AA2B65FC0D,酒房乡,,township,高黎贡山保护区野生茶资源层/施甸县,高黎贡山保护区野生茶资源层/施甸县/酒房乡,保山市｜全量层级,2455,需人工确认,HIERARCHY_ONLY,unassessed,yes,no,no,,00_Inbox/生普产区微产区层级_origin_microregion_全量版_v5_2026-08-17.md:2455,层级工作表节点；不等于购买批次原料已验证；不因本表存在而自动填充 origin_*。
OMR-FC0D8AFA04,酒房村,,natural_village,高黎贡山保护区野生茶资源层/施甸县/酒房乡,高黎贡山保护区野生茶资源层/施甸县/酒房乡/酒房村,保山市｜全量层级,2456,需人工确认,HIERARCHY_ONLY,unassessed,yes,yes,no,,00_Inbox/生普产区微产区层级_origin_microregion_全量版_v5_2026-08-17.md:2456,层级工作表节点；不等于购买批次原料已验证；不因本表存在而自动填充 origin_*。
OMR-08CDAFDAC2,昌美农业 / 亮山号体系,,mountain,高黎贡山保护区野生茶资源层/施甸县/酒房乡/酒房村,高黎贡山保护区野生茶资源层/施甸县/酒房乡/酒房村/昌美农业 / 亮山号体系,保山市｜全量层级,2457,需人工确认,HOLD,false,yes,no,no,compound_or_alias_name|raw_status_hint,00_Inbox/生普产区微产区层级_origin_microregion_全量版_v5_2026-08-17.md:2457,层级工作表节点；不等于购买批次原料已验证；不因本表存在而自动填充 origin_*。 原文标记：LEVEL1 YES / LEVEL2 HOLD。
OMR-7AF7C6CEBF,旧城乡,,township,高黎贡山保护区野生茶资源层/施甸县,高黎贡山保护区野生茶资源层/施甸县/旧城乡,保山市｜全量层级,2458,需人工确认,HIERARCHY_ONLY,unassessed,yes,no,no,,00_Inbox/生普产区微产区层级_origin_microregion_全量版_v5_2026-08-17.md:2458,层级工作表节点；不等于购买批次原料已验证；不因本表存在而自动填充 origin_*。
OMR-08D40DCD57,芭蕉林村,,natural_village,高黎贡山保护区野生茶资源层/施甸县/旧城乡,高黎贡山保护区野生茶资源层/施甸县/旧城乡/芭蕉林村,保山市｜全量层级,2459,需人工确认,HIERARCHY_ONLY,unassessed,yes,no,no,,00_Inbox/生普产区微产区层级_origin_microregion_全量版_v5_2026-08-17.md:2459,层级工作表节点；不等于购买批次原料已验证；不因本表存在而自动填充 origin_*。
OMR-B992E159A6,和尚田古茶园,,microplot,高黎贡山保护区野生茶资源层/施甸县/旧城乡/芭蕉林村,高黎贡山保护区野生茶资源层/施甸县/旧城乡/芭蕉林村/和尚田古茶园,保山市｜全量层级,2460,需人工确认,HOLD,false,no,no,no,raw_status_hint,00_Inbox/生普产区微产区层级_origin_microregion_全量版_v5_2026-08-17.md:2460,层级工作表节点；不等于购买批次原料已验证；不因本表存在而自动填充 origin_*。 原文标记：RESOURCE HOLD。
OMR-1CCEF2F316,文山壮族苗族自治州,,prefecture_city,云南省,云南省/文山壮族苗族自治州,文山州｜麻栗坡主树 + 边缘节点,2477,需人工确认,HIERARCHY_ONLY,unassessed,no,no,no,,00_Inbox/生普产区微产区层级_origin_microregion_全量版_v5_2026-08-17.md:2477,层级工作表节点；不等于购买批次原料已验证；不因本表存在而自动填充 origin_*。
OMR-E38ACCA390,麻栗坡县,,county,云南省/文山壮族苗族自治州,云南省/文山壮族苗族自治州/麻栗坡县,文山州｜麻栗坡主树 + 边缘节点,2479,需人工确认,HIERARCHY_ONLY,unassessed,no,no,no,,00_Inbox/生普产区微产区层级_origin_microregion_全量版_v5_2026-08-17.md:2479,层级工作表节点；不等于购买批次原料已验证；不因本表存在而自动填充 origin_*。
OMR-9218FA4300,猛硐瑶族乡,,township,云南省/文山壮族苗族自治州/麻栗坡县,云南省/文山壮族苗族自治州/麻栗坡县/猛硐瑶族乡,文山州｜麻栗坡主树 + 边缘节点,2481,需人工确认,HIERARCHY_ONLY,unassessed,yes,no,no,raw_status_hint,00_Inbox/生普产区微产区层级_origin_microregion_全量版_v5_2026-08-17.md:2481,层级工作表节点；不等于购买批次原料已验证；不因本表存在而自动填充 origin_*。 原文标记：MAIN PUER TERROIR RESEARCH。
OMR-4DB15B71C3,坝子村委会,,administrative_village,云南省/文山壮族苗族自治州/麻栗坡县/猛硐瑶族乡,云南省/文山壮族苗族自治州/麻栗坡县/猛硐瑶族乡/坝子村委会,文山州｜麻栗坡主树 + 边缘节点,2482,需人工确认,HIERARCHY_ONLY,unassessed,yes,no,no,,00_Inbox/生普产区微产区层级_origin_microregion_全量版_v5_2026-08-17.md:2482,层级工作表节点；不等于购买批次原料已验证；不因本表存在而自动填充 origin_*。
OMR-86DF9C8518,大塘村小组,,village_group,云南省/文山壮族苗族自治州/麻栗坡县/猛硐瑶族乡/坝子村委会,云南省/文山壮族苗族自治州/麻栗坡县/猛硐瑶族乡/坝子村委会/大塘村小组,文山州｜麻栗坡主树 + 边缘节点,2483,需人工确认,HIERARCHY_ONLY,unassessed,yes,no,no,,00_Inbox/生普产区微产区层级_origin_microregion_全量版_v5_2026-08-17.md:2483,层级工作表节点；不等于购买批次原料已验证；不因本表存在而自动填充 origin_*。
OMR-2C2C91B92F,上垮土 / 垮土相关聚落,,待人工判定,云南省/文山壮族苗族自治州/麻栗坡县/猛硐瑶族乡/坝子村委会,云南省/文山壮族苗族自治州/麻栗坡县/猛硐瑶族乡/坝子村委会/上垮土 / 垮土相关聚落,文山州｜麻栗坡主树 + 边缘节点,2484,需人工确认,HIERARCHY_ONLY,unassessed,yes,no,no,compound_or_alias_name,00_Inbox/生普产区微产区层级_origin_microregion_全量版_v5_2026-08-17.md:2484,层级工作表节点；不等于购买批次原料已验证；不因本表存在而自动填充 origin_*。
OMR-8E971B7C23,下垮土村小组,,village_group,云南省/文山壮族苗族自治州/麻栗坡县/猛硐瑶族乡/坝子村委会,云南省/文山壮族苗族自治州/麻栗坡县/猛硐瑶族乡/坝子村委会/下垮土村小组,文山州｜麻栗坡主树 + 边缘节点,2485,需人工确认,HIERARCHY_ONLY,unassessed,yes,no,no,,00_Inbox/生普产区微产区层级_origin_microregion_全量版_v5_2026-08-17.md:2485,层级工作表节点；不等于购买批次原料已验证；不因本表存在而自动填充 origin_*。
OMR-3E7EE46831,老南坪村小组,,village_group,云南省/文山壮族苗族自治州/麻栗坡县/猛硐瑶族乡/坝子村委会,云南省/文山壮族苗族自治州/麻栗坡县/猛硐瑶族乡/坝子村委会/老南坪村小组,文山州｜麻栗坡主树 + 边缘节点,2486,需人工确认,HIERARCHY_ONLY,unassessed,yes,no,no,,00_Inbox/生普产区微产区层级_origin_microregion_全量版_v5_2026-08-17.md:2486,层级工作表节点；不等于购买批次原料已验证；不因本表存在而自动填充 origin_*。
OMR-6FFA5CAE73,茶坪山古树茶园,,microplot,云南省/文山壮族苗族自治州/麻栗坡县/猛硐瑶族乡/坝子村委会/老南坪村小组,云南省/文山壮族苗族自治州/麻栗坡县/猛硐瑶族乡/坝子村委会/老南坪村小组/茶坪山古树茶园,文山州｜麻栗坡主树 + 边缘节点,2487,需人工确认,HOLD,false,yes,no,no,raw_status_hint,00_Inbox/生普产区微产区层级_origin_microregion_全量版_v5_2026-08-17.md:2487,层级工作表节点；不等于购买批次原料已验证；不因本表存在而自动填充 origin_*。 原文标记：P0 / HOLD_FOR_SHENG_SAMPLE。
OMR-E357D480B0,新南坪大山？,,mountain,云南省/文山壮族苗族自治州/麻栗坡县/猛硐瑶族乡/坝子村委会/老南坪村小组/茶坪山古树茶园,云南省/文山壮族苗族自治州/麻栗坡县/猛硐瑶族乡/坝子村委会/老南坪村小组/茶坪山古树茶园/新南坪大山？,文山州｜麻栗坡主树 + 边缘节点,2488,需人工确认,HIERARCHY_ONLY,unassessed,no,no,no,name_unresolved|raw_status_hint,00_Inbox/生普产区微产区层级_origin_microregion_全量版_v5_2026-08-17.md:2488,层级工作表节点；不等于购买批次原料已验证；不因本表存在而自动填充 origin_*。 原文标记：historical subarea candidate。
OMR-7F7FE4262C,铜塔村委会,,administrative_village,云南省/文山壮族苗族自治州/麻栗坡县/猛硐瑶族乡,云南省/文山壮族苗族自治州/麻栗坡县/猛硐瑶族乡/铜塔村委会,文山州｜麻栗坡主树 + 边缘节点,2489,需人工确认,HIERARCHY_ONLY,unassessed,yes,no,no,,00_Inbox/生普产区微产区层级_origin_microregion_全量版_v5_2026-08-17.md:2489,层级工作表节点；不等于购买批次原料已验证；不因本表存在而自动填充 origin_*。
OMR-6D42E190ED,戈主上寨,,natural_village,云南省/文山壮族苗族自治州/麻栗坡县/猛硐瑶族乡/铜塔村委会,云南省/文山壮族苗族自治州/麻栗坡县/猛硐瑶族乡/铜塔村委会/戈主上寨,文山州｜麻栗坡主树 + 边缘节点,2490,需人工确认,HIERARCHY_ONLY,unassessed,yes,no,no,,00_Inbox/生普产区微产区层级_origin_microregion_全量版_v5_2026-08-17.md:2490,层级工作表节点；不等于购买批次原料已验证；不因本表存在而自动填充 origin_*。
OMR-DB0DABDEF7,龙竹山古茶园,,microplot,云南省/文山壮族苗族自治州/麻栗坡县/猛硐瑶族乡/铜塔村委会/戈主上寨,云南省/文山壮族苗族自治州/麻栗坡县/猛硐瑶族乡/铜塔村委会/戈主上寨/龙竹山古茶园,文山州｜麻栗坡主树 + 边缘节点,2491,需人工确认,HIERARCHY_ONLY,unassessed,yes,no,no,same_name_multiple_paths|raw_status_hint,00_Inbox/生普产区微产区层级_origin_microregion_全量版_v5_2026-08-17.md:2491,层级工作表节点；不等于购买批次原料已验证；不因本表存在而自动填充 origin_*。 原文标记：P1。
OMR-EDB29F341C,鸯鸡蓬古茶区,,county,云南省/文山壮族苗族自治州/麻栗坡县/猛硐瑶族乡,云南省/文山壮族苗族自治州/麻栗坡县/猛硐瑶族乡/鸯鸡蓬古茶区,文山州｜麻栗坡主树 + 边缘节点,2492,需人工确认,HIERARCHY_ONLY,unassessed,yes,no,no,raw_status_hint,00_Inbox/生普产区微产区层级_origin_microregion_全量版_v5_2026-08-17.md:2492,层级工作表节点；不等于购买批次原料已验证；不因本表存在而自动填充 origin_*。 原文标记：P1。
OMR-F3101CC008,马嘿村,,natural_village,云南省/文山壮族苗族自治州/麻栗坡县/猛硐瑶族乡,云南省/文山壮族苗族自治州/麻栗坡县/猛硐瑶族乡/马嘿村,文山州｜麻栗坡主树 + 边缘节点,2493,需人工确认,HIERARCHY_ONLY,unassessed,yes,no,no,raw_status_hint,00_Inbox/生普产区微产区层级_origin_microregion_全量版_v5_2026-08-17.md:2493,层级工作表节点；不等于购买批次原料已验证；不因本表存在而自动填充 origin_*。 原文标记：P1 discovery。
OMR-810DE73B61,老陶坪村,,natural_village,云南省/文山壮族苗族自治州/麻栗坡县/猛硐瑶族乡,云南省/文山壮族苗族自治州/麻栗坡县/猛硐瑶族乡/老陶坪村,文山州｜麻栗坡主树 + 边缘节点,2494,需人工确认,HIERARCHY_ONLY,unassessed,yes,no,no,raw_status_hint,00_Inbox/生普产区微产区层级_origin_microregion_全量版_v5_2026-08-17.md:2494,层级工作表节点；不等于购买批次原料已验证；不因本表存在而自动填充 origin_*。 原文标记：historical tea core。
OMR-1E405308F1,董干镇,,township,云南省/文山壮族苗族自治州/麻栗坡县,云南省/文山壮族苗族自治州/麻栗坡县/董干镇,文山州｜麻栗坡主树 + 边缘节点,2496,需人工确认,HOLD,false,yes,no,no,raw_status_hint,00_Inbox/生普产区微产区层级_origin_microregion_全量版_v5_2026-08-17.md:2496,层级工作表节点；不等于购买批次原料已验证；不因本表存在而自动填充 origin_*。 原文标记：GI + ancient resource / HOLD。
OMR-9FBBD232D7,杨万乡,,township,云南省/文山壮族苗族自治州/麻栗坡县,云南省/文山壮族苗族自治州/麻栗坡县/杨万乡,文山州｜麻栗坡主树 + 边缘节点,2497,需人工确认,HIERARCHY_ONLY,unassessed,yes,no,no,,00_Inbox/生普产区微产区层级_origin_microregion_全量版_v5_2026-08-17.md:2497,层级工作表节点；不等于购买批次原料已验证；不因本表存在而自动填充 origin_*。
OMR-88ED7BF815,长田村,,natural_village,云南省/文山壮族苗族自治州/麻栗坡县/杨万乡,云南省/文山壮族苗族自治州/麻栗坡县/杨万乡/长田村,文山州｜麻栗坡主树 + 边缘节点,2498,需人工确认,HIERARCHY_ONLY,unassessed,no,no,no,,00_Inbox/生普产区微产区层级_origin_microregion_全量版_v5_2026-08-17.md:2498,层级工作表节点；不等于购买批次原料已验证；不因本表存在而自动填充 origin_*。
OMR-DF3DBF1E68,者阴山茶区,,county,云南省/文山壮族苗族自治州/麻栗坡县/杨万乡/长田村,云南省/文山壮族苗族自治州/麻栗坡县/杨万乡/长田村/者阴山茶区,文山州｜麻栗坡主树 + 边缘节点,2499,需人工确认,HIERARCHY_ONLY,unassessed,no,no,no,raw_status_hint,00_Inbox/生普产区微产区层级_origin_microregion_全量版_v5_2026-08-17.md:2499,层级工作表节点；不等于购买批次原料已验证；不因本表存在而自动填充 origin_*。 原文标记：MODERN 1990s / EXCLUDE ancient。
OMR-138E482DF8,马街乡,,township,云南省/文山壮族苗族自治州/麻栗坡县,云南省/文山壮族苗族自治州/麻栗坡县/马街乡,文山州｜麻栗坡主树 + 边缘节点,2500,需人工确认,HIERARCHY_ONLY,unassessed,yes,no,no,raw_status_hint,00_Inbox/生普产区微产区层级_origin_microregion_全量版_v5_2026-08-17.md:2500,层级工作表节点；不等于购买批次原料已验证；不因本表存在而自动填充 origin_*。 原文标记：GI_ONLY。
OMR-0A8D1B4DCC,天保镇,,township,云南省/文山壮族苗族自治州/麻栗坡县,云南省/文山壮族苗族自治州/麻栗坡县/天保镇,文山州｜麻栗坡主树 + 边缘节点,2502,需人工确认,HIERARCHY_ONLY,unassessed,no,no,no,raw_status_hint,00_Inbox/生普产区微产区层级_origin_microregion_全量版_v5_2026-08-17.md:2502,层级工作表节点；不等于购买批次原料已验证；不因本表存在而自动填充 origin_*。 原文标记：GI_OUT under current basis。
OMR-287EDB6FAC,天保村,,natural_village,云南省/文山壮族苗族自治州/麻栗坡县/天保镇,云南省/文山壮族苗族自治州/麻栗坡县/天保镇/天保村,文山州｜麻栗坡主树 + 边缘节点,2503,需人工确认,HIERARCHY_ONLY,unassessed,yes,no,no,,00_Inbox/生普产区微产区层级_origin_microregion_全量版_v5_2026-08-17.md:2503,层级工作表节点；不等于购买批次原料已验证；不因本表存在而自动填充 origin_*。
OMR-100F8F39FB,谷地坪村小组,,village_group,云南省/文山壮族苗族自治州/麻栗坡县/天保镇/天保村,云南省/文山壮族苗族自治州/麻栗坡县/天保镇/天保村/谷地坪村小组,文山州｜麻栗坡主树 + 边缘节点,2504,需人工确认,HIERARCHY_ONLY,unassessed,no,no,no,raw_status_hint,00_Inbox/生普产区微产区层级_origin_microregion_全量版_v5_2026-08-17.md:2504,层级工作表节点；不等于购买批次原料已验证；不因本表存在而自动填充 origin_*。 原文标记：VERY HIGH AUXILIARY。
OMR-CAC6F16AE5,黄瓜录村,,natural_village,云南省/文山壮族苗族自治州/麻栗坡县/天保镇,云南省/文山壮族苗族自治州/麻栗坡县/天保镇/黄瓜录村,文山州｜麻栗坡主树 + 边缘节点,2505,需人工确认,HIERARCHY_ONLY,unassessed,no,no,no,,00_Inbox/生普产区微产区层级_origin_microregion_全量版_v5_2026-08-17.md:2505,层级工作表节点；不等于购买批次原料已验证；不因本表存在而自动填充 origin_*。
OMR-72EB7E40A7,草果坡,,待人工判定,云南省/文山壮族苗族自治州/麻栗坡县/天保镇/黄瓜录村,云南省/文山壮族苗族自治州/麻栗坡县/天保镇/黄瓜录村/草果坡,文山州｜麻栗坡主树 + 边缘节点,2506,需人工确认,HIERARCHY_ONLY,unassessed,yes,no,no,raw_status_hint,00_Inbox/生普产区微产区层级_origin_microregion_全量版_v5_2026-08-17.md:2506,层级工作表节点；不等于购买批次原料已验证；不因本表存在而自动填充 origin_*。 原文标记：RESOURCE ANCHOR。
OMR-6B5AB58489,下金厂乡,,township,云南省/文山壮族苗族自治州/麻栗坡县,云南省/文山壮族苗族自治州/麻栗坡县/下金厂乡,文山州｜麻栗坡主树 + 边缘节点,2507,需人工确认,HIERARCHY_ONLY,unassessed,no,no,no,,00_Inbox/生普产区微产区层级_origin_microregion_全量版_v5_2026-08-17.md:2507,层级工作表节点；不等于购买批次原料已验证；不因本表存在而自动填充 origin_*。
OMR-21C861D3B2,中寨村,,natural_village,云南省/文山壮族苗族自治州/麻栗坡县/下金厂乡,云南省/文山壮族苗族自治州/麻栗坡县/下金厂乡/中寨村,文山州｜麻栗坡主树 + 边缘节点,2508,需人工确认,HIERARCHY_ONLY,unassessed,no,no,no,,00_Inbox/生普产区微产区层级_origin_microregion_全量版_v5_2026-08-17.md:2508,层级工作表节点；不等于购买批次原料已验证；不因本表存在而自动填充 origin_*。
OMR-CD29425F6E,水沙坝,,待人工判定,云南省/文山壮族苗族自治州/麻栗坡县/下金厂乡/中寨村,云南省/文山壮族苗族自治州/麻栗坡县/下金厂乡/中寨村/水沙坝,文山州｜麻栗坡主树 + 边缘节点,2509,需人工确认,HIERARCHY_ONLY,unassessed,yes,no,no,raw_status_hint,00_Inbox/生普产区微产区层级_origin_microregion_全量版_v5_2026-08-17.md:2509,层级工作表节点；不等于购买批次原料已验证；不因本表存在而自动填充 origin_*。 原文标记：WILD RESOURCE ANCHOR。
OMR-14CE24D4C6,八布,,待人工判定,云南省/文山壮族苗族自治州/麻栗坡县,云南省/文山壮族苗族自治州/麻栗坡县/八布,文山州｜麻栗坡主树 + 边缘节点,2510,需人工确认,HIERARCHY_ONLY,unassessed,no,no,no,raw_status_hint,00_Inbox/生普产区微产区层级_origin_microregion_全量版_v5_2026-08-17.md:2510,层级工作表节点；不等于购买批次原料已验证；不因本表存在而自动填充 origin_*。 原文标记：ANCIENT RESOURCE。
OMR-D1825262C0,大坪,,待人工判定,云南省/文山壮族苗族自治州/麻栗坡县,云南省/文山壮族苗族自治州/麻栗坡县/大坪,文山州｜麻栗坡主树 + 边缘节点,2511,需人工确认,HIERARCHY_ONLY,unassessed,yes,yes,no,raw_status_hint,00_Inbox/生普产区微产区层级_origin_microregion_全量版_v5_2026-08-17.md:2511,层级工作表节点；不等于购买批次原料已验证；不因本表存在而自动填充 origin_*。 原文标记：ANCIENT RESOURCE。
OMR-84C5323ED2,麻栗镇,,township,云南省/文山壮族苗族自治州/麻栗坡县,云南省/文山壮族苗族自治州/麻栗坡县/麻栗镇,文山州｜麻栗坡主树 + 边缘节点,2512,需人工确认,HIERARCHY_ONLY,unassessed,yes,no,no,raw_status_hint,00_Inbox/生普产区微产区层级_origin_microregion_全量版_v5_2026-08-17.md:2512,层级工作表节点；不等于购买批次原料已验证；不因本表存在而自动填充 origin_*。 原文标记：ANCIENT RESOURCE。
OMR-E065EB29AB,马关县,,county,云南省/文山壮族苗族自治州,云南省/文山壮族苗族自治州/马关县,文山州｜麻栗坡主树 + 边缘节点,2514,需人工确认,HIERARCHY_ONLY,unassessed,no,no,no,,00_Inbox/生普产区微产区层级_origin_microregion_全量版_v5_2026-08-17.md:2514,层级工作表节点；不等于购买批次原料已验证；不因本表存在而自动填充 origin_*。
OMR-B7279BD70E,古林箐乡,,township,云南省/文山壮族苗族自治州/马关县,云南省/文山壮族苗族自治州/马关县/古林箐乡,文山州｜麻栗坡主树 + 边缘节点,2515,需人工确认,HIERARCHY_ONLY,unassessed,yes,no,no,raw_status_hint,00_Inbox/生普产区微产区层级_origin_microregion_全量版_v5_2026-08-17.md:2515,层级工作表节点；不等于购买批次原料已验证；不因本表存在而自动填充 origin_*。 原文标记：MATERIAL P0。
OMR-A83CEA6992,Camellia makuanica resource context,,待人工判定,云南省/文山壮族苗族自治州/马关县/古林箐乡,云南省/文山壮族苗族自治州/马关县/古林箐乡/Camellia makuanica resource context,文山州｜麻栗坡主树 + 边缘节点,2516,需人工确认,HIERARCHY_ONLY,unassessed,no,no,no,,00_Inbox/生普产区微产区层级_origin_microregion_全量版_v5_2026-08-17.md:2516,层级工作表节点；不等于购买批次原料已验证；不因本表存在而自动填充 origin_*。
OMR-C4673BC362,广南县,,county,云南省/文山壮族苗族自治州,云南省/文山壮族苗族自治州/广南县,文山州｜麻栗坡主树 + 边缘节点,2518,需人工确认,HIERARCHY_ONLY,unassessed,no,no,no,,00_Inbox/生普产区微产区层级_origin_microregion_全量版_v5_2026-08-17.md:2518,层级工作表节点；不等于购买批次原料已验证；不因本表存在而自动填充 origin_*。
OMR-4348D30C36,底圩乡,,township,云南省/文山壮族苗族自治州/广南县,云南省/文山壮族苗族自治州/广南县/底圩乡,文山州｜麻栗坡主树 + 边缘节点,2519,需人工确认,HIERARCHY_ONLY,unassessed,no,no,no,raw_status_hint,00_Inbox/生普产区微产区层级_origin_microregion_全量版_v5_2026-08-17.md:2519,层级工作表节点；不等于购买批次原料已验证；不因本表存在而自动填充 origin_*。 原文标记：PROCESSING HERITAGE。
OMR-893DBFB5F8,姑娘茶 / 竹筒茶体系,,待人工判定,云南省/文山壮族苗族自治州/广南县/底圩乡,云南省/文山壮族苗族自治州/广南县/底圩乡/姑娘茶 / 竹筒茶体系,文山州｜麻栗坡主树 + 边缘节点,2520,需人工确认,HIERARCHY_ONLY,unassessed,no,no,no,compound_or_alias_name,00_Inbox/生普产区微产区层级_origin_microregion_全量版_v5_2026-08-17.md:2520,层级工作表节点；不等于购买批次原料已验证；不因本表存在而自动填充 origin_*。
OMR-2CD502BD27,西畴县,,county,云南省/文山壮族苗族自治州,云南省/文山壮族苗族自治州/西畴县,文山州｜麻栗坡主树 + 边缘节点,2522,需人工确认,HIERARCHY_ONLY,unassessed,no,no,no,raw_status_hint,00_Inbox/生普产区微产区层级_origin_microregion_全量版_v5_2026-08-17.md:2522,层级工作表节点；不等于购买批次原料已验证；不因本表存在而自动填充 origin_*。 原文标记：QUICK CLOSE / germplasm resource。
OMR-322F6F125A,富宁县,,county,云南省/文山壮族苗族自治州,云南省/文山壮族苗族自治州/富宁县,文山州｜麻栗坡主树 + 边缘节点,2523,需人工确认,HIERARCHY_ONLY,unassessed,no,no,no,raw_status_hint,00_Inbox/生普产区微产区层级_origin_microregion_全量版_v5_2026-08-17.md:2523,层级工作表节点；不等于购买批次原料已验证；不因本表存在而自动填充 origin_*。 原文标记：QUICK CLOSE。
OMR-E35DA1B403,大理白族自治州,,prefecture_city,云南省,云南省/大理白族自治州,大理州｜南涧 + 永平,2545,需人工确认,HIERARCHY_ONLY,unassessed,no,no,no,,00_Inbox/生普产区微产区层级_origin_microregion_全量版_v5_2026-08-17.md:2545,层级工作表节点；不等于购买批次原料已验证；不因本表存在而自动填充 origin_*。
OMR-397F86FC21,南涧彝族自治县,,county,云南省/大理白族自治州,云南省/大理白族自治州/南涧彝族自治县,大理州｜南涧 + 永平,2547,需人工确认,HIERARCHY_ONLY,unassessed,no,no,no,,00_Inbox/生普产区微产区层级_origin_microregion_全量版_v5_2026-08-17.md:2547,层级工作表节点；不等于购买批次原料已验证；不因本表存在而自动填充 origin_*。
OMR-B2C2E66329,碧溪乡,,township,云南省/大理白族自治州/南涧彝族自治县,云南省/大理白族自治州/南涧彝族自治县/碧溪乡,大理州｜南涧 + 永平,2549,需人工确认,HIERARCHY_ONLY,unassessed,yes,no,no,,00_Inbox/生普产区微产区层级_origin_microregion_全量版_v5_2026-08-17.md:2549,层级工作表节点；不等于购买批次原料已验证；不因本表存在而自动填充 origin_*。
OMR-9F2FAF8B6F,回龙山村,,natural_village,云南省/大理白族自治州/南涧彝族自治县/碧溪乡,云南省/大理白族自治州/南涧彝族自治县/碧溪乡/回龙山村,大理州｜南涧 + 永平,2550,需人工确认,HIERARCHY_ONLY,unassessed,yes,no,no,,00_Inbox/生普产区微产区层级_origin_microregion_全量版_v5_2026-08-17.md:2550,层级工作表节点；不等于购买批次原料已验证；不因本表存在而自动填充 origin_*。
OMR-976F7689E1,回龙山古茶体系,,mountain,云南省/大理白族自治州/南涧彝族自治县/碧溪乡/回龙山村,云南省/大理白族自治州/南涧彝族自治县/碧溪乡/回龙山村/回龙山古茶体系,大理州｜南涧 + 永平,2551,需人工确认,HOLD,false,no,no,no,raw_status_hint,00_Inbox/生普产区微产区层级_origin_microregion_全量版_v5_2026-08-17.md:2551,层级工作表节点；不等于购买批次原料已验证；不因本表存在而自动填充 origin_*。 原文标记：P0 / HOLD_BY_MATERIAL。
OMR-BBF22D2119,勐库茶种方向代表树,,待人工判定,云南省/大理白族自治州/南涧彝族自治县/碧溪乡/回龙山村/回龙山古茶体系,云南省/大理白族自治州/南涧彝族自治县/碧溪乡/回龙山村/回龙山古茶体系/勐库茶种方向代表树,大理州｜南涧 + 永平,2552,需人工确认,HIERARCHY_ONLY,unassessed,no,no,no,,00_Inbox/生普产区微产区层级_origin_microregion_全量版_v5_2026-08-17.md:2552,层级工作表节点；不等于购买批次原料已验证；不因本表存在而自动填充 origin_*。
OMR-F2ABE170B0,回龙山1号 / 大理茶方向资料,,mountain,云南省/大理白族自治州/南涧彝族自治县/碧溪乡/回龙山村/回龙山古茶体系,云南省/大理白族自治州/南涧彝族自治县/碧溪乡/回龙山村/回龙山古茶体系/回龙山1号 / 大理茶方向资料,大理州｜南涧 + 永平,2553,需人工确认,HIERARCHY_ONLY,unassessed,no,no,no,compound_or_alias_name,00_Inbox/生普产区微产区层级_origin_microregion_全量版_v5_2026-08-17.md:2553,层级工作表节点；不等于购买批次原料已验证；不因本表存在而自动填充 origin_*。
OMR-E55F4F0788,无量山镇,,township,云南省/大理白族自治州/南涧彝族自治县,云南省/大理白族自治州/南涧彝族自治县/无量山镇,大理州｜南涧 + 永平,2555,需人工确认,HIERARCHY_ONLY,unassessed,yes,no,no,,00_Inbox/生普产区微产区层级_origin_microregion_全量版_v5_2026-08-17.md:2555,层级工作表节点；不等于购买批次原料已验证；不因本表存在而自动填充 origin_*。
OMR-9B14C6A6B9,德安村委会,,administrative_village,云南省/大理白族自治州/南涧彝族自治县/无量山镇,云南省/大理白族自治州/南涧彝族自治县/无量山镇/德安村委会,大理州｜南涧 + 永平,2556,需人工确认,HIERARCHY_ONLY,unassessed,yes,no,no,,00_Inbox/生普产区微产区层级_origin_microregion_全量版_v5_2026-08-17.md:2556,层级工作表节点；不等于购买批次原料已验证；不因本表存在而自动填充 origin_*。
OMR-D43F3B76E8,山花村,,natural_village,云南省/大理白族自治州/南涧彝族自治县/无量山镇/德安村委会,云南省/大理白族自治州/南涧彝族自治县/无量山镇/德安村委会/山花村,大理州｜南涧 + 永平,2557,需人工确认,HOLD,false,yes,yes,no,raw_status_hint,00_Inbox/生普产区微产区层级_origin_microregion_全量版_v5_2026-08-17.md:2557,层级工作表节点；不等于购买批次原料已验证；不因本表存在而自动填充 origin_*。 原文标记：P0 / HOLD_PROCESSING。
OMR-F4D6F1898E,保平村委会,,administrative_village,云南省/大理白族自治州/南涧彝族自治县/无量山镇,云南省/大理白族自治州/南涧彝族自治县/无量山镇/保平村委会,大理州｜南涧 + 永平,2558,需人工确认,HIERARCHY_ONLY,unassessed,yes,no,no,,00_Inbox/生普产区微产区层级_origin_microregion_全量版_v5_2026-08-17.md:2558,层级工作表节点；不等于购买批次原料已验证；不因本表存在而自动填充 origin_*。
OMR-E4854CF5A8,黄草坝村,,natural_village,云南省/大理白族自治州/南涧彝族自治县/无量山镇/保平村委会,云南省/大理白族自治州/南涧彝族自治县/无量山镇/保平村委会/黄草坝村,大理州｜南涧 + 永平,2559,需人工确认,HIERARCHY_ONLY,unassessed,yes,no,no,same_name_multiple_paths,00_Inbox/生普产区微产区层级_origin_microregion_全量版_v5_2026-08-17.md:2559,层级工作表节点；不等于购买批次原料已验证；不因本表存在而自动填充 origin_*。
OMR-43A1AA4172,南涧黄草坝古茶园,,microplot,云南省/大理白族自治州/南涧彝族自治县/无量山镇/保平村委会/黄草坝村,云南省/大理白族自治州/南涧彝族自治县/无量山镇/保平村委会/黄草坝村/南涧黄草坝古茶园,大理州｜南涧 + 永平,2560,需人工确认,HOLD,false,no,no,no,raw_status_hint,00_Inbox/生普产区微产区层级_origin_microregion_全量版_v5_2026-08-17.md:2560,层级工作表节点；不等于购买批次原料已验证；不因本表存在而自动填充 origin_*。 原文标记：P0 / HOLD_SAMPLE。
OMR-FDB8A66E33,公郎镇,,township,云南省/大理白族自治州/南涧彝族自治县,云南省/大理白族自治州/南涧彝族自治县/公郎镇,大理州｜南涧 + 永平,2562,需人工确认,HIERARCHY_ONLY,unassessed,no,no,no,,00_Inbox/生普产区微产区层级_origin_microregion_全量版_v5_2026-08-17.md:2562,层级工作表节点；不等于购买批次原料已验证；不因本表存在而自动填充 origin_*。
OMR-C7D62F480A,大平掌古茶体系？,,待人工判定,云南省/大理白族自治州/南涧彝族自治县/公郎镇,云南省/大理白族自治州/南涧彝族自治县/公郎镇/大平掌古茶体系？,大理州｜南涧 + 永平,2563,需人工确认,HIERARCHY_ONLY,unassessed,no,no,no,name_unresolved|raw_status_hint,00_Inbox/生普产区微产区层级_origin_microregion_全量版_v5_2026-08-17.md:2563,层级工作表节点；不等于购买批次原料已验证；不因本表存在而自动填充 origin_*。 原文标记：P1 / parent unresolved。
OMR-B49110B4D5,宝华镇,,township,云南省/大理白族自治州/南涧彝族自治县,云南省/大理白族自治州/南涧彝族自治县/宝华镇,大理州｜南涧 + 永平,2564,需人工确认,HIERARCHY_ONLY,unassessed,no,no,no,,00_Inbox/生普产区微产区层级_origin_microregion_全量版_v5_2026-08-17.md:2564,层级工作表节点；不等于购买批次原料已验证；不因本表存在而自动填充 origin_*。
OMR-63F3BD313C,杨梅树 / 老卜苴体系,,待人工判定,云南省/大理白族自治州/南涧彝族自治县/宝华镇,云南省/大理白族自治州/南涧彝族自治县/宝华镇/杨梅树 / 老卜苴体系,大理州｜南涧 + 永平,2565,需人工确认,HIERARCHY_ONLY,unassessed,no,no,no,compound_or_alias_name|raw_status_hint,00_Inbox/生普产区微产区层级_origin_microregion_全量版_v5_2026-08-17.md:2565,层级工作表节点；不等于购买批次原料已验证；不因本表存在而自动填充 origin_*。 原文标记：P1 / relation unresolved。
OMR-606A4BA228,无量山藏茶谷,,mountain,云南省/大理白族自治州/南涧彝族自治县,云南省/大理白族自治州/南涧彝族自治县/无量山藏茶谷,大理州｜南涧 + 永平,2567,需人工确认,HIERARCHY_ONLY,unassessed,yes,yes,no,raw_status_hint,00_Inbox/生普产区微产区层级_origin_microregion_全量版_v5_2026-08-17.md:2567,层级工作表节点；不等于购买批次原料已验证；不因本表存在而自动填充 origin_*。 原文标记：INDUSTRY_PARENT / NO COORDINATE。
OMR-0CB3EE44DE,无量山樱花谷,,mountain,云南省/大理白族自治州/南涧彝族自治县,云南省/大理白族自治州/南涧彝族自治县/无量山樱花谷,大理州｜南涧 + 永平,2568,需人工确认,HIERARCHY_ONLY,unassessed,yes,yes,no,raw_status_hint,00_Inbox/生普产区微产区层级_origin_microregion_全量版_v5_2026-08-17.md:2568,层级工作表节点；不等于购买批次原料已验证；不因本表存在而自动填充 origin_*。 原文标记：TOURISM + MODERN MATERIAL PARENT。
OMR-8B53F7DFDF,永平县,,county,云南省/大理白族自治州,云南省/大理白族自治州/永平县,大理州｜南涧 + 永平,2570,需人工确认,HIERARCHY_ONLY,unassessed,no,no,no,,00_Inbox/生普产区微产区层级_origin_microregion_全量版_v5_2026-08-17.md:2570,层级工作表节点；不等于购买批次原料已验证；不因本表存在而自动填充 origin_*。
OMR-2BC711778F,水泄乡,,township,云南省/大理白族自治州/永平县,云南省/大理白族自治州/永平县/水泄乡,大理州｜南涧 + 永平,2571,需人工确认,HIERARCHY_ONLY,unassessed,yes,yes,no,,00_Inbox/生普产区微产区层级_origin_microregion_全量版_v5_2026-08-17.md:2571,层级工作表节点；不等于购买批次原料已验证；不因本表存在而自动填充 origin_*。
OMR-AEF1981A33,狮子窝村,,natural_village,云南省/大理白族自治州/永平县/水泄乡,云南省/大理白族自治州/永平县/水泄乡/狮子窝村,大理州｜南涧 + 永平,2572,需人工确认,HOLD,false,yes,yes,no,raw_status_hint,00_Inbox/生普产区微产区层级_origin_microregion_全量版_v5_2026-08-17.md:2572,层级工作表节点；不等于购买批次原料已验证；不因本表存在而自动填充 origin_*。 原文标记：P0 / HIGH PRIORITY HOLD。
OMR-E4DE7EADDC,大河沟村民小组,,village_group,云南省/大理白族自治州/永平县/水泄乡/狮子窝村,云南省/大理白族自治州/永平县/水泄乡/狮子窝村/大河沟村民小组,大理州｜南涧 + 永平,2573,需人工确认,HIERARCHY_ONLY,unassessed,no,no,no,raw_status_hint,00_Inbox/生普产区微产区层级_origin_microregion_全量版_v5_2026-08-17.md:2573,层级工作表节点；不等于购买批次原料已验证；不因本表存在而自动填充 origin_*。 原文标记：P0+。
OMR-0040BC37B2,龙门乡,,township,云南省/大理白族自治州/永平县,云南省/大理白族自治州/永平县/龙门乡,大理州｜南涧 + 永平,2574,需人工确认,HIERARCHY_ONLY,unassessed,yes,no,no,,00_Inbox/生普产区微产区层级_origin_microregion_全量版_v5_2026-08-17.md:2574,层级工作表节点；不等于购买批次原料已验证；不因本表存在而自动填充 origin_*。
OMR-CC96922D35,大坪坦村,,natural_village,云南省/大理白族自治州/永平县/龙门乡,云南省/大理白族自治州/永平县/龙门乡/大坪坦村,大理州｜南涧 + 永平,2575,需人工确认,HIERARCHY_ONLY,unassessed,no,no,no,,00_Inbox/生普产区微产区层级_origin_microregion_全量版_v5_2026-08-17.md:2575,层级工作表节点；不等于购买批次原料已验证；不因本表存在而自动填充 origin_*。
OMR-6BCC383708,高山现代茶园,,microplot,云南省/大理白族自治州/永平县/龙门乡/大坪坦村,云南省/大理白族自治州/永平县/龙门乡/大坪坦村/高山现代茶园,大理州｜南涧 + 永平,2576,需人工确认,HIERARCHY_ONLY,unassessed,no,no,no,raw_status_hint,00_Inbox/生普产区微产区层级_origin_microregion_全量版_v5_2026-08-17.md:2576,层级工作表节点；不等于购买批次原料已验证；不因本表存在而自动填充 origin_*。 原文标记：EXCLUDE ancient terroir。
OMR-E4E7A2CEFE,德宏傣族景颇族自治州,,prefecture_city,云南省,云南省/德宏傣族景颇族自治州,德宏州｜六大茶山 / 九大古茶园过滤后主树,2594,需人工确认,HIERARCHY_ONLY,unassessed,no,no,no,,00_Inbox/生普产区微产区层级_origin_microregion_全量版_v5_2026-08-17.md:2594,层级工作表节点；不等于购买批次原料已验证；不因本表存在而自动填充 origin_*。
OMR-909BEFB543,梁河县,,county,云南省/德宏傣族景颇族自治州,云南省/德宏傣族景颇族自治州/梁河县,德宏州｜六大茶山 / 九大古茶园过滤后主树,2596,需人工确认,HIERARCHY_ONLY,unassessed,no,no,no,,00_Inbox/生普产区微产区层级_origin_microregion_全量版_v5_2026-08-17.md:2596,层级工作表节点；不等于购买批次原料已验证；不因本表存在而自动填充 origin_*。
OMR-CDB440254A,芒东镇,,township,云南省/德宏傣族景颇族自治州/梁河县,云南省/德宏傣族景颇族自治州/梁河县/芒东镇,德宏州｜六大茶山 / 九大古茶园过滤后主树,2597,需人工确认,HIERARCHY_ONLY,unassessed,yes,yes,no,,00_Inbox/生普产区微产区层级_origin_microregion_全量版_v5_2026-08-17.md:2597,层级工作表节点；不等于购买批次原料已验证；不因本表存在而自动填充 origin_*。
OMR-55B6CBDDAE,青龙山古茶体系,,mountain,云南省/德宏傣族景颇族自治州/梁河县/芒东镇,云南省/德宏傣族景颇族自治州/梁河县/芒东镇/青龙山古茶体系,德宏州｜六大茶山 / 九大古茶园过滤后主树,2598,需人工确认,HIERARCHY_ONLY,unassessed,yes,no,no,raw_status_hint,00_Inbox/生普产区微产区层级_origin_microregion_全量版_v5_2026-08-17.md:2598,层级工作表节点；不等于购买批次原料已验证；不因本表存在而自动填充 origin_*。 原文标记：P0。
OMR-805B34C732,龙塘,,待人工判定,云南省/德宏傣族景颇族自治州/梁河县/芒东镇/青龙山古茶体系,云南省/德宏傣族景颇族自治州/梁河县/芒东镇/青龙山古茶体系/龙塘,德宏州｜六大茶山 / 九大古茶园过滤后主树,2599,需人工确认,HIERARCHY_ONLY,unassessed,yes,yes,no,,00_Inbox/生普产区微产区层级_origin_microregion_全量版_v5_2026-08-17.md:2599,层级工作表节点；不等于购买批次原料已验证；不因本表存在而自动填充 origin_*。
OMR-93F85A5755,平坝,,待人工判定,云南省/德宏傣族景颇族自治州/梁河县/芒东镇/青龙山古茶体系,云南省/德宏傣族景颇族自治州/梁河县/芒东镇/青龙山古茶体系/平坝,德宏州｜六大茶山 / 九大古茶园过滤后主树,2600,需人工确认,HIERARCHY_ONLY,unassessed,yes,yes,no,,00_Inbox/生普产区微产区层级_origin_microregion_全量版_v5_2026-08-17.md:2600,层级工作表节点；不等于购买批次原料已验证；不因本表存在而自动填充 origin_*。
OMR-469F09376B,陡坡,,待人工判定,云南省/德宏傣族景颇族自治州/梁河县/芒东镇/青龙山古茶体系,云南省/德宏傣族景颇族自治州/梁河县/芒东镇/青龙山古茶体系/陡坡,德宏州｜六大茶山 / 九大古茶园过滤后主树,2601,需人工确认,HIERARCHY_ONLY,unassessed,yes,yes,no,,00_Inbox/生普产区微产区层级_origin_microregion_全量版_v5_2026-08-17.md:2601,层级工作表节点；不等于购买批次原料已验证；不因本表存在而自动填充 origin_*。
OMR-3764051CBE,黑坡,,待人工判定,云南省/德宏傣族景颇族自治州/梁河县/芒东镇/青龙山古茶体系,云南省/德宏傣族景颇族自治州/梁河县/芒东镇/青龙山古茶体系/黑坡,德宏州｜六大茶山 / 九大古茶园过滤后主树,2602,需人工确认,HIERARCHY_ONLY,unassessed,yes,yes,no,,00_Inbox/生普产区微产区层级_origin_microregion_全量版_v5_2026-08-17.md:2602,层级工作表节点；不等于购买批次原料已验证；不因本表存在而自动填充 origin_*。
OMR-776D5B9982,小寨子,,natural_village,云南省/德宏傣族景颇族自治州/梁河县/芒东镇/青龙山古茶体系,云南省/德宏傣族景颇族自治州/梁河县/芒东镇/青龙山古茶体系/小寨子,德宏州｜六大茶山 / 九大古茶园过滤后主树,2603,需人工确认,HIERARCHY_ONLY,unassessed,yes,yes,no,,00_Inbox/生普产区微产区层级_origin_microregion_全量版_v5_2026-08-17.md:2603,层级工作表节点；不等于购买批次原料已验证；不因本表存在而自动填充 origin_*。
OMR-365B221371,清平,,待人工判定,云南省/德宏傣族景颇族自治州/梁河县/芒东镇/青龙山古茶体系,云南省/德宏傣族景颇族自治州/梁河县/芒东镇/青龙山古茶体系/清平,德宏州｜六大茶山 / 九大古茶园过滤后主树,2604,需人工确认,HIERARCHY_ONLY,unassessed,yes,yes,no,,00_Inbox/生普产区微产区层级_origin_microregion_全量版_v5_2026-08-17.md:2604,层级工作表节点；不等于购买批次原料已验证；不因本表存在而自动填充 origin_*。 原文元数据：status=HOLD_BY_MATERIAL_AND_PROCESSING。
OMR-C825E0615A,平山乡,,township,云南省/德宏傣族景颇族自治州/梁河县,云南省/德宏傣族景颇族自治州/梁河县/平山乡,德宏州｜六大茶山 / 九大古茶园过滤后主树,2607,需人工确认,HIERARCHY_ONLY,unassessed,yes,no,no,,00_Inbox/生普产区微产区层级_origin_microregion_全量版_v5_2026-08-17.md:2607,层级工作表节点；不等于购买批次原料已验证；不因本表存在而自动填充 origin_*。
OMR-095244729D,核桃林村,,natural_village,云南省/德宏傣族景颇族自治州/梁河县/平山乡,云南省/德宏傣族景颇族自治州/梁河县/平山乡/核桃林村,德宏州｜六大茶山 / 九大古茶园过滤后主树,2608,需人工确认,HIERARCHY_ONLY,unassessed,yes,no,no,same_name_multiple_paths,00_Inbox/生普产区微产区层级_origin_microregion_全量版_v5_2026-08-17.md:2608,层级工作表节点；不等于购买批次原料已验证；不因本表存在而自动填充 origin_*。
OMR-06905D3689,横梁子古茶园,,microplot,云南省/德宏傣族景颇族自治州/梁河县/平山乡/核桃林村,云南省/德宏傣族景颇族自治州/梁河县/平山乡/核桃林村/横梁子古茶园,德宏州｜六大茶山 / 九大古茶园过滤后主树,2609,需人工确认,HOLD,false,no,no,no,raw_status_hint,00_Inbox/生普产区微产区层级_origin_microregion_全量版_v5_2026-08-17.md:2609,层级工作表节点；不等于购买批次原料已验证；不因本表存在而自动填充 origin_*。 原文标记：P1+ / HOLD_FOR_SHENG_SAMPLE。
OMR-CF0EF3D519,瑞丽市,,prefecture_city,云南省/德宏傣族景颇族自治州,云南省/德宏傣族景颇族自治州/瑞丽市,德宏州｜六大茶山 / 九大古茶园过滤后主树,2611,需人工确认,HIERARCHY_ONLY,unassessed,no,no,no,,00_Inbox/生普产区微产区层级_origin_microregion_全量版_v5_2026-08-17.md:2611,层级工作表节点；不等于购买批次原料已验证；不因本表存在而自动填充 origin_*。
OMR-D5DDE7CA89,弄岛镇,,township,云南省/德宏傣族景颇族自治州/瑞丽市,云南省/德宏傣族景颇族自治州/瑞丽市/弄岛镇,德宏州｜六大茶山 / 九大古茶园过滤后主树,2612,需人工确认,HIERARCHY_ONLY,unassessed,yes,no,no,,00_Inbox/生普产区微产区层级_origin_microregion_全量版_v5_2026-08-17.md:2612,层级工作表节点；不等于购买批次原料已验证；不因本表存在而自动填充 origin_*。
OMR-132074F75E,等嘎村,,natural_village,云南省/德宏傣族景颇族自治州/瑞丽市/弄岛镇,云南省/德宏傣族景颇族自治州/瑞丽市/弄岛镇/等嘎村,德宏州｜六大茶山 / 九大古茶园过滤后主树,2613,需人工确认,HIERARCHY_ONLY,unassessed,yes,no,no,,00_Inbox/生普产区微产区层级_origin_microregion_全量版_v5_2026-08-17.md:2613,层级工作表节点；不等于购买批次原料已验证；不因本表存在而自动填充 origin_*。
OMR-EF2BA6A937,等嘎古茶园,,microplot,云南省/德宏傣族景颇族自治州/瑞丽市/弄岛镇/等嘎村,云南省/德宏傣族景颇族自治州/瑞丽市/弄岛镇/等嘎村/等嘎古茶园,德宏州｜六大茶山 / 九大古茶园过滤后主树,2614,需人工确认,HOLD,false,no,no,no,raw_status_hint,00_Inbox/生普产区微产区层级_origin_microregion_全量版_v5_2026-08-17.md:2614,层级工作表节点；不等于购买批次原料已验证；不因本表存在而自动填充 origin_*。 原文标记：P1+ / HIGH PRIORITY HOLD。
OMR-58BD048834,武甸山,,mountain,云南省/德宏傣族景颇族自治州/瑞丽市,云南省/德宏傣族景颇族自治州/瑞丽市/武甸山,德宏州｜六大茶山 / 九大古茶园过滤后主树,2615,需人工确认,HOLD,false,yes,no,no,raw_status_hint,00_Inbox/生普产区微产区层级_origin_microregion_全量版_v5_2026-08-17.md:2615,层级工作表节点；不等于购买批次原料已验证；不因本表存在而自动填充 origin_*。 原文标记：RESOURCE HOLD。
OMR-058C8B0D43,陇川县,,county,云南省/德宏傣族景颇族自治州,云南省/德宏傣族景颇族自治州/陇川县,德宏州｜六大茶山 / 九大古茶园过滤后主树,2617,需人工确认,HIERARCHY_ONLY,unassessed,no,no,no,,00_Inbox/生普产区微产区层级_origin_microregion_全量版_v5_2026-08-17.md:2617,层级工作表节点；不等于购买批次原料已验证；不因本表存在而自动填充 origin_*。
OMR-759175ED42,王子树茶山,,tea_area,云南省/德宏傣族景颇族自治州/陇川县,云南省/德宏傣族景颇族自治州/陇川县/王子树茶山,德宏州｜六大茶山 / 九大古茶园过滤后主树,2618,需人工确认,HOLD,false,yes,no,no,raw_status_hint,00_Inbox/生普产区微产区层级_origin_microregion_全量版_v5_2026-08-17.md:2618,层级工作表节点；不等于购买批次原料已验证；不因本表存在而自动填充 origin_*。 原文标记：P1 / HOLD_PROCESSING。
OMR-ABC7F39968,护国乡,,township,云南省/德宏傣族景颇族自治州/陇川县,云南省/德宏傣族景颇族自治州/陇川县/护国乡,德宏州｜六大茶山 / 九大古茶园过滤后主树,2619,需人工确认,HIERARCHY_ONLY,unassessed,no,no,no,,00_Inbox/生普产区微产区层级_origin_microregion_全量版_v5_2026-08-17.md:2619,层级工作表节点；不等于购买批次原料已验证；不因本表存在而自动填充 origin_*。
OMR-1E8010B97A,边河村,,natural_village,云南省/德宏傣族景颇族自治州/陇川县/护国乡,云南省/德宏傣族景颇族自治州/陇川县/护国乡/边河村,德宏州｜六大茶山 / 九大古茶园过滤后主树,2620,需人工确认,HIERARCHY_ONLY,unassessed,no,no,no,,00_Inbox/生普产区微产区层级_origin_microregion_全量版_v5_2026-08-17.md:2620,层级工作表节点；不等于购买批次原料已验证；不因本表存在而自动填充 origin_*。
OMR-08E20B1C14,野油坝古茶园,,microplot,云南省/德宏傣族景颇族自治州/陇川县/护国乡/边河村,云南省/德宏傣族景颇族自治州/陇川县/护国乡/边河村/野油坝古茶园,德宏州｜六大茶山 / 九大古茶园过滤后主树,2621,需人工确认,HOLD,false,no,no,no,raw_status_hint,00_Inbox/生普产区微产区层级_origin_microregion_全量版_v5_2026-08-17.md:2621,层级工作表节点；不等于购买批次原料已验证；不因本表存在而自动填充 origin_*。 原文标记：RESOURCE HOLD。
OMR-9465E968DC,芒市,,prefecture_city,云南省/德宏傣族景颇族自治州,云南省/德宏傣族景颇族自治州/芒市,德宏州｜六大茶山 / 九大古茶园过滤后主树,2623,需人工确认,HIERARCHY_ONLY,unassessed,yes,yes,no,,00_Inbox/生普产区微产区层级_origin_microregion_全量版_v5_2026-08-17.md:2623,层级工作表节点；不等于购买批次原料已验证；不因本表存在而自动填充 origin_*。
OMR-028691E40C,中山茶山,,tea_area,云南省/德宏傣族景颇族自治州/芒市,云南省/德宏傣族景颇族自治州/芒市/中山茶山,德宏州｜六大茶山 / 九大古茶园过滤后主树,2624,需人工确认,HOLD,false,no,no,no,raw_status_hint,00_Inbox/生普产区微产区层级_origin_microregion_全量版_v5_2026-08-17.md:2624,层级工作表节点；不等于购买批次原料已验证；不因本表存在而自动填充 origin_*。 原文标记：RESOURCE HOLD。
OMR-ED11EFE486,三角岩古茶园,,microplot,云南省/德宏傣族景颇族自治州/芒市,云南省/德宏傣族景颇族自治州/芒市/三角岩古茶园,德宏州｜六大茶山 / 九大古茶园过滤后主树,2625,需人工确认,HOLD,false,no,no,no,raw_status_hint,00_Inbox/生普产区微产区层级_origin_microregion_全量版_v5_2026-08-17.md:2625,层级工作表节点；不等于购买批次原料已验证；不因本表存在而自动填充 origin_*。 原文标记：RESOURCE HOLD。
OMR-D116E264C5,营盘山古茶园,,microplot,云南省/德宏傣族景颇族自治州/芒市,云南省/德宏傣族景颇族自治州/芒市/营盘山古茶园,德宏州｜六大茶山 / 九大古茶园过滤后主树,2626,需人工确认,HOLD,false,no,no,no,raw_status_hint,00_Inbox/生普产区微产区层级_origin_microregion_全量版_v5_2026-08-17.md:2626,层级工作表节点；不等于购买批次原料已验证；不因本表存在而自动填充 origin_*。 原文标记：RESOURCE HOLD。
OMR-6012148779,官寨古茶园,,microplot,云南省/德宏傣族景颇族自治州/芒市,云南省/德宏傣族景颇族自治州/芒市/官寨古茶园,德宏州｜六大茶山 / 九大古茶园过滤后主树,2627,需人工确认,HOLD,false,no,no,no,raw_status_hint,00_Inbox/生普产区微产区层级_origin_microregion_全量版_v5_2026-08-17.md:2627,层级工作表节点；不等于购买批次原料已验证；不因本表存在而自动填充 origin_*。 原文标记：RESOURCE HOLD。
OMR-B456C167FA,仙人洞古茶园,,microplot,云南省/德宏傣族景颇族自治州/芒市,云南省/德宏傣族景颇族自治州/芒市/仙人洞古茶园,德宏州｜六大茶山 / 九大古茶园过滤后主树,2628,需人工确认,HOLD,false,no,no,no,raw_status_hint,00_Inbox/生普产区微产区层级_origin_microregion_全量版_v5_2026-08-17.md:2628,层级工作表节点；不等于购买批次原料已验证；不因本表存在而自动填充 origin_*。 原文标记：RESOURCE HOLD。
OMR-1A5B7FE862,盈江县,,county,云南省/德宏傣族景颇族自治州,云南省/德宏傣族景颇族自治州/盈江县,德宏州｜六大茶山 / 九大古茶园过滤后主树,2630,需人工确认,HIERARCHY_ONLY,unassessed,no,no,no,,00_Inbox/生普产区微产区层级_origin_microregion_全量版_v5_2026-08-17.md:2630,层级工作表节点；不等于购买批次原料已验证；不因本表存在而自动填充 origin_*。
OMR-4FF7DE3FAE,红山茶山,,tea_area,云南省/德宏傣族景颇族自治州/盈江县,云南省/德宏傣族景颇族自治州/盈江县/红山茶山,德宏州｜六大茶山 / 九大古茶园过滤后主树,2631,需人工确认,HOLD,false,no,no,no,raw_status_hint,00_Inbox/生普产区微产区层级_origin_microregion_全量版_v5_2026-08-17.md:2631,层级工作表节点；不等于购买批次原料已验证；不因本表存在而自动填充 origin_*。 原文标记：RESOURCE / PROCESSING HOLD。
OMR-4AF2C50754,木龙河古茶园,,microplot,云南省/德宏傣族景颇族自治州/盈江县,云南省/德宏傣族景颇族自治州/盈江县/木龙河古茶园,德宏州｜六大茶山 / 九大古茶园过滤后主树,2632,需人工确认,HOLD,false,no,no,no,raw_status_hint,00_Inbox/生普产区微产区层级_origin_microregion_全量版_v5_2026-08-17.md:2632,层级工作表节点；不等于购买批次原料已验证；不因本表存在而自动填充 origin_*。 原文标记：RESOURCE HOLD。
OMR-7BB5F5C74E,神户关古茶园,,microplot,云南省/德宏傣族景颇族自治州/盈江县,云南省/德宏傣族景颇族自治州/盈江县/神户关古茶园,德宏州｜六大茶山 / 九大古茶园过滤后主树,2633,需人工确认,HOLD,false,no,no,no,raw_status_hint,00_Inbox/生普产区微产区层级_origin_microregion_全量版_v5_2026-08-17.md:2633,层级工作表节点；不等于购买批次原料已验证；不因本表存在而自动填充 origin_*。 原文标记：RESOURCE HOLD。
OMR-7FCCE8D51D,楚雄彝族自治州,,prefecture_city,云南省,云南省/楚雄彝族自治州,楚雄州｜targeted nodes,2667,需人工确认,HIERARCHY_ONLY,unassessed,no,no,no,,00_Inbox/生普产区微产区层级_origin_microregion_全量版_v5_2026-08-17.md:2667,层级工作表节点；不等于购买批次原料已验证；不因本表存在而自动填充 origin_*。
OMR-A0093C0E6D,南华县,,county,云南省/楚雄彝族自治州,云南省/楚雄彝族自治州/南华县,楚雄州｜targeted nodes,2669,需人工确认,HIERARCHY_ONLY,unassessed,no,no,no,,00_Inbox/生普产区微产区层级_origin_microregion_全量版_v5_2026-08-17.md:2669,层级工作表节点；不等于购买批次原料已验证；不因本表存在而自动填充 origin_*。
OMR-328D413E70,兔街镇,,township,云南省/楚雄彝族自治州/南华县,云南省/楚雄彝族自治州/南华县/兔街镇,楚雄州｜targeted nodes,2670,需人工确认,HIERARCHY_ONLY,unassessed,no,no,no,,00_Inbox/生普产区微产区层级_origin_microregion_全量版_v5_2026-08-17.md:2670,层级工作表节点；不等于购买批次原料已验证；不因本表存在而自动填充 origin_*。
OMR-DB087A510D,半坡村委会,,administrative_village,云南省/楚雄彝族自治州/南华县/兔街镇,云南省/楚雄彝族自治州/南华县/兔街镇/半坡村委会,楚雄州｜targeted nodes,2671,需人工确认,HIERARCHY_ONLY,unassessed,yes,yes,no,,00_Inbox/生普产区微产区层级_origin_microregion_全量版_v5_2026-08-17.md:2671,层级工作表节点；不等于购买批次原料已验证；不因本表存在而自动填充 origin_*。
OMR-F9FC2D66FC,三家村,,natural_village,云南省/楚雄彝族自治州/南华县/兔街镇/半坡村委会,云南省/楚雄彝族自治州/南华县/兔街镇/半坡村委会/三家村,楚雄州｜targeted nodes,2672,需人工确认,HIERARCHY_ONLY,unassessed,yes,yes,no,same_name_multiple_paths,00_Inbox/生普产区微产区层级_origin_microregion_全量版_v5_2026-08-17.md:2672,层级工作表节点；不等于购买批次原料已验证；不因本表存在而自动填充 origin_*。
OMR-651DF7EABC,如达地古茶山,,tea_area,云南省/楚雄彝族自治州/南华县/兔街镇/半坡村委会/三家村,云南省/楚雄彝族自治州/南华县/兔街镇/半坡村委会/三家村/如达地古茶山,楚雄州｜targeted nodes,2673,需人工确认,HOLD,false,yes,yes,no,raw_status_hint,00_Inbox/生普产区微产区层级_origin_microregion_全量版_v5_2026-08-17.md:2673,层级工作表节点；不等于购买批次原料已验证；不因本表存在而自动填充 origin_*。 原文标记：P0 / HIGH PRIORITY HOLD。
OMR-EAC4EF32A5,兔乐之,,待人工判定,云南省/楚雄彝族自治州/南华县/兔街镇,云南省/楚雄彝族自治州/南华县/兔街镇/兔乐之,楚雄州｜targeted nodes,2674,需人工确认,HIERARCHY_ONLY,unassessed,yes,yes,no,raw_status_hint,00_Inbox/生普产区微产区层级_origin_microregion_全量版_v5_2026-08-17.md:2674,层级工作表节点；不等于购买批次原料已验证；不因本表存在而自动填充 origin_*。 原文标记：REGIONAL PUBLIC BRAND / NO COORDINATE。
OMR-E84A42C7F1,楚雄市,,prefecture_city,云南省/楚雄彝族自治州,云南省/楚雄彝族自治州/楚雄市,楚雄州｜targeted nodes,2676,需人工确认,HIERARCHY_ONLY,unassessed,yes,no,no,,00_Inbox/生普产区微产区层级_origin_microregion_全量版_v5_2026-08-17.md:2676,层级工作表节点；不等于购买批次原料已验证；不因本表存在而自动填充 origin_*。
OMR-B0B8276DA2,西舍路镇,,township,云南省/楚雄彝族自治州/楚雄市,云南省/楚雄彝族自治州/楚雄市/西舍路镇,楚雄州｜targeted nodes,2677,需人工确认,HIERARCHY_ONLY,unassessed,yes,no,no,,00_Inbox/生普产区微产区层级_origin_microregion_全量版_v5_2026-08-17.md:2677,层级工作表节点；不等于购买批次原料已验证；不因本表存在而自动填充 origin_*。
OMR-2D9168371C,达诺村,,natural_village,云南省/楚雄彝族自治州/楚雄市/西舍路镇,云南省/楚雄彝族自治州/楚雄市/西舍路镇/达诺村,楚雄州｜targeted nodes,2678,需人工确认,HIERARCHY_ONLY,unassessed,yes,yes,no,,00_Inbox/生普产区微产区层级_origin_microregion_全量版_v5_2026-08-17.md:2678,层级工作表节点；不等于购买批次原料已验证；不因本表存在而自动填充 origin_*。
OMR-9129BBCF88,脚麦地古茶区 / 初制中心,,tea_area,云南省/楚雄彝族自治州/楚雄市/西舍路镇/达诺村,云南省/楚雄彝族自治州/楚雄市/西舍路镇/达诺村/脚麦地古茶区 / 初制中心,楚雄州｜targeted nodes,2679,需人工确认,HIERARCHY_ONLY,unassessed,yes,no,no,compound_or_alias_name|raw_status_hint,00_Inbox/生普产区微产区层级_origin_microregion_全量版_v5_2026-08-17.md:2679,层级工作表节点；不等于购买批次原料已验证；不因本表存在而自动填充 origin_*。 原文标记：P1。
OMR-A1600614F5,龙岗村委会,,administrative_village,云南省/楚雄彝族自治州/楚雄市/西舍路镇,云南省/楚雄彝族自治州/楚雄市/西舍路镇/龙岗村委会,楚雄州｜targeted nodes,2680,需人工确认,HIERARCHY_ONLY,unassessed,yes,yes,no,,00_Inbox/生普产区微产区层级_origin_microregion_全量版_v5_2026-08-17.md:2680,层级工作表节点；不等于购买批次原料已验证；不因本表存在而自动填充 origin_*。
OMR-3E28BBDEFD,云盘山村,,natural_village,云南省/楚雄彝族自治州/楚雄市/西舍路镇/龙岗村委会,云南省/楚雄彝族自治州/楚雄市/西舍路镇/龙岗村委会/云盘山村,楚雄州｜targeted nodes,2681,需人工确认,HIERARCHY_ONLY,unassessed,yes,no,no,raw_status_hint,00_Inbox/生普产区微产区层级_origin_microregion_全量版_v5_2026-08-17.md:2681,层级工作表节点；不等于购买批次原料已验证；不因本表存在而自动填充 origin_*。 原文标记：P1。
OMR-763237806D,双柏县,,county,云南省/楚雄彝族自治州,云南省/楚雄彝族自治州/双柏县,楚雄州｜targeted nodes,2683,需人工确认,HIERARCHY_ONLY,unassessed,no,no,no,,00_Inbox/生普产区微产区层级_origin_microregion_全量版_v5_2026-08-17.md:2683,层级工作表节点；不等于购买批次原料已验证；不因本表存在而自动填充 origin_*。
OMR-046C7FE0D4,鄂嘉镇,,township,云南省/楚雄彝族自治州/双柏县,云南省/楚雄彝族自治州/双柏县/鄂嘉镇,楚雄州｜targeted nodes,2684,需人工确认,HIERARCHY_ONLY,unassessed,no,no,no,,00_Inbox/生普产区微产区层级_origin_microregion_全量版_v5_2026-08-17.md:2684,层级工作表节点；不等于购买批次原料已验证；不因本表存在而自动填充 origin_*。
OMR-612836ADE4,老厂村,,natural_village,云南省/楚雄彝族自治州/双柏县/鄂嘉镇,云南省/楚雄彝族自治州/双柏县/鄂嘉镇/老厂村,楚雄州｜targeted nodes,2685,需人工确认,HIERARCHY_ONLY,unassessed,yes,yes,no,raw_status_hint,00_Inbox/生普产区微产区层级_origin_microregion_全量版_v5_2026-08-17.md:2685,层级工作表节点；不等于购买批次原料已验证；不因本表存在而自动填充 origin_*。 原文标记：MATERIAL P0。
OMR-5F28FA99AD,小茶树组,,village_group,云南省/楚雄彝族自治州/双柏县/鄂嘉镇/老厂村,云南省/楚雄彝族自治州/双柏县/鄂嘉镇/老厂村/小茶树组,楚雄州｜targeted nodes,2686,需人工确认,HIERARCHY_ONLY,unassessed,no,no,no,raw_status_hint,00_Inbox/生普产区微产区层级_origin_microregion_全量版_v5_2026-08-17.md:2686,层级工作表节点；不等于购买批次原料已验证；不因本表存在而自动填充 origin_*。 原文标记：大理茶方向。
OMR-8D9A4BFB9E,梁子组,,village_group,云南省/楚雄彝族自治州/双柏县/鄂嘉镇/老厂村,云南省/楚雄彝族自治州/双柏县/鄂嘉镇/老厂村/梁子组,楚雄州｜targeted nodes,2687,需人工确认,HIERARCHY_ONLY,unassessed,yes,no,no,same_name_multiple_paths|raw_status_hint,00_Inbox/生普产区微产区层级_origin_microregion_全量版_v5_2026-08-17.md:2687,层级工作表节点；不等于购买批次原料已验证；不因本表存在而自动填充 origin_*。 原文标记：栽培型地方茶。
OMR-4368B0E2C0,周边其他材料节点,,待人工判定,云南省/楚雄彝族自治州/双柏县/鄂嘉镇/老厂村,云南省/楚雄彝族自治州/双柏县/鄂嘉镇/老厂村/周边其他材料节点,楚雄州｜targeted nodes,2688,需人工确认,HIERARCHY_ONLY,unassessed,no,no,no,,00_Inbox/生普产区微产区层级_origin_microregion_全量版_v5_2026-08-17.md:2688,层级工作表节点；不等于购买批次原料已验证；不因本表存在而自动填充 origin_*。
OMR-D103336B84,红河哈尼族彝族自治州,,prefecture_city,云南省,云南省/红河哈尼族彝族自治州,红河州｜quick first-pass nodes,2703,需人工确认,HIERARCHY_ONLY,unassessed,no,no,no,,00_Inbox/生普产区微产区层级_origin_microregion_全量版_v5_2026-08-17.md:2703,层级工作表节点；不等于购买批次原料已验证；不因本表存在而自动填充 origin_*。
OMR-7750BF03D1,金平县,,county,云南省/红河哈尼族彝族自治州,云南省/红河哈尼族彝族自治州/金平县,红河州｜quick first-pass nodes,2705,需人工确认,HIERARCHY_ONLY,unassessed,no,no,no,,00_Inbox/生普产区微产区层级_origin_microregion_全量版_v5_2026-08-17.md:2705,层级工作表节点；不等于购买批次原料已验证；不因本表存在而自动填充 origin_*。
OMR-B1FC3F2A88,马鞍底乡,,township,云南省/红河哈尼族彝族自治州/金平县,云南省/红河哈尼族彝族自治州/金平县/马鞍底乡,红河州｜quick first-pass nodes,2706,需人工确认,HIERARCHY_ONLY,unassessed,no,yes,no,,00_Inbox/生普产区微产区层级_origin_microregion_全量版_v5_2026-08-17.md:2706,层级工作表节点；不等于购买批次原料已验证；不因本表存在而自动填充 origin_*。
OMR-17A288D1B1,地西北村,,natural_village,云南省/红河哈尼族彝族自治州/金平县/马鞍底乡,云南省/红河哈尼族彝族自治州/金平县/马鞍底乡/地西北村,红河州｜quick first-pass nodes,2707,需人工确认,HOLD,false,yes,yes,no,raw_status_hint,00_Inbox/生普产区微产区层级_origin_microregion_全量版_v5_2026-08-17.md:2707,层级工作表节点；不等于购买批次原料已验证；不因本表存在而自动填充 origin_*。 原文标记：P0 / HOLD_PROCESSING。
OMR-F1301C4522,天生桥,,待人工判定,云南省/红河哈尼族彝族自治州/金平县/马鞍底乡/地西北村,云南省/红河哈尼族彝族自治州/金平县/马鞍底乡/地西北村/天生桥,红河州｜quick first-pass nodes,2708,需人工确认,HIERARCHY_ONLY,unassessed,yes,yes,no,,00_Inbox/生普产区微产区层级_origin_microregion_全量版_v5_2026-08-17.md:2708,层级工作表节点；不等于购买批次原料已验证；不因本表存在而自动填充 origin_*。
OMR-2B0D1B9E72,石头寨,,natural_village,云南省/红河哈尼族彝族自治州/金平县/马鞍底乡/地西北村,云南省/红河哈尼族彝族自治州/金平县/马鞍底乡/地西北村/石头寨,红河州｜quick first-pass nodes,2709,需人工确认,HIERARCHY_ONLY,unassessed,yes,yes,no,same_name_multiple_paths,00_Inbox/生普产区微产区层级_origin_microregion_全量版_v5_2026-08-17.md:2709,层级工作表节点；不等于购买批次原料已验证；不因本表存在而自动填充 origin_*。
OMR-26F119DC60,鸡窝寨,,natural_village,云南省/红河哈尼族彝族自治州/金平县/马鞍底乡/地西北村,云南省/红河哈尼族彝族自治州/金平县/马鞍底乡/地西北村/鸡窝寨,红河州｜quick first-pass nodes,2710,需人工确认,HIERARCHY_ONLY,unassessed,yes,yes,no,,00_Inbox/生普产区微产区层级_origin_microregion_全量版_v5_2026-08-17.md:2710,层级工作表节点；不等于购买批次原料已验证；不因本表存在而自动填充 origin_*。
OMR-175BF08423,八底寨,,natural_village,云南省/红河哈尼族彝族自治州/金平县/马鞍底乡/地西北村,云南省/红河哈尼族彝族自治州/金平县/马鞍底乡/地西北村/八底寨,红河州｜quick first-pass nodes,2711,需人工确认,HIERARCHY_ONLY,unassessed,yes,yes,no,,00_Inbox/生普产区微产区层级_origin_microregion_全量版_v5_2026-08-17.md:2711,层级工作表节点；不等于购买批次原料已验证；不因本表存在而自动填充 origin_*。
OMR-8BA6EFF248,元阳县,,county,云南省/红河哈尼族彝族自治州,云南省/红河哈尼族彝族自治州/元阳县,红河州｜quick first-pass nodes,2713,需人工确认,HIERARCHY_ONLY,unassessed,yes,yes,no,,00_Inbox/生普产区微产区层级_origin_microregion_全量版_v5_2026-08-17.md:2713,层级工作表节点；不等于购买批次原料已验证；不因本表存在而自动填充 origin_*。
OMR-3575E00470,小新街乡,,township,云南省/红河哈尼族彝族自治州/元阳县,云南省/红河哈尼族彝族自治州/元阳县/小新街乡,红河州｜quick first-pass nodes,2714,需人工确认,HIERARCHY_ONLY,unassessed,no,no,no,,00_Inbox/生普产区微产区层级_origin_microregion_全量版_v5_2026-08-17.md:2714,层级工作表节点；不等于购买批次原料已验证；不因本表存在而自动填充 origin_*。
OMR-B68745F6F1,新鲁沙村,,natural_village,云南省/红河哈尼族彝族自治州/元阳县/小新街乡,云南省/红河哈尼族彝族自治州/元阳县/小新街乡/新鲁沙村,红河州｜quick first-pass nodes,2715,需人工确认,HOLD,false,no,no,no,raw_status_hint,00_Inbox/生普产区微产区层级_origin_microregion_全量版_v5_2026-08-17.md:2715,层级工作表节点；不等于购买批次原料已验证；不因本表存在而自动填充 origin_*。 原文标记：P1 / HIGH PRIORITY HOLD。
OMR-D249C54AFB,红河县,,county,云南省/红河哈尼族彝族自治州,云南省/红河哈尼族彝族自治州/红河县,红河州｜quick first-pass nodes,2717,需人工确认,HIERARCHY_ONLY,unassessed,yes,yes,no,,00_Inbox/生普产区微产区层级_origin_microregion_全量版_v5_2026-08-17.md:2717,层级工作表节点；不等于购买批次原料已验证；不因本表存在而自动填充 origin_*。
OMR-EB262073FD,三村乡,,township,云南省/红河哈尼族彝族自治州/红河县,云南省/红河哈尼族彝族自治州/红河县/三村乡,红河州｜quick first-pass nodes,2718,需人工确认,HOLD,false,yes,yes,no,raw_status_hint,00_Inbox/生普产区微产区层级_origin_microregion_全量版_v5_2026-08-17.md:2718,层级工作表节点；不等于购买批次原料已验证；不因本表存在而自动填充 origin_*。 原文标记：P1- / HOLD。
OMR-127E6E4DE2,绿春县,,county,云南省/红河哈尼族彝族自治州,云南省/红河哈尼族彝族自治州/绿春县,红河州｜quick first-pass nodes,2720,需人工确认,HIERARCHY_ONLY,unassessed,no,no,no,raw_status_hint,00_Inbox/生普产区微产区层级_origin_microregion_全量版_v5_2026-08-17.md:2720,层级工作表节点；不等于购买批次原料已验证；不因本表存在而自动填充 origin_*。 原文标记：MODERN TEA INDUSTRY / QUICK CLOSE。
OMR-699E97CBC3,玛玉等,,待人工判定,云南省/红河哈尼族彝族自治州/绿春县,云南省/红河哈尼族彝族自治州/绿春县/玛玉等,红河州｜quick first-pass nodes,2721,需人工确认,HIERARCHY_ONLY,unassessed,no,no,no,raw_status_hint,00_Inbox/生普产区微产区层级_origin_microregion_全量版_v5_2026-08-17.md:2721,层级工作表节点；不等于购买批次原料已验证；不因本表存在而自动填充 origin_*。 原文标记：NOT ancient sheng coordinate。
OMR-9A9F712845,玉溪市,,prefecture_city,云南省,云南省/玉溪市,玉溪市｜GI edge 重要漏网节点,2732,需人工确认,HIERARCHY_ONLY,unassessed,no,no,no,,00_Inbox/生普产区微产区层级_origin_microregion_全量版_v5_2026-08-17.md:2732,层级工作表节点；不等于购买批次原料已验证；不因本表存在而自动填充 origin_*。
OMR-63CD38CE19,元江县,,county,云南省/玉溪市,云南省/玉溪市/元江县,玉溪市｜GI edge 重要漏网节点,2734,需人工确认,HIERARCHY_ONLY,unassessed,yes,yes,no,,00_Inbox/生普产区微产区层级_origin_microregion_全量版_v5_2026-08-17.md:2734,层级工作表节点；不等于购买批次原料已验证；不因本表存在而自动填充 origin_*。
OMR-4631E33C4B,那诺乡,,township,云南省/玉溪市/元江县,云南省/玉溪市/元江县/那诺乡,玉溪市｜GI edge 重要漏网节点,2735,需人工确认,HIERARCHY_ONLY,unassessed,yes,yes,no,raw_status_hint,00_Inbox/生普产区微产区层级_origin_microregion_全量版_v5_2026-08-17.md:2735,层级工作表节点；不等于购买批次原料已验证；不因本表存在而自动填充 origin_*。 原文标记：GI eligible。
OMR-7BEC22004C,猪街村,,natural_village,云南省/玉溪市/元江县/那诺乡,云南省/玉溪市/元江县/那诺乡/猪街村,玉溪市｜GI edge 重要漏网节点,2736,需人工确认,HOLD,false,yes,yes,no,raw_status_hint,00_Inbox/生普产区微产区层级_origin_microregion_全量版_v5_2026-08-17.md:2736,层级工作表节点；不等于购买批次原料已验证；不因本表存在而自动填充 origin_*。 原文标记：VERY HIGH PRIORITY HOLD。
OMR-FF5F0625EF,二掌,,待人工判定,云南省/玉溪市/元江县/那诺乡/猪街村,云南省/玉溪市/元江县/那诺乡/猪街村/二掌,玉溪市｜GI edge 重要漏网节点,2737,需人工确认,HIERARCHY_ONLY,unassessed,yes,yes,no,,00_Inbox/生普产区微产区层级_origin_microregion_全量版_v5_2026-08-17.md:2737,层级工作表节点；不等于购买批次原料已验证；不因本表存在而自动填充 origin_*。
OMR-28E8109151,水井,,待人工判定,云南省/玉溪市/元江县/那诺乡/猪街村,云南省/玉溪市/元江县/那诺乡/猪街村/水井,玉溪市｜GI edge 重要漏网节点,2738,需人工确认,HIERARCHY_ONLY,unassessed,yes,yes,no,,00_Inbox/生普产区微产区层级_origin_microregion_全量版_v5_2026-08-17.md:2738,层级工作表节点；不等于购买批次原料已验证；不因本表存在而自动填充 origin_*。
OMR-53A9180B50,营盘,,待人工判定,云南省/玉溪市/元江县/那诺乡/猪街村,云南省/玉溪市/元江县/那诺乡/猪街村/营盘,玉溪市｜GI edge 重要漏网节点,2739,需人工确认,HIERARCHY_ONLY,unassessed,yes,yes,no,same_name_multiple_paths,00_Inbox/生普产区微产区层级_origin_microregion_全量版_v5_2026-08-17.md:2739,层级工作表节点；不等于购买批次原料已验证；不因本表存在而自动填充 origin_*。
OMR-2F8F3A9B4E,其他自然村,,natural_village,云南省/玉溪市/元江县/那诺乡/猪街村,云南省/玉溪市/元江县/那诺乡/猪街村/其他自然村,玉溪市｜GI edge 重要漏网节点,2740,需人工确认,HIERARCHY_ONLY,unassessed,yes,no,no,same_name_multiple_paths,00_Inbox/生普产区微产区层级_origin_microregion_全量版_v5_2026-08-17.md:2740,层级工作表节点；不等于购买批次原料已验证；不因本表存在而自动填充 origin_*。
OMR-2265545130,新平县,,county,云南省/玉溪市,云南省/玉溪市/新平县,玉溪市｜GI edge 重要漏网节点,2742,需人工确认,HIERARCHY_ONLY,unassessed,no,yes,no,,00_Inbox/生普产区微产区层级_origin_microregion_全量版_v5_2026-08-17.md:2742,层级工作表节点；不等于购买批次原料已验证；不因本表存在而自动填充 origin_*。
OMR-19D134A058,者竜乡,,township,云南省/玉溪市/新平县,云南省/玉溪市/新平县/者竜乡,玉溪市｜GI edge 重要漏网节点,2743,需人工确认,HIERARCHY_ONLY,unassessed,yes,yes,no,raw_status_hint,00_Inbox/生普产区微产区层级_origin_microregion_全量版_v5_2026-08-17.md:2743,层级工作表节点；不等于购买批次原料已验证；不因本表存在而自动填充 origin_*。 原文标记：GI eligible。
OMR-A8CC8F2B20,峨毛村,,natural_village,云南省/玉溪市/新平县/者竜乡,云南省/玉溪市/新平县/者竜乡/峨毛村,玉溪市｜GI edge 重要漏网节点,2744,需人工确认,HOLD,false,yes,yes,no,raw_status_hint,00_Inbox/生普产区微产区层级_origin_microregion_全量版_v5_2026-08-17.md:2744,层级工作表节点；不等于购买批次原料已验证；不因本表存在而自动填充 origin_*。 原文标记：VERY HIGH / MATERIAL HOLD。
OMR-E97F76800A,峨毛大叶,,待人工判定,云南省/玉溪市/新平县/者竜乡/峨毛村,云南省/玉溪市/新平县/者竜乡/峨毛村/峨毛大叶,玉溪市｜GI edge 重要漏网节点,2745,需人工确认,HIERARCHY_ONLY,unassessed,yes,yes,no,raw_status_hint,00_Inbox/生普产区微产区层级_origin_microregion_全量版_v5_2026-08-17.md:2745,层级工作表节点；不等于购买批次原料已验证；不因本表存在而自动填充 origin_*。 原文标记：local_tea_type。
OMR-CD0EC84B0B,峨毛中叶,,待人工判定,云南省/玉溪市/新平县/者竜乡/峨毛村,云南省/玉溪市/新平县/者竜乡/峨毛村/峨毛中叶,玉溪市｜GI edge 重要漏网节点,2746,需人工确认,HIERARCHY_ONLY,unassessed,yes,yes,no,raw_status_hint,00_Inbox/生普产区微产区层级_origin_microregion_全量版_v5_2026-08-17.md:2746,层级工作表节点；不等于购买批次原料已验证；不因本表存在而自动填充 origin_*。 原文标记：local_tea_type。
OMR-B76FC33385,勐库大叶种方向,,待人工判定,云南省/玉溪市/新平县/者竜乡/峨毛村,云南省/玉溪市/新平县/者竜乡/峨毛村/勐库大叶种方向,玉溪市｜GI edge 重要漏网节点,2747,需人工确认,HIERARCHY_ONLY,unassessed,no,no,no,,00_Inbox/生普产区微产区层级_origin_microregion_全量版_v5_2026-08-17.md:2747,层级工作表节点；不等于购买批次原料已验证；不因本表存在而自动填充 origin_*。
OMR-D5DB9FF354,凤庆大叶种方向,,待人工判定,云南省/玉溪市/新平县/者竜乡/峨毛村,云南省/玉溪市/新平县/者竜乡/峨毛村/凤庆大叶种方向,玉溪市｜GI edge 重要漏网节点,2748,需人工确认,HIERARCHY_ONLY,unassessed,no,no,no,,00_Inbox/生普产区微产区层级_origin_microregion_全量版_v5_2026-08-17.md:2748,层级工作表节点；不等于购买批次原料已验证；不因本表存在而自动填充 origin_*。
OMR-6540B1F64E,平掌乡,,township,云南省/玉溪市/新平县,云南省/玉溪市/新平县/平掌乡,玉溪市｜GI edge 重要漏网节点,2750,需人工确认,HIERARCHY_ONLY,unassessed,no,no,no,raw_status_hint,00_Inbox/生普产区微产区层级_origin_microregion_全量版_v5_2026-08-17.md:2750,层级工作表节点；不等于购买批次原料已验证；不因本表存在而自动填充 origin_*。 原文标记：GI eligible / resource。
OMR-33E3D11985,水塘镇,,township,云南省/玉溪市/新平县,云南省/玉溪市/新平县/水塘镇,玉溪市｜GI edge 重要漏网节点,2752,需人工确认,HIERARCHY_ONLY,unassessed,no,no,no,raw_status_hint,00_Inbox/生普产区微产区层级_origin_microregion_全量版_v5_2026-08-17.md:2752,层级工作表节点；不等于购买批次原料已验证；不因本表存在而自动填充 origin_*。 原文标记：GI OUT under current basis。
OMR-C2F01E7EED,金厂村,,natural_village,云南省/玉溪市/新平县/水塘镇,云南省/玉溪市/新平县/水塘镇/金厂村,玉溪市｜GI edge 重要漏网节点,2753,需人工确认,HIERARCHY_ONLY,unassessed,no,no,no,,00_Inbox/生普产区微产区层级_origin_microregion_全量版_v5_2026-08-17.md:2753,层级工作表节点；不等于购买批次原料已验证；不因本表存在而自动填充 origin_*。
OMR-BF6C53470C,快发寨,,natural_village,云南省/玉溪市/新平县/水塘镇/金厂村,云南省/玉溪市/新平县/水塘镇/金厂村/快发寨,玉溪市｜GI edge 重要漏网节点,2754,需人工确认,HIERARCHY_ONLY,unassessed,yes,yes,no,raw_status_hint,00_Inbox/生普产区微产区层级_origin_microregion_全量版_v5_2026-08-17.md:2754,层级工作表节点；不等于购买批次原料已验证；不因本表存在而自动填充 origin_*。 原文标记：AUXILIARY RESOURCE。
OMR-3BD6D72279,大帽耳山,,mountain,云南省/玉溪市/新平县/水塘镇,云南省/玉溪市/新平县/水塘镇/大帽耳山,玉溪市｜GI edge 重要漏网节点,2755,需人工确认,HIERARCHY_ONLY,unassessed,yes,yes,no,raw_status_hint,00_Inbox/生普产区微产区层级_origin_microregion_全量版_v5_2026-08-17.md:2755,层级工作表节点；不等于购买批次原料已验证；不因本表存在而自动填充 origin_*。 原文标记：AUXILIARY / wild + shaiqing research。
OMR-9F3AE10ADA,元江 / 那诺 / 猪街,,待人工判定,VERY HIGH,VERY HIGH/元江 / 那诺 / 猪街,当前全省高优先级 HOLD 节点｜用于后续真样触发,2862,需人工确认,HIERARCHY_ONLY,unassessed,no,no,no,compound_or_alias_name,00_Inbox/生普产区微产区层级_origin_microregion_全量版_v5_2026-08-17.md:2862,层级工作表节点；不等于购买批次原料已验证；不因本表存在而自动填充 origin_*。
OMR-81C3C103A0,新平 / 者竜 / 峨毛,,待人工判定,VERY HIGH,VERY HIGH/新平 / 者竜 / 峨毛,当前全省高优先级 HOLD 节点｜用于后续真样触发,2863,需人工确认,HIERARCHY_ONLY,unassessed,no,no,no,compound_or_alias_name,00_Inbox/生普产区微产区层级_origin_microregion_全量版_v5_2026-08-17.md:2863,层级工作表节点；不等于购买批次原料已验证；不因本表存在而自动填充 origin_*。
OMR-3CEADA1D15,南华 / 兔街 / 半坡 / 三家村 / 如达地,,natural_village,VERY HIGH,VERY HIGH/南华 / 兔街 / 半坡 / 三家村 / 如达地,当前全省高优先级 HOLD 节点｜用于后续真样触发,2864,需人工确认,HIERARCHY_ONLY,unassessed,no,no,no,compound_or_alias_name,00_Inbox/生普产区微产区层级_origin_microregion_全量版_v5_2026-08-17.md:2864,层级工作表节点；不等于购买批次原料已验证；不因本表存在而自动填充 origin_*。
OMR-383E8DABFF,永平 / 水泄 / 狮子窝 / 大河沟,,待人工判定,VERY HIGH,VERY HIGH/永平 / 水泄 / 狮子窝 / 大河沟,当前全省高优先级 HOLD 节点｜用于后续真样触发,2865,需人工确认,HIERARCHY_ONLY,unassessed,no,no,no,compound_or_alias_name,00_Inbox/生普产区微产区层级_origin_microregion_全量版_v5_2026-08-17.md:2865,层级工作表节点；不等于购买批次原料已验证；不因本表存在而自动填充 origin_*。
OMR-5C5AA76484,龙陵 / 龙新 / 绕廊 / 麦子地,,待人工判定,VERY HIGH,VERY HIGH/龙陵 / 龙新 / 绕廊 / 麦子地,当前全省高优先级 HOLD 节点｜用于后续真样触发,2866,需人工确认,HIERARCHY_ONLY,unassessed,no,no,no,compound_or_alias_name,00_Inbox/生普产区微产区层级_origin_microregion_全量版_v5_2026-08-17.md:2866,层级工作表节点；不等于购买批次原料已验证；不因本表存在而自动填充 origin_*。
OMR-7714B5C0B3,梁河 / 青龙山,,mountain,HIGH,HIGH/梁河 / 青龙山,当前全省高优先级 HOLD 节点｜用于后续真样触发,2869,需人工确认,HIERARCHY_ONLY,unassessed,no,no,no,compound_or_alias_name,00_Inbox/生普产区微产区层级_origin_microregion_全量版_v5_2026-08-17.md:2869,层级工作表节点；不等于购买批次原料已验证；不因本表存在而自动填充 origin_*。
OMR-54FCE3A76C,梁河 / 横梁子,,mountain,HIGH,HIGH/梁河 / 横梁子,当前全省高优先级 HOLD 节点｜用于后续真样触发,2870,需人工确认,HIERARCHY_ONLY,unassessed,no,no,no,compound_or_alias_name,00_Inbox/生普产区微产区层级_origin_microregion_全量版_v5_2026-08-17.md:2870,层级工作表节点；不等于购买批次原料已验证；不因本表存在而自动填充 origin_*。
OMR-9C0621D596,南涧 / 回龙山,,mountain,HIGH,HIGH/南涧 / 回龙山,当前全省高优先级 HOLD 节点｜用于后续真样触发,2871,需人工确认,HIERARCHY_ONLY,unassessed,no,no,no,compound_or_alias_name,00_Inbox/生普产区微产区层级_origin_microregion_全量版_v5_2026-08-17.md:2871,层级工作表节点；不等于购买批次原料已验证；不因本表存在而自动填充 origin_*。
OMR-4312DE305D,南涧 / 山花,,mountain,HIGH,HIGH/南涧 / 山花,当前全省高优先级 HOLD 节点｜用于后续真样触发,2872,需人工确认,HIERARCHY_ONLY,unassessed,no,no,no,compound_or_alias_name,00_Inbox/生普产区微产区层级_origin_microregion_全量版_v5_2026-08-17.md:2872,层级工作表节点；不等于购买批次原料已验证；不因本表存在而自动填充 origin_*。
OMR-3E90F090C0,南涧 / 黄草坝,,待人工判定,HIGH,HIGH/南涧 / 黄草坝,当前全省高优先级 HOLD 节点｜用于后续真样触发,2873,需人工确认,HIERARCHY_ONLY,unassessed,no,no,no,compound_or_alias_name,00_Inbox/生普产区微产区层级_origin_microregion_全量版_v5_2026-08-17.md:2873,层级工作表节点；不等于购买批次原料已验证；不因本表存在而自动填充 origin_*。
OMR-440B33AC58,麻栗坡 / 猛硐 / 茶坪山,,mountain,HIGH,HIGH/麻栗坡 / 猛硐 / 茶坪山,当前全省高优先级 HOLD 节点｜用于后续真样触发,2874,需人工确认,HIERARCHY_ONLY,unassessed,no,no,no,compound_or_alias_name,00_Inbox/生普产区微产区层级_origin_microregion_全量版_v5_2026-08-17.md:2874,层级工作表节点；不等于购买批次原料已验证；不因本表存在而自动填充 origin_*。
OMR-D071225C49,瑞丽 / 等嘎,,待人工判定,HIGH,HIGH/瑞丽 / 等嘎,当前全省高优先级 HOLD 节点｜用于后续真样触发,2875,需人工确认,HIERARCHY_ONLY,unassessed,no,no,no,compound_or_alias_name,00_Inbox/生普产区微产区层级_origin_microregion_全量版_v5_2026-08-17.md:2875,层级工作表节点；不等于购买批次原料已验证；不因本表存在而自动填充 origin_*。
OMR-40D885F7D9,金平 / 马鞍底 / 地西北,,待人工判定,HIGH,HIGH/金平 / 马鞍底 / 地西北,当前全省高优先级 HOLD 节点｜用于后续真样触发,2876,需人工确认,HIERARCHY_ONLY,unassessed,no,no,no,compound_or_alias_name,00_Inbox/生普产区微产区层级_origin_microregion_全量版_v5_2026-08-17.md:2876,层级工作表节点；不等于购买批次原料已验证；不因本表存在而自动填充 origin_*。
OMR-7B562324E8,元阳 / 小新街 / 新鲁沙,,待人工判定,HIGH,HIGH/元阳 / 小新街 / 新鲁沙,当前全省高优先级 HOLD 节点｜用于后续真样触发,2877,需人工确认,HIERARCHY_ONLY,unassessed,no,no,no,compound_or_alias_name,00_Inbox/生普产区微产区层级_origin_microregion_全量版_v5_2026-08-17.md:2877,层级工作表节点；不等于购买批次原料已验证；不因本表存在而自动填充 origin_*。
OMR-F4DCC4A9AA,施甸 / 酒房村 / 亮山号体系,,natural_village,HIGH,HIGH/施甸 / 酒房村 / 亮山号体系,当前全省高优先级 HOLD 节点｜用于后续真样触发,2878,需人工确认,HIERARCHY_ONLY,unassessed,no,no,no,compound_or_alias_name,00_Inbox/生普产区微产区层级_origin_microregion_全量版_v5_2026-08-17.md:2878,层级工作表节点；不等于购买批次原料已验证；不因本表存在而自动填充 origin_*。
OMR-8B8F37CB20,昌宁 / 三岔河,,待人工判定,HIGH,HIGH/昌宁 / 三岔河,当前全省高优先级 HOLD 节点｜用于后续真样触发,2879,需人工确认,HIERARCHY_ONLY,unassessed,no,no,no,compound_or_alias_name,00_Inbox/生普产区微产区层级_origin_microregion_全量版_v5_2026-08-17.md:2879,层级工作表节点；不等于购买批次原料已验证；不因本表存在而自动填充 origin_*。
OMR-7480FD9834,昌宁 / 河尾老寨子,,natural_village,HIGH,HIGH/昌宁 / 河尾老寨子,当前全省高优先级 HOLD 节点｜用于后续真样触发,2880,需人工确认,HIERARCHY_ONLY,unassessed,no,no,no,compound_or_alias_name,00_Inbox/生普产区微产区层级_origin_microregion_全量版_v5_2026-08-17.md:2880,层级工作表节点；不等于购买批次原料已验证；不因本表存在而自动填充 origin_*。
OMR-5A614D0218,腾冲 / 坝外小寨 / 大哈坡 / 窜龙,,natural_village,HIGH,HIGH/腾冲 / 坝外小寨 / 大哈坡 / 窜龙,当前全省高优先级 HOLD 节点｜用于后续真样触发,2881,需人工确认,HIERARCHY_ONLY,unassessed,no,no,no,compound_or_alias_name,00_Inbox/生普产区微产区层级_origin_microregion_全量版_v5_2026-08-17.md:2881,层级工作表节点；不等于购买批次原料已验证；不因本表存在而自动填充 origin_*。
